Timestamp,Device_ID,Device_Type,Parameter_Changed,New_Value,Trigger_Source,Outdoor_Temp_C,Feels_Like_Temp_C,Humidity_Pct,Wind_Speed_kmh,Cloud_Cover_Pct,UV_Index,Is_Raining,Minutes_Since_Sunset,Minutes_To_Sunrise,Is_Daylight,room,device_name,device_kind,Old_Value,previous_automation
2026-01-01 06:20:00,Garden_Irrigation_1,Smart Irrigation Controller,Zone 1 State,On,Human,24.4,20.4,53.0,5.0,21.0,0.0,0,-712.0,52.0,0,,,,,
2026-01-01 06:58:00,LivingRoom_AC_1,Smart Air Conditioner,Target Temperature,24,Human,20.5,21.5,64.0,13.2,25.0,0.0,0,-674.0,14.0,0,,,,,
2026-01-01 06:59:00,LivingRoom_AC_1,Smart Air Conditioner,Operation Mode,Cool,Human,23.3,22.0,54.0,5.4,9.0,0.0,0,-673.0,13.0,0,,,,,
2026-01-01 07:00:00,LivingRoom_AC_1,Smart Air Conditioner,Fan Speed,Med,Human,27.9,19.7,46.0,17.0,9.0,0.0,0,-672.0,12.0,0,,,,,
2026-01-01 07:22:58,LivingRoom_Blinds_1,Smart Blinds / Shades,Open/Close Percentage,71,Human,22.0,15.9,56.0,7.7,9.0,0.0,0,-649.0,-11.0,1,,,,,
2026-01-01 08:04:00,Kitchen_Speaker_1,Smart Speaker / Receiver,Playback State,Play,Human,23.9,17.5,58.0,15.4,20.0,5.0,0,-608.0,-52.0,1,,,,,
2026-01-01 08:05:00,Kitchen_Speaker_1,Smart Speaker / Receiver,Volume Level,30,Human,25.6,21.9,46.0,18.3,21.0,6.2,0,-607.0,-53.0,1,,,,,
2026-01-01 08:57:00,Kitchen_Speaker_1,Smart Speaker / Receiver,Playback State,Stop,Human,25.0,18.6,46.0,9.7,22.0,4.4,0,-555.0,-105.0,1,,,,,
2026-01-01 18:00:00,LivingRoom_LED_1,Smart LED Bulb,Brightness,50,Automation,20.9,22.4,61.0,4.9,21.0,0.0,0,-12.0,-648.0,1,,,,,
2026-01-01 18:08:00,LivingRoom_Blinds_1,Smart Blinds / Shades,Open/Close Percentage,0,Human,23.4,20.5,61.0,15.1,16.0,0.0,0,-4.0,-656.0,1,,,,,
2026-01-01 18:25:00,LivingRoom_LED_1,Smart LED Bulb,Power State,On,Human,19.8,19.2,54.0,13.9,18.0,0.0,0,13.0,-673.0,0,,,,,
2026-01-01 18:26:00,LivingRoom_LED_1,Smart LED Bulb,Brightness,65,Human,23.2,16.2,54.0,11.8,13.0,0.0,0,14.0,-674.0,0,,,,,
2026-01-01 18:27:00,LivingRoom_LED_1,Smart LED Bulb,Color Temperature,3500,Human,20.3,25.3,54.0,15.4,32.0,0.0,0,15.0,-675.0,0,,,,,
2026-01-01 19:05:00,TV_Plug_1,Smart Plug / Outlet,Switch State,On,Human,21.2,21.5,51.0,16.9,9.0,0.0,0,53.0,-713.0,0,,,,,
2026-01-01 21:50:00,Bedroom_LED_2,Smart LED Bulb,Power State,On,Human,21.9,18.7,59.0,7.3,27.0,0.0,0,218.0,-720.0,0,,,,,
2026-01-01 21:51:00,Bedroom_LED_2,Smart LED Bulb,Brightness,50,Human,22.7,20.5,50.0,18.2,16.0,0.0,0,219.0,-720.0,0,,,,,
2026-01-01 21:52:00,Bedroom_LED_2,Smart LED Bulb,Color Temperature,2700,Human,24.1,18.9,56.0,16.2,24.0,0.0,0,220.0,-720.0,0,,,,,
2026-01-01 22:21:00,Bedroom_AC_2,Smart Air Conditioner,Target Temperature,21,Human,23.5,22.3,59.0,11.4,32.0,0.0,0,249.0,-720.0,0,,,,,
2026-01-01 22:22:00,Bedroom_AC_2,Smart Air Conditioner,Operation Mode,Cool,Human,22.3,22.6,50.0,11.5,13.0,0.0,0,250.0,-720.0,0,,,,,
2026-01-01 22:35:00,FrontDoor_Cam_1,Security Camera,Privacy Mode,Enabled,Human,24.3,17.5,64.0,15.6,18.0,0.0,0,263.0,-720.0,0,,,,,
2026-01-01 23:04:00,LivingRoom_LED_1,Smart LED Bulb,Power State,Off,Human,21.6,21.3,54.0,18.1,29.0,0.0,0,292.0,-720.0,0,,,,,
2026-01-01 23:06:00,TV_Plug_1,Smart Plug / Outlet,Switch State,Off,Human,24.4,23.2,47.0,17.6,9.0,0.0,0,294.0,-720.0,0,,,,,
2026-01-01 23:07:00,Bedroom_Plug_1,Smart Plug / Outlet,Switch State,Off,Human,23.3,22.8,46.0,14.4,34.0,0.0,0,295.0,-720.0,0,,,,,
2026-01-02 06:28:00,Garden_Irrigation_1,Smart Irrigation Controller,Zone 1 State,On,Human,22.4,17.7,48.0,13.4,18.0,0.0,0,-704.6,44.3,0,,,,,
2026-01-02 07:04:00,LivingRoom_AC_1,Smart Air Conditioner,Target Temperature,23,Human,19.9,18.2,64.0,12.9,13.0,0.0,0,-668.6,8.3,0,,,,,
2026-01-02 07:05:00,LivingRoom_AC_1,Smart Air Conditioner,Operation Mode,Cool,Human,21.5,22.1,54.0,10.7,16.0,0.0,0,-667.6,7.3,0,,,,,
2026-01-02 07:06:00,LivingRoom_AC_1,Smart Air Conditioner,Fan Speed,High,Human,24.5,19.2,52.0,8.7,18.0,0.0,0,-666.6,6.3,0,,,,,
2026-01-02 07:37:18,LivingRoom_Blinds_1,Smart Blinds / Shades,Open/Close Percentage,89,Human,23.7,16.6,48.0,11.6,15.0,0.0,0,-635.3,-25.0,1,,,,,
2026-01-02 08:02:00,Kitchen_Speaker_1,Smart Speaker / Receiver,Playback State,Play,Human,23.0,20.5,45.0,1.8,11.0,5.8,0,-610.6,-49.7,1,,,,,
2026-01-02 08:03:00,Kitchen_Speaker_1,Smart Speaker / Receiver,Volume Level,30,Human,23.5,22.2,56.0,12.7,5.0,5.9,0,-609.6,-50.7,1,,,,,
2026-01-02 08:55:00,Kitchen_Speaker_1,Smart Speaker / Receiver,Playback State,Stop,Human,23.1,18.8,64.0,12.9,17.0,5.0,0,-557.6,-102.7,1,,,,,
2026-01-02 12:00:00,LivingRoom_AC_1,Smart Air Conditioner,Target Temperature,26,Automation,21.3,21.7,64.0,6.0,9.0,7.3,0,-372.6,-287.7,1,,,,,
2026-01-02 17:55:37,LivingRoom_Blinds_1,Smart Blinds / Shades,Open/Close Percentage,0,Human,24.6,22.7,56.0,14.3,5.0,7.0,0,-17.0,-643.3,1,,,,,
2026-01-02 18:24:37,LivingRoom_LED_1,Smart LED Bulb,Power State,On,Human,22.2,21.5,47.0,13.2,7.0,0.0,0,12.0,-672.3,0,,,,,
2026-01-02 18:25:37,LivingRoom_LED_1,Smart LED Bulb,Brightness,65,Human,22.6,23.1,56.0,15.3,34.0,0.0,0,13.0,-673.3,0,,,,,
2026-01-02 18:26:37,LivingRoom_LED_1,Smart LED Bulb,Color Temperature,3000,Human,21.0,21.0,63.0,10.1,13.0,0.0,0,14.0,-674.3,0,,,,,
2026-01-02 18:52:37,TV_Plug_1,Smart Plug / Outlet,Switch State,On,Human,19.7,21.3,54.0,11.3,19.0,0.0,0,40.0,-700.3,0,,,,,
2026-01-02 21:56:00,Bedroom_LED_2,Smart LED Bulb,Power State,On,Human,20.7,17.4,60.0,7.3,29.0,0.0,0,223.4,-720.0,0,,,,,
2026-01-02 21:57:00,Bedroom_LED_2,Smart LED Bulb,Brightness,40,Human,24.4,21.7,50.0,10.4,13.0,0.0,0,224.4,-720.0,0,,,,,
2026-01-02 21:58:00,Bedroom_LED_2,Smart LED Bulb,Color Temperature,3000,Human,21.0,19.3,58.0,14.3,20.0,0.0,0,225.4,-720.0,0,,,,,
2026-01-02 22:18:00,Bedroom_AC_2,Smart Air Conditioner,Target Temperature,21,Human,25.1,18.2,47.0,8.4,26.0,0.0,0,245.4,-720.0,0,,,,,
2026-01-02 22:19:00,Bedroom_AC_2,Smart Air Conditioner,Operation Mode,Cool,Human,23.3,24.6,52.0,11.1,15.0,0.0,0,246.4,-720.0,0,,,,,
2026-01-02 22:40:00,FrontDoor_Cam_1,Security Camera,Privacy Mode,Disabled,Human,23.5,22.4,59.0,15.4,10.0,0.0,0,267.4,-720.0,0,,,,,
2026-01-02 23:05:00,LivingRoom_LED_1,Smart LED Bulb,Power State,Off,Human,26.4,18.9,53.0,13.2,27.0,0.0,0,292.4,-720.0,0,,,,,
2026-01-02 23:07:00,TV_Plug_1,Smart Plug / Outlet,Switch State,Off,Human,21.6,19.6,57.0,12.7,29.0,0.0,0,294.4,-720.0,0,,,,,
2026-01-02 23:08:00,Bedroom_Plug_1,Smart Plug / Outlet,Switch State,Off,Human,26.9,20.4,45.0,18.4,9.0,0.0,0,295.4,-720.0,0,,,,,
2026-01-03 06:28:00,Garden_Irrigation_1,Smart Irrigation Controller,Zone 1 State,On,Human,20.0,22.4,62.0,10.0,12.0,0.0,0,-705.2,44.6,0,,,,,
2026-01-03 08:52:00,Hallway_Vacuum_1,Robot Vacuum,Cleaning State,Clean,Human,21.9,22.5,61.0,15.4,26.0,5.6,1,-561.2,-99.4,1,,,,,
2026-01-03 08:53:00,Hallway_Vacuum_1,Robot Vacuum,Suction Power,Max,Human,26.1,20.2,51.0,14.6,31.0,5.8,0,-560.2,-100.4,1,,,,,
2026-01-03 14:22:00,LivingRoom_AC_1,Smart Air Conditioner,Target Temperature,22,Human,21.6,22.1,45.0,12.2,20.0,4.4,0,-231.2,-429.4,1,,,,,
2026-01-03 14:23:00,LivingRoom_AC_1,Smart Air Conditioner,Operation Mode,Cool,Human,23.9,19.7,48.0,12.1,22.0,5.1,0,-230.2,-430.4,1,,,,,
2026-01-03 18:29:14,LivingRoom_LED_1,Smart LED Bulb,Power State,On,Human,21.9,23.9,49.0,18.0,26.0,0.0,0,16.0,-676.6,0,,,,,
2026-01-03 18:30:14,LivingRoom_LED_1,Smart LED Bulb,Brightness,70,Human,20.5,24.7,51.0,14.8,34.0,0.0,0,17.0,-677.6,0,,,,,
2026-01-03 18:31:14,LivingRoom_LED_1,Smart LED Bulb,Color Temperature,3500,Human,21.4,23.3,50.0,5.0,11.0,0.0,0,18.0,-678.6,0,,,,,
2026-01-03 19:01:14,TV_Plug_1,Smart Plug / Outlet,Switch State,On,Human,22.7,21.9,57.0,11.3,6.0,0.0,0,48.0,-708.6,0,,,,,
2026-01-03 22:05:00,Bedroom_LED_2,Smart LED Bulb,Power State,On,Human,18.0,22.4,46.0,11.0,17.0,0.0,0,231.8,-720.0,0,,,,,
2026-01-03 22:06:00,Bedroom_LED_2,Smart LED Bulb,Brightness,40,Human,22.0,20.1,48.0,14.9,29.0,0.0,0,232.8,-720.0,0,,,,,
2026-01-03 22:07:00,Bedroom_LED_2,Smart LED Bulb,Color Temperature,3000,Human,16.7,18.5,52.0,24.1,5.0,0.0,0,233.8,-720.0,0,,,,,
2026-01-03 22:28:00,Bedroom_AC_2,Smart Air Conditioner,Target Temperature,21,Human,21.0,19.1,56.0,13.6,17.0,0.0,0,254.8,-720.0,0,,,,,
2026-01-03 22:29:00,Bedroom_AC_2,Smart Air Conditioner,Operation Mode,Cool,Human,20.0,21.5,45.0,12.6,33.0,0.0,0,255.8,-720.0,0,,,,,
2026-01-03 22:46:00,LivingRoom_LED_1,Smart LED Bulb,Power State,Off,Human,22.9,23.7,52.0,9.9,12.0,0.0,0,272.8,-720.0,0,,,,,
2026-01-03 22:48:00,TV_Plug_1,Smart Plug / Outlet,Switch State,Off,Human,20.9,20.2,50.0,12.0,19.0,0.0,0,274.8,-720.0,0,,,,,
2026-01-03 22:49:00,Bedroom_Plug_1,Smart Plug / Outlet,Switch State,Off,Human,20.2,21.8,53.0,11.5,24.0,0.0,0,275.8,-720.0,0,,,,,
2026-01-03 22:50:00,FrontDoor_Cam_1,Security Camera,Privacy Mode,Enabled,Human,22.9,18.4,53.0,10.9,13.0,0.0,0,276.8,-720.0,0,,,,,
2026-01-04 06:26:00,Garden_Irrigation_1,Smart Irrigation Controller,Zone 1 State,On,Human,22.0,22.6,46.0,12.2,21.0,0.0,0,-707.9,46.9,0,,,,,
2026-01-04 14:35:00,LivingRoom_AC_1,Smart Air Conditioner,Target Temperature,22,Human,23.7,20.4,58.0,11.2,28.0,4.7,0,-218.9,-442.1,1,,,,,
2026-01-04 14:36:00,LivingRoom_AC_1,Smart Air Conditioner,Operation Mode,Fan,Human,22.6,19.6,48.0,15.6,9.0,6.8,0,-217.9,-443.1,1,,,,,
2026-01-04 18:24:51,LivingRoom_LED_1,Smart LED Bulb,Power State,On,Human,20.0,19.9,50.0,13.7,11.0,0.0,0,11.0,-671.9,0,,,,,
2026-01-04 18:25:51,LivingRoom_LED_1,Smart LED Bulb,Brightness,70,Human,22.3,18.5,63.0,16.8,19.0,0.0,0,12.0,-672.9,0,,,,,
2026-01-04 18:26:51,LivingRoom_LED_1,Smart LED Bulb,Color Temperature,3000,Human,22.4,21.8,45.0,5.1,19.0,0.0,0,13.0,-673.9,0,,,,,
2026-01-04 19:01:51,TV_Plug_1,Smart Plug / Outlet,Switch State,On,Human,23.3,20.1,56.0,21.0,7.0,0.0,0,48.0,-708.9,0,,,,,
2026-01-04 21:54:00,Bedroom_LED_2,Smart LED Bulb,Power State,On,Human,20.7,21.1,56.0,5.8,13.0,0.0,0,220.1,-720.0,0,,,,,
2026-01-04 21:55:00,Bedroom_LED_2,Smart LED Bulb,Brightness,40,Human,24.2,21.1,50.0,10.8,6.0,0.0,1,221.1,-720.0,0,,,,,
2026-01-04 21:56:00,Bedroom_LED_2,Smart LED Bulb,Color Temperature,3000,Human,23.2,21.7,54.0,12.9,18.0,0.0,0,222.1,-720.0,0,,,,,
2026-01-04 22:25:00,Bedroom_AC_2,Smart Air Conditioner,Target Temperature,21,Human,25.1,19.3,60.0,8.0,31.0,0.0,0,251.1,-720.0,0,,,,,
2026-01-04 22:26:00,Bedroom_AC_2,Smart Air Conditioner,Operation Mode,Fan,Human,22.0,22.3,64.0,8.6,23.0,0.0,0,252.1,-720.0,0,,,,,
2026-01-04 22:38:00,FrontDoor_Cam_1,Security Camera,Privacy Mode,Disabled,Human,20.9,21.7,57.0,11.7,7.0,0.0,0,264.1,-720.0,0,,,,,
2026-01-04 22:56:00,LivingRoom_LED_1,Smart LED Bulb,Power State,Off,Human,19.8,23.0,49.0,24.9,31.0,0.0,0,282.1,-720.0,0,,,,,
2026-01-04 22:58:00,TV_Plug_1,Smart Plug / Outlet,Switch State,Off,Human,22.0,21.5,50.0,8.0,17.0,0.0,0,284.1,-720.0,0,,,,,
2026-01-04 22:59:00,Bedroom_Plug_1,Smart Plug / Outlet,Switch State,Off,Human,21.8,22.0,56.0,9.0,23.0,0.0,0,285.1,-720.0,0,,,,,
2026-01-05 06:22:00,Garden_Irrigation_1,Smart Irrigation Controller,Zone 1 State,On,Human,22.7,21.5,57.0,12.8,24.0,0.0,0,-712.5,51.2,0,,,,,
2026-01-05 06:50:00,LivingRoom_AC_1,Smart Air Conditioner,Target Temperature,24,Human,22.7,18.9,49.0,10.0,12.0,0.0,0,-684.5,23.2,0,,,,,
2026-01-05 06:51:00,LivingRoom_AC_1,Smart Air Conditioner,Operation Mode,Cool,Human,19.6,22.7,54.0,12.5,26.0,0.0,0,-683.5,22.2,0,,,,,
2026-01-05 06:52:00,LivingRoom_AC_1,Smart Air Conditioner,Fan Speed,Low,Human,24.4,22.8,45.0,15.5,5.0,0.0,0,-682.5,21.2,0,,,,,
2026-01-05 07:29:11,LivingRoom_Blinds_1,Smart Blinds / Shades,Open/Close Percentage,87,Human,20.0,19.2,55.0,19.7,20.0,0.0,0,-645.3,-16.0,1,,,,,
2026-01-05 08:08:00,Kitchen_Speaker_1,Smart Speaker / Receiver,Playback State,Play,Human,21.6,21.3,52.0,8.4,26.0,6.6,0,-606.5,-54.8,1,,,,,
2026-01-05 08:09:00,Kitchen_Speaker_1,Smart Speaker / Receiver,Volume Level,40,Human,21.2,22.9,46.0,14.0,29.0,4.2,0,-605.5,-55.8,1,,,,,
2026-01-05 08:57:00,Kitchen_Speaker_1,Smart Speaker / Receiver,Playback State,Stop,Human,23.9,23.1,50.0,12.2,9.0,5.6,0,-557.5,-103.8,1,,,,,
2026-01-05 12:00:00,LivingRoom_AC_1,Smart Air Conditioner,Target Temperature,26,Automation,21.6,19.6,54.0,16.4,24.0,4.0,0,-374.5,-286.8,1,,,,,
2026-01-05 17:58:29,LivingRoom_Blinds_1,Smart Blinds / Shades,Open/Close Percentage,0,Human,20.6,18.5,59.0,10.5,10.0,4.9,0,-16.0,-645.3,1,,,,,
2026-01-05 18:00:00,LivingRoom_LED_1,Smart LED Bulb,Brightness,50,Automation,24.2,17.8,53.0,14.9,26.0,0.0,0,-14.5,-646.8,1,,,,,
2026-01-05 18:29:29,LivingRoom_LED_1,Smart LED Bulb,Power State,On,Human,25.8,20.4,60.0,8.6,34.0,0.0,0,15.0,-676.3,0,,,,,
2026-01-05 18:30:29,LivingRoom_LED_1,Smart LED Bulb,Brightness,80,Human,24.5,19.7,55.0,10.0,8.0,0.0,0,16.0,-677.3,0,,,,,
2026-01-05 18:31:29,LivingRoom_LED_1,Smart LED Bulb,Color Temperature,2700,Human,20.8,19.8,47.0,9.7,16.0,0.0,1,17.0,-678.3,0,,,,,
2026-01-05 19:11:29,TV_Plug_1,Smart Plug / Outlet,Switch State,On,Human,22.3,23.0,55.0,14.0,13.0,0.0,0,57.0,-718.3,0,,,,,
2026-01-05 22:03:00,Bedroom_LED_2,Smart LED Bulb,Power State,On,Human,21.9,22.8,45.0,12.1,12.0,0.0,0,228.5,-720.0,0,,,,,
2026-01-05 22:04:00,Bedroom_LED_2,Smart LED Bulb,Brightness,30,Human,23.4,21.6,48.0,9.0,15.0,0.0,0,229.5,-720.0,0,,,,,
2026-01-05 22:05:00,Bedroom_LED_2,Smart LED Bulb,Color Temperature,2700,Human,19.1,25.4,61.0,9.5,30.0,0.0,0,230.5,-720.0,0,,,,,
2026-01-05 22:24:00,Bedroom_AC_2,Smart Air Conditioner,Target Temperature,21,Human,20.3,21.7,45.0,14.0,7.0,0.0,0,249.5,-720.0,0,,,,,
2026-01-05 22:25:00,Bedroom_AC_2,Smart Air Conditioner,Operation Mode,Cool,Human,23.7,20.7,60.0,12.8,31.0,0.0,0,250.5,-720.0,0,,,,,
2026-01-05 22:46:00,LivingRoom_LED_1,Smart LED Bulb,Power State,Off,Human,25.2,19.6,49.0,9.9,19.0,0.0,0,271.5,-720.0,0,,,,,
2026-01-05 22:48:00,TV_Plug_1,Smart Plug / Outlet,Switch State,Off,Human,25.1,22.9,49.0,9.8,27.0,0.0,0,273.5,-720.0,0,,,,,
2026-01-05 22:49:00,Bedroom_Plug_1,Smart Plug / Outlet,Switch State,Off,Human,24.4,19.4,58.0,12.7,6.0,0.0,0,274.5,-720.0,0,,,,,
2026-01-05 22:50:00,FrontDoor_Cam_1,Security Camera,Privacy Mode,Disabled,Human,20.0,21.2,51.0,17.8,25.0,0.0,0,275.5,-720.0,0,,,,,
2026-01-06 06:23:00,Garden_Irrigation_1,Smart Irrigation Controller,Zone 1 State,On,Human,23.4,18.7,57.0,11.3,20.0,0.0,0,-712.1,50.4,0,,,,,
2026-01-06 06:48:00,LivingRoom_AC_1,Smart Air Conditioner,Target Temperature,22,Human,23.2,20.7,47.0,7.1,27.0,0.0,0,-687.1,25.4,0,,,,,
2026-01-06 06:49:00,LivingRoom_AC_1,Smart Air Conditioner,Operation Mode,Cool,Human,19.7,17.8,63.0,9.4,11.0,0.0,0,-686.1,24.4,0,,,,,
2026-01-06 06:50:00,LivingRoom_AC_1,Smart Air Conditioner,Fan Speed,High,Human,19.4,19.4,51.0,14.8,20.0,0.0,0,-685.1,23.4,0,,,,,
2026-01-06 07:33:26,LivingRoom_Blinds_1,Smart Blinds / Shades,Open/Close Percentage,79,Human,17.4,22.6,63.0,12.6,27.0,0.0,0,-641.7,-20.0,1,,,,,
2026-01-06 08:03:00,Kitchen_Speaker_1,Smart Speaker / Receiver,Playback State,Play,Human,19.7,19.9,58.0,11.2,21.0,5.8,1,-612.1,-49.6,1,,,,,
2026-01-06 08:04:00,Kitchen_Speaker_1,Smart Speaker / Receiver,Volume Level,35,Human,22.3,19.3,47.0,15.8,11.0,6.5,0,-611.1,-50.6,1,,,,,
2026-01-06 09:07:00,Kitchen_Speaker_1,Smart Speaker / Receiver,Playback State,Stop,Human,22.6,19.1,49.0,8.2,11.0,6.6,0,-548.1,-113.6,1,,,,,
2026-01-06 12:00:00,LivingRoom_AC_1,Smart Air Conditioner,Target Temperature,26,Automation,25.1,19.9,54.0,13.6,14.0,7.3,0,-375.1,-286.6,1,,,,,
2026-01-06 17:59:07,LivingRoom_Blinds_1,Smart Blinds / Shades,Open/Close Percentage,10,Human,24.3,22.1,63.0,11.8,22.0,6.0,0,-16.0,-645.7,1,,,,,
2026-01-06 18:30:07,LivingRoom_LED_1,Smart LED Bulb,Power State,On,Human,19.7,21.8,57.0,19.5,25.0,0.0,0,15.0,-676.7,0,,,,,
2026-01-06 18:31:07,LivingRoom_LED_1,Smart LED Bulb,Brightness,70,Human,18.6,18.8,61.0,8.9,8.0,0.0,0,16.0,-677.7,0,,,,,
2026-01-06 18:32:07,LivingRoom_LED_1,Smart LED Bulb,Color Temperature,3000,Human,20.8,22.1,61.0,6.4,14.0,0.0,0,17.0,-678.7,0,,,,,
2026-01-06 19:02:07,TV_Plug_1,Smart Plug / Outlet,Switch State,On,Human,22.9,20.6,51.0,12.4,10.0,0.0,0,47.0,-708.7,0,,,,,
2026-01-06 21:57:00,Bedroom_LED_2,Smart LED Bulb,Power State,On,Human,22.2,22.4,52.0,8.1,15.0,0.0,0,221.9,-720.0,0,,,,,
2026-01-06 21:58:00,Bedroom_LED_2,Smart LED Bulb,Brightness,40,Human,21.4,21.6,45.0,14.5,25.0,0.0,0,222.9,-720.0,0,,,,,
2026-01-06 21:59:00,Bedroom_LED_2,Smart LED Bulb,Color Temperature,3000,Human,20.8,21.5,54.0,15.2,10.0,0.0,1,223.9,-720.0,0,,,,,
2026-01-06 22:17:00,Bedroom_AC_2,Smart Air Conditioner,Target Temperature,21,Human,19.7,19.4,58.0,10.5,16.0,0.0,1,241.9,-720.0,0,,,,,
2026-01-06 22:18:00,Bedroom_AC_2,Smart Air Conditioner,Operation Mode,Fan,Human,22.7,25.1,55.0,11.7,34.0,0.0,0,242.9,-720.0,0,,,,,
2026-01-06 22:54:00,FrontDoor_Cam_1,Security Camera,Privacy Mode,Disabled,Human,18.8,25.1,59.0,8.9,15.0,0.0,0,278.9,-720.0,0,,,,,
2026-01-06 23:14:00,LivingRoom_LED_1,Smart LED Bulb,Power State,Off,Human,19.8,18.8,53.0,11.5,12.0,0.0,0,298.9,-720.0,0,,,,,
2026-01-06 23:16:00,TV_Plug_1,Smart Plug / Outlet,Switch State,Off,Human,21.4,22.3,47.0,6.4,6.0,0.0,0,300.9,-720.0,0,,,,,
2026-01-06 23:17:00,Bedroom_Plug_1,Smart Plug / Outlet,Switch State,Off,Human,24.5,24.7,48.0,18.2,17.0,0.0,0,301.9,-720.0,0,,,,,
2026-01-07 06:30:00,Garden_Irrigation_1,Smart Irrigation Controller,Zone 1 State,On,Human,21.0,20.5,61.0,18.9,10.0,0.0,0,-705.8,43.7,0,,,,,
2026-01-07 06:55:00,LivingRoom_AC_1,Smart Air Conditioner,Target Temperature,22,Human,21.5,19.2,54.0,6.9,12.0,0.0,0,-680.8,18.7,0,,,,,
2026-01-07 06:56:00,LivingRoom_AC_1,Smart Air Conditioner,Operation Mode,Cool,Human,21.9,19.9,45.0,12.7,28.0,0.0,0,-679.8,17.7,0,,,,,
2026-01-07 06:57:00,LivingRoom_AC_1,Smart Air Conditioner,Fan Speed,Low,Human,19.1,20.5,53.0,12.2,21.0,0.0,0,-678.8,16.7,0,,,,,
2026-01-07 07:23:41,LivingRoom_Blinds_1,Smart Blinds / Shades,Open/Close Percentage,82,Human,24.0,20.1,62.0,15.0,17.0,0.0,0,-652.1,-10.0,1,,,,,
2026-01-07 08:09:00,Kitchen_Speaker_1,Smart Speaker / Receiver,Playback State,Play,Human,20.5,21.7,55.0,9.5,24.0,6.9,0,-606.8,-55.3,1,,,,,
2026-01-07 08:10:00,Kitchen_Speaker_1,Smart Speaker / Receiver,Volume Level,40,Human,21.7,18.8,53.0,3.6,13.0,4.8,0,-605.8,-56.3,1,,,,,
2026-01-07 08:50:00,Kitchen_Speaker_1,Smart Speaker / Receiver,Playback State,Stop,Human,21.5,21.7,57.0,10.2,27.0,4.1,0,-565.8,-96.3,1,,,,,
2026-01-07 18:15:45,LivingRoom_Blinds_1,Smart Blinds / Shades,Open/Close Percentage,0,Human,23.4,22.1,63.0,20.8,28.0,0.0,0,0.0,-662.1,1,,,,,
2026-01-07 18:27:45,LivingRoom_LED_1,Smart LED Bulb,Power State,On,Human,23.5,18.6,46.0,16.0,34.0,0.0,0,12.0,-674.1,0,,,,,
2026-01-07 18:28:45,LivingRoom_LED_1,Smart LED Bulb,Brightness,70,Human,22.8,23.6,47.0,9.2,15.0,0.0,0,13.0,-675.1,0,,,,,
2026-01-07 18:29:45,LivingRoom_LED_1,Smart LED Bulb,Color Temperature,2700,Human,24.5,22.8,47.0,11.1,28.0,0.0,0,14.0,-676.1,0,,,,,
2026-01-07 19:03:45,TV_Plug_1,Smart Plug / Outlet,Switch State,On,Human,19.1,18.6,56.0,12.6,25.0,0.0,0,48.0,-710.1,0,,,,,
2026-01-07 21:59:00,Bedroom_LED_2,Smart LED Bulb,Power State,On,Human,26.2,19.5,49.0,13.3,23.0,0.0,0,223.2,-720.0,0,,,,,
2026-01-07 22:00:00,Bedroom_LED_2,Smart LED Bulb,Brightness,40,Human,23.2,24.4,59.0,7.7,23.0,0.0,0,224.2,-720.0,0,,,,,
2026-01-07 22:01:00,Bedroom_LED_2,Smart LED Bulb,Color Temperature,3000,Human,20.3,16.7,59.0,4.4,27.0,0.0,0,225.2,-720.0,0,,,,,
2026-01-07 22:24:00,Bedroom_AC_2,Smart Air Conditioner,Target Temperature,21,Human,20.0,18.5,49.0,13.6,17.0,0.0,0,248.2,-720.0,0,,,,,
2026-01-07 22:25:00,Bedroom_AC_2,Smart Air Conditioner,Operation Mode,Cool,Human,20.4,23.9,51.0,9.3,30.0,0.0,0,249.2,-720.0,0,,,,,
2026-01-07 22:42:00,FrontDoor_Cam_1,Security Camera,Privacy Mode,Enabled,Human,23.7,21.6,56.0,12.5,29.0,0.0,1,266.2,-720.0,0,,,,,
2026-01-07 23:04:00,LivingRoom_LED_1,Smart LED Bulb,Power State,Off,Human,23.6,17.4,45.0,7.0,23.0,0.0,0,288.2,-720.0,0,,,,,
2026-01-07 23:06:00,TV_Plug_1,Smart Plug / Outlet,Switch State,Off,Human,17.2,24.0,46.0,19.7,21.0,0.0,0,290.2,-720.0,0,,,,,
2026-01-07 23:07:00,Bedroom_Plug_1,Smart Plug / Outlet,Switch State,Off,Human,24.2,23.0,47.0,12.1,13.0,0.0,0,291.2,-720.0,0,,,,,
2026-01-08 06:31:00,Garden_Irrigation_1,Smart Irrigation Controller,Zone 1 State,On,Human,21.6,23.3,57.0,12.4,9.0,0.0,0,-705.4,42.9,0,,,,,
2026-01-08 07:04:00,LivingRoom_AC_1,Smart Air Conditioner,Target Temperature,22,Human,23.3,17.5,45.0,0.0,12.0,0.0,0,-672.4,9.9,0,,,,,
2026-01-08 07:05:00,LivingRoom_AC_1,Smart Air Conditioner,Operation Mode,Cool,Human,19.8,17.3,62.0,9.3,13.0,0.0,0,-671.4,8.9,0,,,,,
2026-01-08 07:06:00,LivingRoom_AC_1,Smart Air Conditioner,Fan Speed,Med,Human,20.5,20.0,59.0,12.1,5.0,0.0,0,-670.4,7.9,0,,,,,
2026-01-08 07:32:54,LivingRoom_Blinds_1,Smart Blinds / Shades,Open/Close Percentage,91,Human,19.3,21.7,46.0,8.2,22.0,0.0,0,-643.5,-19.0,1,,,,,
2026-01-08 07:52:00,Kitchen_Speaker_1,Smart Speaker / Receiver,Playback State,Play,Human,20.3,21.4,58.0,10.8,12.0,0.0,0,-624.4,-38.1,1,,,,,
2026-01-08 07:53:00,Kitchen_Speaker_1,Smart Speaker / Receiver,Volume Level,30,Human,22.8,24.0,59.0,9.7,17.0,0.0,0,-623.4,-39.1,1,,,,,
2026-01-08 08:52:00,Kitchen_Speaker_1,Smart Speaker / Receiver,Playback State,Stop,Human,21.6,22.0,60.0,7.8,8.0,6.5,0,-564.4,-98.1,1,,,,,
2026-01-08 17:57:23,LivingRoom_Blinds_1,Smart Blinds / Shades,Open/Close Percentage,0,Human,21.3,18.4,55.0,9.7,19.0,6.0,0,-19.0,-643.5,1,,,,,
2026-01-08 18:00:00,LivingRoom_LED_1,Smart LED Bulb,Brightness,50,Automation,26.0,19.7,49.0,11.6,14.0,0.0,0,-16.4,-646.1,1,,,,,
2026-01-08 18:32:23,LivingRoom_LED_1,Smart LED Bulb,Power State,On,Human,23.6,17.1,61.0,6.7,16.0,0.0,0,16.0,-678.5,0,,,,,
2026-01-08 18:33:23,LivingRoom_LED_1,Smart LED Bulb,Brightness,60,Human,22.9,20.3,63.0,14.3,28.0,0.0,0,17.0,-679.5,0,,,,,
2026-01-08 18:34:23,LivingRoom_LED_1,Smart LED Bulb,Color Temperature,3000,Human,21.5,23.4,58.0,12.9,31.0,0.0,0,18.0,-680.5,0,,,,,
2026-01-08 18:56:23,TV_Plug_1,Smart Plug / Outlet,Switch State,On,Human,19.5,21.0,58.0,13.2,29.0,0.0,0,40.0,-702.5,0,,,,,
2026-01-08 22:08:00,Bedroom_LED_2,Smart LED Bulb,Power State,On,Human,16.8,18.0,52.0,12.1,16.0,0.0,0,231.6,-720.0,0,,,,,
2026-01-08 22:09:00,Bedroom_LED_2,Smart LED Bulb,Brightness,40,Human,25.0,23.1,50.0,9.5,6.0,0.0,0,232.6,-720.0,0,,,,,
2026-01-08 22:10:00,Bedroom_LED_2,Smart LED Bulb,Color Temperature,2700,Human,23.9,21.3,53.0,16.6,14.0,0.0,0,233.6,-720.0,0,,,,,
2026-01-08 22:36:00,Bedroom_AC_2,Smart Air Conditioner,Target Temperature,21,Human,21.9,19.5,50.0,19.6,21.0,0.0,0,259.6,-720.0,0,,,,,
2026-01-08 22:37:00,Bedroom_AC_2,Smart Air Conditioner,Operation Mode,Cool,Human,23.7,20.4,50.0,18.1,8.0,0.0,0,260.6,-720.0,0,,,,,
2026-01-08 22:50:00,FrontDoor_Cam_1,Security Camera,Privacy Mode,Enabled,Human,23.5,19.8,64.0,5.6,19.0,0.0,0,273.6,-720.0,0,,,,,
2026-01-08 23:08:00,LivingRoom_LED_1,Smart LED Bulb,Power State,Off,Human,23.7,20.2,58.0,17.4,16.0,0.0,0,291.6,-720.0,0,,,,,
2026-01-08 23:10:00,TV_Plug_1,Smart Plug / Outlet,Switch State,Off,Human,22.0,22.1,52.0,9.5,8.0,0.0,0,293.6,-720.0,0,,,,,
2026-01-08 23:11:00,Bedroom_Plug_1,Smart Plug / Outlet,Switch State,Off,Human,20.6,19.8,64.0,13.1,21.0,0.0,0,294.6,-720.0,0,,,,,
2026-01-09 06:20:00,Garden_Irrigation_1,Smart Irrigation Controller,Zone 1 State,On,Human,21.5,26.2,64.0,9.0,27.0,0.0,0,-717.0,54.1,0,,,,,
2026-01-09 07:05:00,LivingRoom_AC_1,Smart Air Conditioner,Target Temperature,23,Human,21.6,20.4,55.0,9.2,22.0,0.0,0,-672.0,9.1,0,,,,,
2026-01-09 07:06:00,LivingRoom_AC_1,Smart Air Conditioner,Operation Mode,Cool,Human,23.0,22.0,64.0,7.7,31.0,0.0,0,-671.0,8.1,0,,,,,
2026-01-09 07:07:00,LivingRoom_AC_1,Smart Air Conditioner,Fan Speed,Med,Human,21.6,19.9,57.0,11.8,33.0,0.0,0,-670.0,7.1,0,,,,,
2026-01-09 07:31:06,LivingRoom_Blinds_1,Smart Blinds / Shades,Open/Close Percentage,92,Human,20.9,17.5,45.0,9.9,9.0,0.0,0,-645.9,-17.0,1,,,,,
2026-01-09 08:04:00,Kitchen_Speaker_1,Smart Speaker / Receiver,Playback State,Play,Human,23.8,22.3,60.0,8.6,26.0,4.3,0,-613.0,-49.9,1,,,,,
2026-01-09 08:05:00,Kitchen_Speaker_1,Smart Speaker / Receiver,Volume Level,35,Human,22.8,22.5,53.0,2.4,30.0,6.0,0,-612.0,-50.9,1,,,,,
2026-01-09 09:05:00,Kitchen_Speaker_1,Smart Speaker / Receiver,Playback State,Stop,Human,19.4,18.9,59.0,12.6,31.0,5.7,0,-552.0,-110.9,1,,,,,
2026-01-09 18:09:02,LivingRoom_Blinds_1,Smart Blinds / Shades,Open/Close Percentage,0,Human,21.6,19.7,51.0,9.4,33.0,0.0,0,-8.0,-654.9,1,,,,,
2026-01-09 18:26:02,LivingRoom_LED_1,Smart LED Bulb,Power State,On,Human,19.5,22.9,59.0,17.3,28.0,0.0,0,9.0,-671.9,0,,,,,
2026-01-09 18:27:02,LivingRoom_LED_1,Smart LED Bulb,Brightness,70,Human,21.1,20.0,57.0,12.5,31.0,0.0,0,10.0,-672.9,0,,,,,
2026-01-09 18:28:02,LivingRoom_LED_1,Smart LED Bulb,Color Temperature,3500,Human,21.5,18.7,46.0,15.8,24.0,0.0,0,11.0,-673.9,0,,,,,
2026-01-09 19:12:02,TV_Plug_1,Smart Plug / Outlet,Switch State,On,Human,21.0,20.9,50.0,18.0,14.0,0.0,0,55.0,-717.9,0,,,,,
2026-01-09 21:53:00,Bedroom_LED_2,Smart LED Bulb,Power State,On,Human,25.0,20.5,47.0,11.8,12.0,0.0,0,216.0,-720.0,0,,,,,
2026-01-09 21:54:00,Bedroom_LED_2,Smart LED Bulb,Brightness,50,Human,19.4,18.2,55.0,18.9,17.0,0.0,0,217.0,-720.0,0,,,,,
2026-01-09 21:55:00,Bedroom_LED_2,Smart LED Bulb,Color Temperature,2700,Human,20.8,23.0,64.0,9.9,18.0,0.0,0,218.0,-720.0,0,,,,,
2026-01-09 22:31:00,Bedroom_AC_2,Smart Air Conditioner,Target Temperature,21,Human,19.9,17.8,50.0,14.9,26.0,0.0,0,254.0,-720.0,0,,,,,
2026-01-09 22:32:00,Bedroom_AC_2,Smart Air Conditioner,Operation Mode,Cool,Human,22.3,22.7,60.0,9.5,17.0,0.0,0,255.0,-720.0,0,,,,,
2026-01-09 22:39:00,FrontDoor_Cam_1,Security Camera,Privacy Mode,Enabled,Human,22.3,21.9,56.0,6.1,33.0,0.0,0,262.0,-720.0,0,,,,,
2026-01-09 22:49:00,LivingRoom_LED_1,Smart LED Bulb,Power State,Off,Human,20.7,22.6,51.0,10.9,24.0,0.0,0,272.0,-720.0,0,,,,,
2026-01-09 22:51:00,TV_Plug_1,Smart Plug / Outlet,Switch State,Off,Human,19.4,22.0,53.0,14.0,17.0,0.0,0,274.0,-720.0,0,,,,,
2026-01-09 22:52:00,Bedroom_Plug_1,Smart Plug / Outlet,Switch State,Off,Human,24.5,18.9,61.0,5.3,25.0,0.0,0,275.0,-720.0,0,,,,,
2026-01-10 06:30:00,Garden_Irrigation_1,Smart Irrigation Controller,Zone 1 State,On,Human,21.1,21.0,52.0,11.0,18.0,0.0,0,-707.7,44.3,0,,,,,
2026-01-10 09:02:00,Hallway_Vacuum_1,Robot Vacuum,Cleaning State,Clean,Human,20.6,21.2,49.0,15.4,11.0,7.6,0,-555.7,-107.7,1,,,,,
2026-01-10 09:03:00,Hallway_Vacuum_1,Robot Vacuum,Suction Power,Standard,Human,24.5,24.1,46.0,16.5,17.0,5.0,1,-554.7,-108.7,1,,,,,
2026-01-10 14:16:00,LivingRoom_AC_1,Smart Air Conditioner,Target Temperature,22,Human,20.1,20.5,59.0,9.5,19.0,4.7,0,-241.7,-421.7,1,,,,,
2026-01-10 14:17:00,LivingRoom_AC_1,Smart Air Conditioner,Operation Mode,Fan,Human,21.0,22.5,50.0,16.5,10.0,7.0,0,-240.7,-422.7,1,,,,,
2026-01-10 18:34:40,LivingRoom_LED_1,Smart LED Bulb,Power State,On,Human,19.7,23.1,53.0,12.6,30.0,0.0,0,17.0,-680.4,0,,,,,
2026-01-10 18:35:40,LivingRoom_LED_1,Smart LED Bulb,Brightness,65,Human,21.7,20.9,62.0,17.8,7.0,0.0,0,18.0,-681.4,0,,,,,
2026-01-10 18:36:40,LivingRoom_LED_1,Smart LED Bulb,Color Temperature,2700,Human,22.8,19.9,60.0,9.7,9.0,0.0,0,19.0,-682.4,0,,,,,
2026-01-10 19:04:40,TV_Plug_1,Smart Plug / Outlet,Switch State,On,Human,22.6,19.1,51.0,9.6,7.0,0.0,0,47.0,-710.4,0,,,,,
2026-01-10 21:56:00,Bedroom_LED_2,Smart LED Bulb,Power State,On,Human,22.6,20.6,45.0,5.5,8.0,0.0,0,218.3,-720.0,0,,,,,
2026-01-10 21:57:00,Bedroom_LED_2,Smart LED Bulb,Brightness,40,Human,19.3,19.3,59.0,14.6,32.0,0.0,0,219.3,-720.0,0,,,,,
2026-01-10 21:58:00,Bedroom_LED_2,Smart LED Bulb,Color Temperature,2700,Human,21.6,23.1,52.0,10.4,16.0,0.0,0,220.3,-720.0,0,,,,,
2026-01-10 22:18:00,Bedroom_AC_2,Smart Air Conditioner,Target Temperature,21,Human,21.3,19.2,63.0,11.6,16.0,0.0,0,240.3,-720.0,0,,,,,
2026-01-10 22:19:00,Bedroom_AC_2,Smart Air Conditioner,Operation Mode,Cool,Human,25.9,20.2,59.0,11.4,24.0,0.0,0,241.3,-720.0,0,,,,,
2026-01-10 22:42:00,FrontDoor_Cam_1,Security Camera,Privacy Mode,Enabled,Human,22.5,21.4,60.0,12.7,11.0,0.0,0,264.3,-720.0,0,,,,,
2026-01-10 23:04:00,LivingRoom_LED_1,Smart LED Bulb,Power State,Off,Human,19.6,19.9,62.0,4.2,19.0,0.0,0,286.3,-720.0,0,,,,,
2026-01-10 23:06:00,TV_Plug_1,Smart Plug / Outlet,Switch State,Off,Human,24.1,22.3,64.0,15.9,15.0,0.0,0,288.3,-720.0,0,,,,,
2026-01-10 23:07:00,Bedroom_Plug_1,Smart Plug / Outlet,Switch State,Off,Human,21.6,20.0,55.0,10.1,15.0,0.0,0,289.3,-720.0,0,,,,,
2026-01-11 06:30:00,Garden_Irrigation_1,Smart Irrigation Controller,Zone 1 State,On,Human,20.8,24.5,55.0,12.6,25.0,0.0,0,-708.3,44.4,0,,,,,
2026-01-11 14:15:00,LivingRoom_AC_1,Smart Air Conditioner,Target Temperature,22,Human,25.4,22.2,59.0,15.9,9.0,5.9,0,-243.3,-420.6,1,,,,,
2026-01-11 14:16:00,LivingRoom_AC_1,Smart Air Conditioner,Operation Mode,Fan,Human,22.5,22.5,48.0,11.9,17.0,6.6,0,-242.3,-421.6,1,,,,,
2026-01-11 18:24:19,LivingRoom_LED_1,Smart LED Bulb,Power State,On,Human,20.6,19.3,55.0,14.3,31.0,0.0,0,6.0,-669.9,0,,,,,
2026-01-11 18:25:19,LivingRoom_LED_1,Smart LED Bulb,Brightness,60,Human,24.7,18.4,57.0,11.9,29.0,0.0,0,7.0,-670.9,0,,,,,
2026-01-11 18:26:19,LivingRoom_LED_1,Smart LED Bulb,Color Temperature,3500,Human,23.6,22.1,64.0,13.9,33.0,0.0,0,8.0,-671.9,0,,,,,
2026-01-11 19:04:19,TV_Plug_1,Smart Plug / Outlet,Switch State,On,Human,20.6,19.5,55.0,6.4,32.0,0.0,0,46.0,-709.9,0,,,,,
2026-01-11 21:58:00,Bedroom_LED_2,Smart LED Bulb,Power State,On,Human,20.7,16.9,60.0,16.4,19.0,0.0,0,219.7,-720.0,0,,,,,
2026-01-11 21:59:00,Bedroom_LED_2,Smart LED Bulb,Brightness,50,Human,19.6,18.6,63.0,12.3,26.0,0.0,0,220.7,-720.0,0,,,,,
2026-01-11 22:00:00,Bedroom_LED_2,Smart LED Bulb,Color Temperature,2700,Human,20.7,20.1,58.0,20.8,20.0,0.0,0,221.7,-720.0,0,,,,,
2026-01-11 22:30:00,Bedroom_AC_2,Smart Air Conditioner,Target Temperature,21,Human,22.1,21.3,58.0,16.4,24.0,0.0,0,251.7,-720.0,0,,,,,
2026-01-11 22:31:00,Bedroom_AC_2,Smart Air Conditioner,Operation Mode,Cool,Human,22.2,24.2,61.0,14.6,31.0,0.0,0,252.7,-720.0,0,,,,,
2026-01-11 22:48:00,FrontDoor_Cam_1,Security Camera,Privacy Mode,Enabled,Human,21.5,20.5,59.0,10.2,11.0,0.0,0,269.7,-720.0,0,,,,,
2026-01-11 22:57:00,LivingRoom_LED_1,Smart LED Bulb,Power State,Off,Human,23.9,24.2,60.0,8.7,16.0,0.0,0,278.7,-720.0,0,,,,,
2026-01-11 22:59:00,TV_Plug_1,Smart Plug / Outlet,Switch State,Off,Human,23.2,21.1,45.0,10.7,13.0,0.0,0,280.7,-720.0,0,,,,,
2026-01-11 23:00:00,Bedroom_Plug_1,Smart Plug / Outlet,Switch State,Off,Human,22.7,19.7,61.0,15.3,23.0,0.0,0,281.7,-720.0,0,,,,,
2026-01-12 06:25:00,Garden_Irrigation_1,Smart Irrigation Controller,Zone 1 State,On,Human,20.1,22.9,57.0,3.0,29.0,0.0,0,-714.0,49.6,0,,,,,
2026-01-12 07:08:00,LivingRoom_AC_1,Smart Air Conditioner,Target Temperature,22,Human,24.8,21.8,52.0,4.8,18.0,0.0,0,-671.0,6.6,0,,,,,
2026-01-12 07:09:00,LivingRoom_AC_1,Smart Air Conditioner,Operation Mode,Cool,Human,20.8,20.8,49.0,8.3,11.0,0.0,0,-670.0,5.6,0,,,,,
2026-01-12 07:10:00,LivingRoom_AC_1,Smart Air Conditioner,Fan Speed,High,Human,20.8,20.4,49.0,15.1,33.0,0.0,0,-669.0,4.6,0,,,,,
2026-01-12 07:29:35,LivingRoom_Blinds_1,Smart Blinds / Shades,Open/Close Percentage,95,Human,19.8,21.1,62.0,8.6,16.0,0.0,0,-649.4,-15.0,1,,,,,
2026-01-12 08:06:00,Kitchen_Speaker_1,Smart Speaker / Receiver,Playback State,Play,Human,23.6,20.4,60.0,9.6,11.0,7.9,0,-613.0,-51.4,1,,,,,
2026-01-12 08:07:00,Kitchen_Speaker_1,Smart Speaker / Receiver,Volume Level,30,Human,21.8,23.1,51.0,15.3,17.0,5.9,0,-612.0,-52.4,1,,,,,
2026-01-12 09:03:00,Kitchen_Speaker_1,Smart Speaker / Receiver,Playback State,Stop,Human,25.0,18.9,57.0,14.1,34.0,5.5,0,-556.0,-108.4,1,,,,,
2026-01-12 18:07:58,LivingRoom_Blinds_1,Smart Blinds / Shades,Open/Close Percentage,0,Human,19.7,23.8,60.0,20.2,10.0,0.0,0,-11.0,-653.4,1,,,,,
2026-01-12 18:23:58,LivingRoom_LED_1,Smart LED Bulb,Power State,On,Human,24.7,21.5,64.0,12.6,14.0,0.0,0,5.0,-669.4,0,,,,,
2026-01-12 18:24:58,LivingRoom_LED_1,Smart LED Bulb,Brightness,70,Human,20.5,25.1,63.0,22.4,19.0,0.0,0,6.0,-670.4,0,,,,,
2026-01-12 18:25:58,LivingRoom_LED_1,Smart LED Bulb,Color Temperature,3000,Human,22.6,22.3,57.0,19.3,22.0,0.0,0,7.0,-671.4,0,,,,,
2026-01-12 18:57:58,TV_Plug_1,Smart Plug / Outlet,Switch State,On,Human,18.3,19.6,59.0,8.4,18.0,0.0,0,39.0,-703.4,0,,,,,
2026-01-12 22:05:00,Bedroom_LED_2,Smart LED Bulb,Power State,On,Human,19.9,20.1,53.0,12.2,6.0,0.0,0,226.0,-720.0,0,,,,,
2026-01-12 22:06:00,Bedroom_LED_2,Smart LED Bulb,Brightness,40,Human,23.5,22.6,53.0,9.7,5.0,0.0,0,227.0,-720.0,0,,,,,
2026-01-12 22:07:00,Bedroom_LED_2,Smart LED Bulb,Color Temperature,3000,Human,20.7,19.4,48.0,10.9,11.0,0.0,0,228.0,-720.0,0,,,,,
2026-01-12 22:37:00,Bedroom_AC_2,Smart Air Conditioner,Target Temperature,19,Human,24.9,21.9,61.0,9.1,6.0,0.0,0,258.0,-720.0,0,,,,,
2026-01-12 22:38:00,Bedroom_AC_2,Smart Air Conditioner,Operation Mode,Cool,Human,23.5,17.1,46.0,12.3,13.0,0.0,0,259.0,-720.0,0,,,,,
2026-01-12 22:45:00,FrontDoor_Cam_1,Security Camera,Privacy Mode,Disabled,Human,21.1,20.6,50.0,11.1,9.0,0.0,0,266.0,-720.0,0,,,,,
2026-01-12 22:49:00,LivingRoom_LED_1,Smart LED Bulb,Power State,Off,Human,23.1,20.0,64.0,15.0,30.0,0.0,0,270.0,-720.0,0,,,,,
2026-01-12 22:51:00,TV_Plug_1,Smart Plug / Outlet,Switch State,Off,Human,23.6,20.0,59.0,7.2,32.0,0.0,0,272.0,-720.0,0,,,,,
2026-01-12 22:52:00,Bedroom_Plug_1,Smart Plug / Outlet,Switch State,Off,Human,21.5,16.8,64.0,15.5,17.0,0.0,0,273.0,-720.0,0,,,,,
2026-01-13 06:29:00,Garden_Irrigation_1,Smart Irrigation Controller,Zone 1 State,On,Human,16.3,23.6,64.0,15.7,14.0,0.0,0,-710.6,45.7,0,,,,,
2026-01-13 07:05:00,LivingRoom_AC_1,Smart Air Conditioner,Target Temperature,22,Human,22.4,22.5,61.0,9.4,23.0,0.0,0,-674.6,9.7,0,,,,,
2026-01-13 07:06:00,LivingRoom_AC_1,Smart Air Conditioner,Operation Mode,Cool,Human,22.9,20.8,57.0,5.3,30.0,0.0,0,-673.6,8.7,0,,,,,
2026-01-13 07:07:00,LivingRoom_AC_1,Smart Air Conditioner,Fan Speed,High,Human,23.5,22.6,47.0,12.0,15.0,0.0,0,-672.6,7.7,0,,,,,
2026-01-13 07:39:42,LivingRoom_Blinds_1,Smart Blinds / Shades,Open/Close Percentage,89,Human,23.1,24.5,60.0,15.0,27.0,0.0,0,-639.9,-25.0,1,,,,,
2026-01-13 07:56:00,Kitchen_Speaker_1,Smart Speaker / Receiver,Playback State,Play,Human,19.6,17.8,50.0,14.3,5.0,0.0,0,-623.6,-41.3,1,,,,,
2026-01-13 07:57:00,Kitchen_Speaker_1,Smart Speaker / Receiver,Volume Level,35,Human,22.3,22.4,54.0,15.2,28.0,0.0,0,-622.6,-42.3,1,,,,,
2026-01-13 09:03:00,Kitchen_Speaker_1,Smart Speaker / Receiver,Playback State,Stop,Human,21.9,18.8,50.0,14.3,12.0,6.0,0,-556.6,-108.3,1,,,,,
2026-01-13 18:09:36,LivingRoom_Blinds_1,Smart Blinds / Shades,Open/Close Percentage,0,Human,21.4,23.7,53.0,19.2,11.0,0.0,0,-10.0,-654.9,1,,,,,
2026-01-13 18:32:36,LivingRoom_LED_1,Smart LED Bulb,Power State,On,Human,23.3,21.7,60.0,8.2,29.0,0.0,0,13.0,-677.9,0,,,,,
2026-01-13 18:33:36,LivingRoom_LED_1,Smart LED Bulb,Brightness,75,Human,21.0,20.6,64.0,4.5,5.0,0.0,0,14.0,-678.9,0,,,,,
2026-01-13 18:34:36,LivingRoom_LED_1,Smart LED Bulb,Color Temperature,3000,Human,21.7,23.5,53.0,11.2,21.0,0.0,0,15.0,-679.9,0,,,,,
2026-01-13 19:11:36,TV_Plug_1,Smart Plug / Outlet,Switch State,On,Human,26.0,19.9,60.0,16.9,26.0,0.0,0,52.0,-716.9,0,,,,,
2026-01-13 21:51:00,Bedroom_LED_2,Smart LED Bulb,Power State,On,Human,20.2,23.7,60.0,12.4,29.0,0.0,0,211.4,-720.0,0,,,,,
2026-01-13 21:52:00,Bedroom_LED_2,Smart LED Bulb,Brightness,30,Human,20.5,20.0,50.0,7.3,25.0,0.0,0,212.4,-720.0,0,,,,,
2026-01-13 21:53:00,Bedroom_LED_2,Smart LED Bulb,Color Temperature,2700,Human,20.5,18.3,45.0,12.6,11.0,0.0,0,213.4,-720.0,0,,,,,
2026-01-13 22:37:00,Bedroom_AC_2,Smart Air Conditioner,Target Temperature,21,Human,23.2,21.5,49.0,11.4,20.0,0.0,0,257.4,-720.0,0,,,,,
2026-01-13 22:38:00,Bedroom_AC_2,Smart Air Conditioner,Operation Mode,Cool,Human,19.2,19.7,56.0,7.4,19.0,0.0,0,258.4,-720.0,0,,,,,
2026-01-13 22:50:00,FrontDoor_Cam_1,Security Camera,Privacy Mode,Enabled,Human,22.4,20.9,50.0,5.8,21.0,0.0,0,270.4,-720.0,0,,,,,
2026-01-13 23:02:00,LivingRoom_LED_1,Smart LED Bulb,Power State,Off,Human,23.0,18.5,60.0,6.8,16.0,0.0,0,282.4,-720.0,0,,,,,
2026-01-13 23:04:00,TV_Plug_1,Smart Plug / Outlet,Switch State,Off,Human,21.4,19.7,52.0,11.8,16.0,0.0,0,284.4,-720.0,0,,,,,
2026-01-13 23:05:00,Bedroom_Plug_1,Smart Plug / Outlet,Switch State,Off,Human,22.6,23.4,59.0,12.4,13.0,0.0,0,285.4,-720.0,0,,,,,
2026-01-14 06:32:00,Garden_Irrigation_1,Smart Irrigation Controller,Zone 1 State,On,Human,19.6,22.0,53.0,12.7,20.0,0.0,0,-708.3,42.8,0,,,,,
2026-01-14 06:53:00,LivingRoom_AC_1,Smart Air Conditioner,Target Temperature,22,Human,22.7,21.5,54.0,10.7,6.0,0.0,0,-687.3,21.8,0,,,,,
2026-01-14 06:54:00,LivingRoom_AC_1,Smart Air Conditioner,Operation Mode,Cool,Human,19.2,22.1,61.0,6.0,6.0,0.0,1,-686.3,20.8,0,,,,,
2026-01-14 06:55:00,LivingRoom_AC_1,Smart Air Conditioner,Fan Speed,High,Human,20.4,20.6,48.0,12.7,16.0,0.0,0,-685.3,19.8,0,,,,,
2026-01-14 07:25:48,LivingRoom_Blinds_1,Smart Blinds / Shades,Open/Close Percentage,100,Human,25.5,19.0,63.0,11.4,7.0,0.0,0,-654.5,-11.0,1,,,,,
2026-01-14 07:58:00,Kitchen_Speaker_1,Smart Speaker / Receiver,Playback State,Play,Human,22.5,24.0,48.0,11.1,28.0,0.0,0,-622.3,-43.2,1,,,,,
2026-01-14 07:59:00,Kitchen_Speaker_1,Smart Speaker / Receiver,Volume Level,40,Human,20.1,16.0,56.0,16.1,27.0,0.0,0,-621.3,-44.2,1,,,,,
2026-01-14 08:58:00,Kitchen_Speaker_1,Smart Speaker / Receiver,Playback State,Stop,Human,19.8,22.1,45.0,14.5,22.0,6.2,0,-562.3,-103.2,1,,,,,
2026-01-14 18:10:15,LivingRoom_Blinds_1,Smart Blinds / Shades,Open/Close Percentage,0,Human,23.2,17.5,46.0,6.3,33.0,0.0,0,-10.0,-655.5,1,,,,,
2026-01-14 18:35:15,LivingRoom_LED_1,Smart LED Bulb,Power State,On,Human,20.2,18.2,56.0,11.6,20.0,0.0,0,15.0,-680.5,0,,,,,
2026-01-14 18:36:15,LivingRoom_LED_1,Smart LED Bulb,Brightness,60,Human,24.8,20.2,54.0,11.6,17.0,0.0,0,16.0,-681.5,0,,,,,
2026-01-14 18:37:15,LivingRoom_LED_1,Smart LED Bulb,Color Temperature,3000,Human,24.8,21.0,47.0,8.6,5.0,0.0,0,17.0,-682.5,0,,,,,
2026-01-14 19:13:15,TV_Plug_1,Smart Plug / Outlet,Switch State,On,Human,20.8,23.1,54.0,12.0,19.0,0.0,0,53.0,-718.5,0,,,,,
2026-01-14 21:51:00,Bedroom_LED_2,Smart LED Bulb,Power State,On,Human,22.8,22.3,47.0,9.5,12.0,0.0,1,210.7,-720.0,0,,,,,
2026-01-14 21:52:00,Bedroom_LED_2,Smart LED Bulb,Brightness,40,Human,19.8,18.2,50.0,11.5,23.0,0.0,0,211.7,-720.0,0,,,,,
2026-01-14 21:53:00,Bedroom_LED_2,Smart LED Bulb,Color Temperature,3000,Human,23.7,23.5,50.0,11.5,32.0,0.0,0,212.7,-720.0,0,,,,,
2026-01-14 22:24:00,Bedroom_AC_2,Smart Air Conditioner,Target Temperature,21,Human,26.0,23.5,58.0,8.1,18.0,0.0,0,243.7,-720.0,0,,,,,
2026-01-14 22:25:00,Bedroom_AC_2,Smart Air Conditioner,Operation Mode,Cool,Human,20.1,23.7,54.0,10.5,21.0,0.0,0,244.7,-720.0,0,,,,,
2026-01-14 22:46:00,FrontDoor_Cam_1,Security Camera,Privacy Mode,Disabled,Human,17.1,20.0,47.0,1.2,29.0,0.0,0,265.7,-720.0,0,,,,,
2026-01-14 22:56:00,LivingRoom_LED_1,Smart LED Bulb,Power State,Off,Human,19.2,20.2,55.0,11.5,25.0,0.0,0,275.7,-720.0,0,,,,,
2026-01-14 22:58:00,TV_Plug_1,Smart Plug / Outlet,Switch State,Off,Human,24.9,21.2,45.0,6.3,20.0,0.0,0,277.7,-720.0,0,,,,,
2026-01-14 22:59:00,Bedroom_Plug_1,Smart Plug / Outlet,Switch State,Off,Human,17.3,17.4,54.0,16.2,17.0,0.0,0,278.7,-720.0,0,,,,,
2026-01-15 06:21:00,Garden_Irrigation_1,Smart Irrigation Controller,Zone 1 State,On,Human,21.2,19.3,45.0,8.7,22.0,0.0,0,-719.9,53.9,0,,,,,
2026-01-15 06:51:00,LivingRoom_AC_1,Smart Air Conditioner,Target Temperature,23,Human,19.8,18.0,59.0,14.2,26.0,0.0,0,-689.9,23.9,0,,,,,
2026-01-15 06:52:00,LivingRoom_AC_1,Smart Air Conditioner,Operation Mode,Cool,Human,22.0,21.3,55.0,13.0,30.0,0.0,0,-688.9,22.9,0,,,,,
2026-01-15 06:53:00,LivingRoom_AC_1,Smart Air Conditioner,Fan Speed,Med,Human,26.3,21.9,57.0,14.4,22.0,0.0,0,-687.9,21.9,0,,,,,
2026-01-15 07:43:52,LivingRoom_Blinds_1,Smart Blinds / Shades,Open/Close Percentage,90,Human,22.3,20.3,54.0,14.4,27.0,0.0,0,-637.0,-29.0,1,,,,,
2026-01-15 07:53:00,Kitchen_Speaker_1,Smart Speaker / Receiver,Playback State,Play,Human,21.5,17.3,49.0,10.7,16.0,0.0,0,-627.9,-38.1,1,,,,,
2026-01-15 07:54:00,Kitchen_Speaker_1,Smart Speaker / Receiver,Volume Level,30,Human,22.4,22.1,54.0,11.0,19.0,0.0,0,-626.9,-39.1,1,,,,,
2026-01-15 08:57:00,Kitchen_Speaker_1,Smart Speaker / Receiver,Playback State,Stop,Human,21.9,22.1,57.0,16.5,11.0,7.0,0,-563.9,-102.1,1,,,,,
2026-01-15 18:18:54,LivingRoom_Blinds_1,Smart Blinds / Shades,Open/Close Percentage,0,Human,21.6,20.7,54.0,15.7,24.0,0.0,0,-2.0,-664.0,1,,,,,
2026-01-15 18:32:54,LivingRoom_LED_1,Smart LED Bulb,Power State,On,Human,20.4,21.5,62.0,11.4,22.0,0.0,0,12.0,-678.0,0,,,,,
2026-01-15 18:33:54,LivingRoom_LED_1,Smart LED Bulb,Brightness,70,Human,19.3,21.1,48.0,11.8,11.0,0.0,0,13.0,-679.0,0,,,,,
2026-01-15 18:34:54,LivingRoom_LED_1,Smart LED Bulb,Color Temperature,3500,Human,23.8,22.5,48.0,12.5,23.0,0.0,0,14.0,-680.0,0,,,,,
2026-01-15 19:18:54,TV_Plug_1,Smart Plug / Outlet,Switch State,On,Human,23.0,21.7,48.0,18.1,10.0,0.0,0,58.0,-720.0,0,,,,,
2026-01-15 22:04:00,Bedroom_LED_2,Smart LED Bulb,Power State,On,Human,21.5,20.7,59.0,4.7,32.0,0.0,0,223.1,-720.0,0,,,,,
2026-01-15 22:05:00,Bedroom_LED_2,Smart LED Bulb,Brightness,40,Human,21.9,23.5,63.0,7.5,29.0,0.0,0,224.1,-720.0,0,,,,,
2026-01-15 22:06:00,Bedroom_LED_2,Smart LED Bulb,Color Temperature,3000,Human,21.7,21.5,53.0,9.2,23.0,0.0,0,225.1,-720.0,0,,,,,
2026-01-15 22:35:00,Bedroom_AC_2,Smart Air Conditioner,Target Temperature,21,Human,22.1,20.2,63.0,14.8,11.0,0.0,0,254.1,-720.0,0,,,,,
2026-01-15 22:36:00,Bedroom_AC_2,Smart Air Conditioner,Operation Mode,Cool,Human,20.2,18.9,47.0,16.2,16.0,0.0,0,255.1,-720.0,0,,,,,
2026-01-15 22:50:00,FrontDoor_Cam_1,Security Camera,Privacy Mode,Enabled,Human,23.6,20.8,59.0,10.4,25.0,0.0,0,269.1,-720.0,0,,,,,
2026-01-15 22:59:00,LivingRoom_LED_1,Smart LED Bulb,Power State,Off,Human,24.4,22.0,50.0,19.0,30.0,0.0,0,278.1,-720.0,0,,,,,
2026-01-15 23:01:00,TV_Plug_1,Smart Plug / Outlet,Switch State,Off,Human,22.5,21.2,53.0,10.3,22.0,0.0,0,280.1,-720.0,0,,,,,
2026-01-15 23:02:00,Bedroom_Plug_1,Smart Plug / Outlet,Switch State,Off,Human,23.6,19.5,55.0,11.1,10.0,0.0,0,281.1,-720.0,0,,,,,
2026-01-16 06:36:00,Garden_Irrigation_1,Smart Irrigation Controller,Zone 1 State,On,Human,23.9,22.2,49.0,13.7,21.0,0.0,0,-705.5,38.9,0,,,,,
2026-01-16 07:09:00,LivingRoom_AC_1,Smart Air Conditioner,Target Temperature,22,Human,22.8,21.6,57.0,15.8,6.0,0.0,0,-672.5,5.9,0,,,,,
2026-01-16 07:10:00,LivingRoom_AC_1,Smart Air Conditioner,Operation Mode,Cool,Human,22.0,24.3,50.0,14.9,30.0,0.0,0,-671.5,4.9,0,,,,,
2026-01-16 07:11:00,LivingRoom_AC_1,Smart Air Conditioner,Fan Speed,Med,Human,21.1,18.3,52.0,10.6,29.0,0.0,0,-670.5,3.9,0,,,,,
2026-01-16 07:25:56,LivingRoom_Blinds_1,Smart Blinds / Shades,Open/Close Percentage,91,Human,23.3,19.2,61.0,14.8,34.0,0.0,0,-655.6,-11.0,1,,,,,
2026-01-16 07:58:00,Kitchen_Speaker_1,Smart Speaker / Receiver,Playback State,Play,Human,22.7,20.7,63.0,16.9,8.0,0.0,0,-623.5,-43.1,1,,,,,
2026-01-16 07:59:00,Kitchen_Speaker_1,Smart Speaker / Receiver,Volume Level,30,Human,20.6,21.3,61.0,8.4,29.0,0.0,0,-622.5,-44.1,1,,,,,
2026-01-16 09:04:00,Kitchen_Speaker_1,Smart Speaker / Receiver,Playback State,Stop,Human,23.0,19.5,53.0,10.6,24.0,5.5,0,-557.5,-109.1,1,,,,,
2026-01-16 18:19:32,LivingRoom_Blinds_1,Smart Blinds / Shades,Open/Close Percentage,0,Human,22.6,19.3,52.0,12.3,30.0,0.0,0,-2.0,-664.6,1,,,,,
2026-01-16 18:30:32,LivingRoom_LED_1,Smart LED Bulb,Power State,On,Human,22.9,22.3,63.0,10.7,6.0,0.0,0,9.0,-675.6,0,,,,,
2026-01-16 18:31:32,LivingRoom_LED_1,Smart LED Bulb,Brightness,70,Human,20.6,23.9,52.0,8.8,24.0,0.0,0,10.0,-676.6,0,,,,,
2026-01-16 18:32:32,LivingRoom_LED_1,Smart LED Bulb,Color Temperature,3500,Human,24.1,17.3,52.0,13.3,15.0,0.0,0,11.0,-677.6,0,,,,,
2026-01-16 19:11:32,TV_Plug_1,Smart Plug / Outlet,Switch State,On,Human,18.1,24.7,55.0,14.1,9.0,0.0,0,50.0,-716.6,0,,,,,
2026-01-16 22:04:00,Bedroom_LED_2,Smart LED Bulb,Power State,On,Human,23.7,21.3,51.0,14.1,17.0,0.0,0,222.5,-720.0,0,,,,,
2026-01-16 22:05:00,Bedroom_LED_2,Smart LED Bulb,Brightness,40,Human,21.8,19.4,56.0,4.2,14.0,0.0,0,223.5,-720.0,0,,,,,
2026-01-16 22:06:00,Bedroom_LED_2,Smart LED Bulb,Color Temperature,2700,Human,21.3,22.5,46.0,9.2,13.0,0.0,1,224.5,-720.0,0,,,,,
2026-01-16 22:37:00,Bedroom_AC_2,Smart Air Conditioner,Target Temperature,21,Human,22.6,17.9,49.0,9.4,16.0,0.0,0,255.5,-720.0,0,,,,,
2026-01-16 22:38:00,Bedroom_AC_2,Smart Air Conditioner,Operation Mode,Cool,Human,19.6,21.6,58.0,5.0,20.0,0.0,0,256.5,-720.0,0,,,,,
2026-01-16 22:40:00,FrontDoor_Cam_1,Security Camera,Privacy Mode,Enabled,Human,22.7,20.5,48.0,9.0,21.0,0.0,0,258.5,-720.0,0,,,,,
2026-01-16 23:11:00,LivingRoom_LED_1,Smart LED Bulb,Power State,Off,Human,21.6,20.1,51.0,19.3,11.0,0.0,0,289.5,-720.0,0,,,,,
2026-01-16 23:13:00,TV_Plug_1,Smart Plug / Outlet,Switch State,Off,Human,21.0,17.2,59.0,13.8,33.0,0.0,0,291.5,-720.0,0,,,,,
2026-01-16 23:14:00,Bedroom_Plug_1,Smart Plug / Outlet,Switch State,Off,Human,21.4,20.8,63.0,18.0,34.0,0.0,0,292.5,-720.0,0,,,,,
2026-01-17 06:26:00,Garden_Irrigation_1,Smart Irrigation Controller,Zone 1 State,On,Human,19.0,24.9,60.0,12.3,33.0,0.0,0,-716.2,49.0,0,,,,,
2026-01-17 08:56:00,Hallway_Vacuum_1,Robot Vacuum,Cleaning State,Clean,Human,23.1,21.6,45.0,13.6,10.0,4.1,0,-566.2,-101.0,1,,,,,
2026-01-17 08:57:00,Hallway_Vacuum_1,Robot Vacuum,Suction Power,Standard,Human,18.6,20.9,50.0,16.3,7.0,4.1,0,-565.2,-102.0,1,,,,,
2026-01-17 14:45:00,LivingRoom_AC_1,Smart Air Conditioner,Target Temperature,22,Human,20.4,23.0,48.0,9.8,26.0,4.9,0,-217.2,-450.0,1,,,,,
2026-01-17 14:46:00,LivingRoom_AC_1,Smart Air Conditioner,Operation Mode,Fan,Human,20.2,22.7,58.0,7.9,13.0,5.5,0,-216.2,-451.0,1,,,,,
2026-01-17 18:40:11,LivingRoom_LED_1,Smart LED Bulb,Power State,On,Human,16.8,21.4,54.0,13.7,28.0,0.0,0,18.0,-685.2,0,,,,,
2026-01-17 18:41:11,LivingRoom_LED_1,Smart LED Bulb,Brightness,65,Human,21.6,21.7,57.0,15.5,21.0,0.0,0,19.0,-686.2,0,,,,,
2026-01-17 18:42:11,LivingRoom_LED_1,Smart LED Bulb,Color Temperature,3500,Human,23.1,18.1,61.0,12.0,9.0,0.0,0,20.0,-687.2,0,,,,,
2026-01-17 19:06:11,TV_Plug_1,Smart Plug / Outlet,Switch State,On,Human,17.9,21.0,51.0,18.7,6.0,0.0,0,44.0,-711.2,0,,,,,
2026-01-17 22:08:00,Bedroom_LED_2,Smart LED Bulb,Power State,On,Human,17.9,21.7,45.0,15.9,10.0,0.0,0,225.8,-720.0,0,,,,,
2026-01-17 22:09:00,Bedroom_LED_2,Smart LED Bulb,Brightness,40,Human,18.4,21.3,56.0,9.1,11.0,0.0,0,226.8,-720.0,0,,,,,
2026-01-17 22:10:00,Bedroom_LED_2,Smart LED Bulb,Color Temperature,2700,Human,19.1,20.2,59.0,12.6,34.0,0.0,0,227.8,-720.0,0,,,,,
2026-01-17 22:35:00,Bedroom_AC_2,Smart Air Conditioner,Target Temperature,21,Human,23.1,16.1,58.0,10.7,30.0,0.0,0,252.8,-720.0,0,,,,,
2026-01-17 22:36:00,Bedroom_AC_2,Smart Air Conditioner,Operation Mode,Fan,Human,21.2,20.0,58.0,2.6,23.0,0.0,0,253.8,-720.0,0,,,,,
2026-01-17 22:46:00,FrontDoor_Cam_1,Security Camera,Privacy Mode,Disabled,Human,23.8,19.1,48.0,11.6,8.0,0.0,0,263.8,-720.0,0,,,,,
2026-01-17 22:48:00,LivingRoom_LED_1,Smart LED Bulb,Power State,Off,Human,23.4,22.4,63.0,10.4,14.0,0.0,0,265.8,-720.0,0,,,,,
2026-01-17 22:50:00,TV_Plug_1,Smart Plug / Outlet,Switch State,Off,Human,22.7,20.7,56.0,16.7,9.0,0.0,0,267.8,-720.0,0,,,,,
2026-01-17 22:51:00,Bedroom_Plug_1,Smart Plug / Outlet,Switch State,Off,Human,19.8,25.8,47.0,5.7,11.0,0.0,0,268.8,-720.0,0,,,,,
2026-01-18 06:23:00,Garden_Irrigation_1,Smart Irrigation Controller,Zone 1 State,On,Human,23.3,17.2,55.0,14.0,27.0,0.0,1,-719.8,52.0,0,,,,,
2026-01-18 14:11:00,LivingRoom_AC_1,Smart Air Conditioner,Target Temperature,22,Human,21.6,24.6,60.0,10.8,19.0,4.2,0,-251.8,-416.0,1,,,,,
2026-01-18 14:12:00,LivingRoom_AC_1,Smart Air Conditioner,Operation Mode,Cool,Human,23.6,20.8,50.0,13.0,10.0,7.9,0,-250.8,-417.0,1,,,,,
2026-01-18 18:33:49,LivingRoom_LED_1,Smart LED Bulb,Power State,On,Human,21.4,19.5,55.0,11.7,10.0,0.0,0,11.0,-678.8,0,,,,,
2026-01-18 18:34:49,LivingRoom_LED_1,Smart LED Bulb,Brightness,80,Human,19.8,22.5,64.0,14.4,10.0,0.0,0,12.0,-679.8,0,,,,,
2026-01-18 18:35:49,LivingRoom_LED_1,Smart LED Bulb,Color Temperature,3000,Human,21.2,23.2,51.0,11.7,24.0,0.0,0,13.0,-680.8,0,,,,,
2026-01-18 19:20:49,TV_Plug_1,Smart Plug / Outlet,Switch State,On,Human,19.3,19.4,56.0,16.3,14.0,0.0,0,58.0,-720.0,0,,,,,
2026-01-18 22:09:00,Bedroom_LED_2,Smart LED Bulb,Power State,On,Human,23.8,19.8,57.0,13.0,23.0,0.0,0,226.2,-720.0,0,,,,,
2026-01-18 22:10:00,Bedroom_LED_2,Smart LED Bulb,Brightness,40,Human,24.5,24.5,57.0,7.7,16.0,0.0,0,227.2,-720.0,0,,,,,
2026-01-18 22:11:00,Bedroom_LED_2,Smart LED Bulb,Color Temperature,3000,Human,20.7,20.3,63.0,7.3,30.0,0.0,0,228.2,-720.0,0,,,,,
2026-01-18 22:37:00,FrontDoor_Cam_1,Security Camera,Privacy Mode,Disabled,Human,21.6,22.4,58.0,14.9,14.0,0.0,1,254.2,-720.0,0,,,,,
2026-01-18 22:40:00,Bedroom_AC_2,Smart Air Conditioner,Target Temperature,21,Human,24.4,21.9,54.0,20.6,21.0,0.0,0,257.2,-720.0,0,,,,,
2026-01-18 22:41:00,Bedroom_AC_2,Smart Air Conditioner,Operation Mode,Cool,Human,24.2,16.8,52.0,15.8,24.0,0.0,0,258.2,-720.0,0,,,,,
2026-01-18 22:59:00,LivingRoom_LED_1,Smart LED Bulb,Power State,Off,Human,22.6,21.6,47.0,4.3,23.0,0.0,0,276.2,-720.0,0,,,,,
2026-01-18 23:01:00,TV_Plug_1,Smart Plug / Outlet,Switch State,Off,Human,22.2,15.8,57.0,11.8,22.0,0.0,0,278.2,-720.0,0,,,,,
2026-01-18 23:02:00,Bedroom_Plug_1,Smart Plug / Outlet,Switch State,Off,Human,19.0,20.7,60.0,9.6,34.0,0.0,0,279.2,-720.0,0,,,,,
2026-01-19 06:25:00,Garden_Irrigation_1,Smart Irrigation Controller,Zone 1 State,On,Human,21.1,21.2,60.0,16.4,17.0,0.0,0,-718.5,50.0,0,,,,,
2026-01-19 06:59:00,LivingRoom_AC_1,Smart Air Conditioner,Target Temperature,24,Human,23.1,19.2,63.0,14.7,19.0,0.0,0,-684.5,16.0,0,,,,,
2026-01-19 07:00:00,LivingRoom_AC_1,Smart Air Conditioner,Operation Mode,Cool,Human,21.3,21.8,58.0,15.8,13.0,0.0,0,-683.5,15.0,0,,,,,
2026-01-19 07:01:00,LivingRoom_AC_1,Smart Air Conditioner,Fan Speed,Med,Human,20.7,21.1,53.0,14.9,5.0,0.0,0,-682.5,14.0,0,,,,,
2026-01-19 07:31:59,LivingRoom_Blinds_1,Smart Blinds / Shades,Open/Close Percentage,90,Human,23.7,20.3,51.0,7.2,28.0,0.0,0,-651.5,-17.0,1,,,,,
2026-01-19 07:58:00,Kitchen_Speaker_1,Smart Speaker / Receiver,Playback State,Play,Human,22.5,21.6,50.0,8.9,9.0,0.0,0,-625.5,-43.0,1,,,,,
2026-01-19 07:59:00,Kitchen_Speaker_1,Smart Speaker / Receiver,Volume Level,30,Human,25.6,19.5,60.0,10.9,12.0,0.0,0,-624.5,-44.0,1,,,,,
2026-01-19 09:01:00,Kitchen_Speaker_1,Smart Speaker / Receiver,Playback State,Stop,Human,25.1,22.5,58.0,18.8,17.0,6.5,0,-562.5,-106.0,1,,,,,
2026-01-19 18:15:27,LivingRoom_Blinds_1,Smart Blinds / Shades,Open/Close Percentage,0,Human,21.5,18.7,56.0,10.6,12.0,0.0,0,-8.0,-660.5,1,,,,,
2026-01-19 18:39:27,LivingRoom_LED_1,Smart LED Bulb,Power State,On,Human,24.9,19.4,45.0,5.5,6.0,0.0,0,16.0,-684.5,0,,,,,
2026-01-19 18:40:27,LivingRoom_LED_1,Smart LED Bulb,Brightness,80,Human,21.3,22.1,48.0,7.8,11.0,0.0,0,17.0,-685.5,0,,,,,
2026-01-19 18:41:27,LivingRoom_LED_1,Smart LED Bulb,Color Temperature,2700,Human,22.2,20.5,47.0,6.6,27.0,0.0,0,18.0,-686.5,0,,,,,
2026-01-19 19:01:27,TV_Plug_1,Smart Plug / Outlet,Switch State,On,Human,21.6,20.1,54.0,12.9,6.0,0.0,0,38.0,-706.5,0,,,,,
2026-01-19 21:57:00,Bedroom_LED_2,Smart LED Bulb,Power State,On,Human,21.8,21.7,47.0,6.7,33.0,0.0,0,213.5,-720.0,0,,,,,
2026-01-19 21:58:00,Bedroom_LED_2,Smart LED Bulb,Brightness,50,Human,20.7,19.0,61.0,16.8,30.0,0.0,0,214.5,-720.0,0,,,,,
2026-01-19 21:59:00,Bedroom_LED_2,Smart LED Bulb,Color Temperature,2700,Human,23.4,19.8,58.0,8.6,33.0,0.0,0,215.5,-720.0,0,,,,,
2026-01-19 22:31:00,Bedroom_AC_2,Smart Air Conditioner,Target Temperature,21,Human,22.3,18.6,54.0,15.5,15.0,0.0,0,247.5,-720.0,0,,,,,
2026-01-19 22:32:00,Bedroom_AC_2,Smart Air Conditioner,Operation Mode,Cool,Human,22.3,25.9,53.0,15.1,13.0,0.0,0,248.5,-720.0,0,,,,,
2026-01-19 22:38:00,FrontDoor_Cam_1,Security Camera,Privacy Mode,Enabled,Human,21.1,21.4,57.0,2.8,23.0,0.0,0,254.5,-720.0,0,,,,,
2026-01-19 22:50:00,LivingRoom_LED_1,Smart LED Bulb,Power State,Off,Human,24.4,22.9,55.0,2.5,22.0,0.0,0,266.5,-720.0,0,,,,,
2026-01-19 22:52:00,TV_Plug_1,Smart Plug / Outlet,Switch State,Off,Human,20.1,20.9,54.0,12.6,33.0,0.0,0,268.5,-720.0,0,,,,,
2026-01-19 22:53:00,Bedroom_Plug_1,Smart Plug / Outlet,Switch State,Off,Human,21.3,24.1,59.0,13.1,15.0,0.0,0,269.5,-720.0,0,,,,,
2026-01-20 06:24:00,Garden_Irrigation_1,Smart Irrigation Controller,Zone 1 State,On,Human,23.3,19.9,55.0,20.9,12.0,0.0,0,-720.0,51.0,0,,,,,
2026-01-20 07:00:00,LivingRoom_AC_1,Smart Air Conditioner,Target Temperature,23,Human,18.4,21.8,59.0,12.5,23.0,0.0,0,-684.1,15.0,0,,,,,
2026-01-20 07:01:00,LivingRoom_AC_1,Smart Air Conditioner,Operation Mode,Cool,Human,22.5,23.4,57.0,4.5,10.0,0.0,0,-683.1,14.0,0,,,,,
2026-01-20 07:02:00,LivingRoom_AC_1,Smart Air Conditioner,Fan Speed,Med,Human,22.3,22.1,60.0,9.1,32.0,0.0,0,-682.1,13.0,0,,,,,
2026-01-20 07:33:57,LivingRoom_Blinds_1,Smart Blinds / Shades,Open/Close Percentage,97,Human,23.1,18.7,57.0,15.6,30.0,0.0,0,-650.1,-19.0,1,,,,,
2026-01-20 08:09:00,Kitchen_Speaker_1,Smart Speaker / Receiver,Playback State,Play,Human,20.8,23.6,64.0,13.3,12.0,5.1,0,-615.1,-54.0,1,,,,,
2026-01-20 08:10:00,Kitchen_Speaker_1,Smart Speaker / Receiver,Volume Level,40,Human,20.4,18.1,52.0,12.7,30.0,7.5,0,-614.1,-55.0,1,,,,,
2026-01-20 08:59:00,Kitchen_Speaker_1,Smart Speaker / Receiver,Playback State,Stop,Human,20.1,19.5,50.0,9.7,25.0,6.9,0,-565.1,-104.0,1,,,,,
2026-01-20 12:00:00,LivingRoom_AC_1,Smart Air Conditioner,Target Temperature,26,Automation,21.3,22.1,58.0,17.4,16.0,6.7,0,-384.1,-285.0,1,,,,,
2026-01-20 18:05:05,LivingRoom_Blinds_1,Smart Blinds / Shades,Open/Close Percentage,0,Human,20.1,16.9,50.0,13.2,5.0,0.0,0,-19.0,-650.1,1,,,,,
2026-01-20 18:40:05,LivingRoom_LED_1,Smart LED Bulb,Power State,On,Human,24.8,24.0,46.0,10.9,25.0,0.0,0,16.0,-685.1,0,,,,,
2026-01-20 18:41:05,LivingRoom_LED_1,Smart LED Bulb,Brightness,75,Human,20.9,18.9,55.0,16.4,22.0,0.0,0,17.0,-686.1,0,,,,,
2026-01-20 18:42:05,LivingRoom_LED_1,Smart LED Bulb,Color Temperature,3000,Human,20.2,20.4,45.0,6.9,33.0,0.0,0,18.0,-687.1,0,,,,,
2026-01-20 18:54:05,TV_Plug_1,Smart Plug / Outlet,Switch State,On,Human,23.4,19.1,60.0,8.7,18.0,0.0,1,30.0,-699.1,0,,,,,
2026-01-20 22:03:00,Bedroom_LED_2,Smart LED Bulb,Power State,On,Human,19.6,21.5,52.0,17.3,28.0,0.0,1,218.9,-720.0,0,,,,,
2026-01-20 22:04:00,Bedroom_LED_2,Smart LED Bulb,Brightness,40,Human,19.7,22.6,61.0,11.4,31.0,0.0,0,219.9,-720.0,0,,,,,
2026-01-20 22:05:00,Bedroom_LED_2,Smart LED Bulb,Color Temperature,2700,Human,19.9,19.9,48.0,6.7,8.0,0.0,0,220.9,-720.0,0,,,,,
2026-01-20 22:26:00,Bedroom_AC_2,Smart Air Conditioner,Target Temperature,21,Human,26.6,22.2,61.0,10.5,29.0,0.0,0,241.9,-720.0,0,,,,,
2026-01-20 22:27:00,Bedroom_AC_2,Smart Air Conditioner,Operation Mode,Cool,Human,20.1,19.7,57.0,12.8,10.0,0.0,0,242.9,-720.0,0,,,,,
2026-01-20 22:38:00,FrontDoor_Cam_1,Security Camera,Privacy Mode,Enabled,Human,19.6,20.8,49.0,9.9,31.0,0.0,0,253.9,-720.0,0,,,,,
2026-01-20 23:06:00,LivingRoom_LED_1,Smart LED Bulb,Power State,Off,Human,20.1,22.0,52.0,7.3,8.0,0.0,0,281.9,-720.0,0,,,,,
2026-01-20 23:08:00,TV_Plug_1,Smart Plug / Outlet,Switch State,Off,Human,24.3,20.5,61.0,10.1,9.0,0.0,0,283.9,-720.0,0,,,,,
2026-01-20 23:09:00,Bedroom_Plug_1,Smart Plug / Outlet,Switch State,Off,Human,21.9,19.7,50.0,10.0,33.0,0.0,0,284.9,-720.0,0,,,,,
2026-01-21 06:24:00,Garden_Irrigation_1,Smart Irrigation Controller,Zone 1 State,On,Human,24.4,19.7,52.0,12.9,26.0,0.0,0,-720.0,50.9,0,,,,,
2026-01-21 07:02:00,LivingRoom_AC_1,Smart Air Conditioner,Target Temperature,24,Human,22.4,17.7,55.0,15.9,21.0,0.0,0,-682.7,12.9,0,,,,,
2026-01-21 07:03:00,LivingRoom_AC_1,Smart Air Conditioner,Operation Mode,Cool,Human,25.0,19.2,62.0,13.5,8.0,0.0,0,-681.7,11.9,0,,,,,
2026-01-21 07:04:00,LivingRoom_AC_1,Smart Air Conditioner,Fan Speed,Med,Human,19.1,19.2,51.0,15.8,10.0,0.0,0,-680.7,10.9,0,,,,,
2026-01-21 07:41:54,LivingRoom_Blinds_1,Smart Blinds / Shades,Open/Close Percentage,84,Human,22.4,19.6,63.0,8.8,8.0,0.0,0,-642.8,-27.0,1,,,,,
2026-01-21 08:02:00,Kitchen_Speaker_1,Smart Speaker / Receiver,Playback State,Play,Human,20.5,22.4,46.0,9.1,16.0,7.7,0,-622.7,-47.1,1,,,,,
2026-01-21 08:03:00,Kitchen_Speaker_1,Smart Speaker / Receiver,Volume Level,40,Human,25.2,20.5,63.0,12.4,26.0,5.5,0,-621.7,-48.1,1,,,,,
2026-01-21 09:03:00,Kitchen_Speaker_1,Smart Speaker / Receiver,Playback State,Stop,Human,21.0,22.1,45.0,14.0,7.0,5.6,0,-561.7,-108.1,1,,,,,
2026-01-21 18:19:43,LivingRoom_Blinds_1,Smart Blinds / Shades,Open/Close Percentage,10,Human,24.1,21.5,50.0,17.6,26.0,0.0,0,-5.0,-664.8,1,,,,,
2026-01-21 18:37:43,LivingRoom_LED_1,Smart LED Bulb,Power State,On,Human,24.8,20.7,45.0,10.4,28.0,0.0,0,13.0,-682.8,0,,,,,
2026-01-21 18:38:43,LivingRoom_LED_1,Smart LED Bulb,Brightness,70,Human,23.8,21.9,62.0,16.7,13.0,0.0,0,14.0,-683.8,0,,,,,
2026-01-21 18:39:43,LivingRoom_LED_1,Smart LED Bulb,Color Temperature,3500,Human,21.2,21.0,53.0,9.6,17.0,0.0,0,15.0,-684.8,0,,,,,
2026-01-21 19:22:43,TV_Plug_1,Smart Plug / Outlet,Switch State,On,Human,20.1,21.5,55.0,11.4,21.0,0.0,0,58.0,-720.0,0,,,,,
2026-01-21 21:57:00,Bedroom_LED_2,Smart LED Bulb,Power State,On,Human,18.1,21.2,60.0,11.3,6.0,0.0,1,212.3,-720.0,0,,,,,
2026-01-21 21:58:00,Bedroom_LED_2,Smart LED Bulb,Brightness,50,Human,24.9,20.7,45.0,13.6,29.0,0.0,0,213.3,-720.0,0,,,,,
2026-01-21 21:59:00,Bedroom_LED_2,Smart LED Bulb,Color Temperature,2700,Human,22.7,22.9,54.0,16.6,29.0,0.0,0,214.3,-720.0,0,,,,,
2026-01-21 22:32:00,Bedroom_AC_2,Smart Air Conditioner,Target Temperature,21,Human,23.4,22.9,58.0,14.1,11.0,0.0,0,247.3,-720.0,0,,,,,
2026-01-21 22:33:00,Bedroom_AC_2,Smart Air Conditioner,Operation Mode,Cool,Human,26.0,15.2,64.0,16.5,5.0,0.0,0,248.3,-720.0,0,,,,,
2026-01-21 22:35:00,FrontDoor_Cam_1,Security Camera,Privacy Mode,Enabled,Human,22.7,24.3,56.0,15.5,7.0,0.0,0,250.3,-720.0,0,,,,,
2026-01-21 22:50:00,LivingRoom_LED_1,Smart LED Bulb,Power State,Off,Human,22.5,24.2,56.0,21.5,30.0,0.0,0,265.3,-720.0,0,,,,,
2026-01-21 22:52:00,TV_Plug_1,Smart Plug / Outlet,Switch State,Off,Human,24.2,22.2,61.0,12.3,23.0,0.0,0,267.3,-720.0,0,,,,,
2026-01-21 22:53:00,Bedroom_Plug_1,Smart Plug / Outlet,Switch State,Off,Human,24.6,23.4,46.0,10.2,12.0,0.0,0,268.3,-720.0,0,,,,,
2026-01-22 06:37:00,Garden_Irrigation_1,Smart Irrigation Controller,Zone 1 State,On,Human,19.8,21.4,49.0,9.8,30.0,0.0,0,-708.4,37.8,0,,,,,
2026-01-22 07:01:00,LivingRoom_AC_1,Smart Air Conditioner,Target Temperature,24,Human,19.6,20.6,47.0,17.7,17.0,0.0,0,-684.4,13.8,0,,,,,
2026-01-22 07:02:00,LivingRoom_AC_1,Smart Air Conditioner,Operation Mode,Cool,Human,22.7,18.7,61.0,11.0,33.0,0.0,0,-683.4,12.8,0,,,,,
2026-01-22 07:03:00,LivingRoom_AC_1,Smart Air Conditioner,Fan Speed,Low,Human,21.9,22.4,58.0,7.9,20.0,0.0,0,-682.4,11.8,0,,,,,
2026-01-22 07:26:50,LivingRoom_Blinds_1,Smart Blinds / Shades,Open/Close Percentage,66,Human,21.8,23.4,58.0,11.7,26.0,0.0,0,-658.5,-12.0,1,,,,,
2026-01-22 08:07:00,Kitchen_Speaker_1,Smart Speaker / Receiver,Playback State,Play,Human,23.1,18.4,56.0,7.9,9.0,8.0,0,-618.4,-52.2,1,,,,,
2026-01-22 08:08:00,Kitchen_Speaker_1,Smart Speaker / Receiver,Volume Level,30,Human,21.5,23.1,56.0,0.0,10.0,6.2,0,-617.4,-53.2,1,,,,,
2026-01-22 09:01:00,Kitchen_Speaker_1,Smart Speaker / Receiver,Playback State,Stop,Human,21.1,23.5,59.0,11.7,20.0,7.0,0,-564.4,-106.2,1,,,,,
2026-01-22 18:24:21,LivingRoom_Blinds_1,Smart Blinds / Shades,Open/Close Percentage,0,Human,23.5,20.6,46.0,10.4,29.0,0.0,0,-1.0,-669.5,1,,,,,
2026-01-22 18:42:21,LivingRoom_LED_1,Smart LED Bulb,Power State,On,Human,24.9,20.9,45.0,8.4,7.0,0.0,0,17.0,-687.5,0,,,,,
2026-01-22 18:43:21,LivingRoom_LED_1,Smart LED Bulb,Brightness,60,Human,23.4,24.2,50.0,13.2,34.0,0.0,0,18.0,-688.5,0,,,,,
2026-01-22 18:44:21,LivingRoom_LED_1,Smart LED Bulb,Color Temperature,2700,Human,21.4,23.6,46.0,8.0,29.0,0.0,0,19.0,-689.5,0,,,,,
2026-01-22 19:18:21,TV_Plug_1,Smart Plug / Outlet,Switch State,On,Human,20.5,21.9,56.0,10.4,30.0,0.0,0,53.0,-720.0,0,,,,,
2026-01-22 21:51:00,Bedroom_LED_2,Smart LED Bulb,Power State,On,Human,21.5,19.5,62.0,4.8,5.0,0.0,0,205.6,-720.0,0,,,,,
2026-01-22 21:52:00,Bedroom_LED_2,Smart LED Bulb,Brightness,40,Human,22.3,18.4,50.0,10.3,12.0,0.0,0,206.6,-720.0,0,,,,,
2026-01-22 21:53:00,Bedroom_LED_2,Smart LED Bulb,Color Temperature,3000,Human,21.3,19.8,57.0,14.9,5.0,0.0,0,207.6,-720.0,0,,,,,
2026-01-22 22:32:00,Bedroom_AC_2,Smart Air Conditioner,Target Temperature,21,Human,22.6,16.8,50.0,13.3,19.0,0.0,0,246.6,-720.0,0,,,,,
2026-01-22 22:33:00,Bedroom_AC_2,Smart Air Conditioner,Operation Mode,Cool,Human,25.0,19.8,51.0,9.2,18.0,0.0,0,247.6,-720.0,0,,,,,
2026-01-22 22:51:00,FrontDoor_Cam_1,Security Camera,Privacy Mode,Enabled,Human,21.5,20.4,45.0,14.2,22.0,0.0,0,265.6,-720.0,0,,,,,
2026-01-22 23:08:00,LivingRoom_LED_1,Smart LED Bulb,Power State,Off,Human,20.9,20.5,49.0,20.9,24.0,0.0,0,282.6,-720.0,0,,,,,
2026-01-22 23:10:00,TV_Plug_1,Smart Plug / Outlet,Switch State,Off,Human,18.5,19.0,58.0,10.9,28.0,0.0,0,284.6,-720.0,0,,,,,
2026-01-22 23:11:00,Bedroom_Plug_1,Smart Plug / Outlet,Switch State,Off,Human,20.8,20.8,64.0,12.5,29.0,0.0,0,285.6,-720.0,0,,,,,
2026-01-23 06:36:00,Garden_Irrigation_1,Smart Irrigation Controller,Zone 1 State,On,Human,23.1,24.2,51.0,4.3,12.0,0.0,0,-710.0,38.7,0,,,,,
2026-01-23 06:48:00,LivingRoom_AC_1,Smart Air Conditioner,Target Temperature,23,Human,23.6,21.5,54.0,13.4,16.0,0.0,0,-698.0,26.7,0,,,,,
2026-01-23 06:49:00,LivingRoom_AC_1,Smart Air Conditioner,Operation Mode,Cool,Human,20.9,21.9,52.0,14.5,31.0,0.0,0,-697.0,25.7,0,,,,,
2026-01-23 06:50:00,LivingRoom_AC_1,Smart Air Conditioner,Fan Speed,High,Human,23.6,20.2,59.0,14.6,15.0,0.0,0,-696.0,24.7,0,,,,,
2026-01-23 07:26:44,LivingRoom_Blinds_1,Smart Blinds / Shades,Open/Close Percentage,82,Human,22.5,22.4,47.0,12.1,29.0,0.0,0,-659.2,-12.0,1,,,,,
2026-01-23 08:05:00,Kitchen_Speaker_1,Smart Speaker / Receiver,Playback State,Play,Human,20.9,22.6,61.0,16.0,23.0,7.3,0,-621.0,-50.3,1,,,,,
2026-01-23 08:06:00,Kitchen_Speaker_1,Smart Speaker / Receiver,Volume Level,40,Human,20.9,20.4,60.0,14.7,8.0,5.3,0,-620.0,-51.3,1,,,,,
2026-01-23 08:50:00,Kitchen_Speaker_1,Smart Speaker / Receiver,Playback State,Stop,Human,22.9,22.5,61.0,9.7,25.0,5.9,0,-576.0,-95.3,1,,,,,
2026-01-23 12:00:00,LivingRoom_AC_1,Smart Air Conditioner,Target Temperature,26,Automation,21.8,22.6,60.0,12.2,20.0,5.9,0,-386.0,-285.3,1,,,,,
2026-01-23 18:19:58,LivingRoom_Blinds_1,Smart Blinds / Shades,Open/Close Percentage,10,Human,21.8,20.7,47.0,12.3,25.0,0.0,0,-6.0,-665.2,1,,,,,
2026-01-23 18:41:58,LivingRoom_LED_1,Smart LED Bulb,Power State,On,Human,18.0,17.1,54.0,13.4,31.0,0.0,0,16.0,-687.2,0,,,,,
2026-01-23 18:42:58,LivingRoom_LED_1,Smart LED Bulb,Brightness,80,Human,20.2,23.2,52.0,9.4,14.0,0.0,0,17.0,-688.2,0,,,,,
2026-01-23 18:43:58,LivingRoom_LED_1,Smart LED Bulb,Color Temperature,3000,Human,21.5,20.9,60.0,12.3,12.0,0.0,1,18.0,-689.2,0,,,,,
2026-01-23 19:04:58,TV_Plug_1,Smart Plug / Outlet,Switch State,On,Human,22.2,21.5,64.0,11.9,12.0,0.0,0,39.0,-710.2,0,,,,,
2026-01-23 22:07:00,Bedroom_LED_2,Smart LED Bulb,Power State,On,Human,21.0,19.0,55.0,6.2,27.0,0.0,0,221.0,-720.0,0,,,,,
2026-01-23 22:08:00,Bedroom_LED_2,Smart LED Bulb,Brightness,30,Human,21.8,19.6,59.0,13.9,11.0,0.0,0,222.0,-720.0,0,,,,,
2026-01-23 22:09:00,Bedroom_LED_2,Smart LED Bulb,Color Temperature,3000,Human,21.0,20.5,61.0,15.4,27.0,0.0,0,223.0,-720.0,0,,,,,
2026-01-23 22:35:00,FrontDoor_Cam_1,Security Camera,Privacy Mode,Disabled,Human,24.1,21.7,56.0,7.9,28.0,0.0,0,249.0,-720.0,0,,,,,
2026-01-23 22:36:00,Bedroom_AC_2,Smart Air Conditioner,Target Temperature,20,Human,20.1,21.4,56.0,13.4,16.0,0.0,0,250.0,-720.0,0,,,,,
2026-01-23 22:37:00,Bedroom_AC_2,Smart Air Conditioner,Operation Mode,Fan,Human,20.5,19.3,50.0,9.5,17.0,0.0,0,251.0,-720.0,0,,,,,
2026-01-23 23:00:00,LivingRoom_LED_1,Smart LED Bulb,Power State,Off,Human,21.5,22.9,50.0,12.3,8.0,0.0,0,274.0,-720.0,0,,,,,
2026-01-23 23:02:00,TV_Plug_1,Smart Plug / Outlet,Switch State,Off,Human,23.0,20.3,53.0,15.9,22.0,0.0,0,276.0,-720.0,0,,,,,
2026-01-23 23:03:00,Bedroom_Plug_1,Smart Plug / Outlet,Switch State,Off,Human,20.7,27.0,50.0,12.8,17.0,0.0,0,277.0,-720.0,0,,,,,
2026-01-24 06:31:00,Garden_Irrigation_1,Smart Irrigation Controller,Zone 1 State,On,Human,21.6,18.9,59.0,12.7,13.0,0.0,0,-715.6,43.6,0,,,,,
2026-01-24 09:03:00,Hallway_Vacuum_1,Robot Vacuum,Cleaning State,Clean,Human,20.2,18.3,45.0,13.4,23.0,5.8,0,-563.6,-108.4,1,,,,,
2026-01-24 09:04:00,Hallway_Vacuum_1,Robot Vacuum,Suction Power,Standard,Human,20.0,18.3,50.0,13.5,13.0,5.7,0,-562.6,-109.4,1,,,,,
2026-01-24 12:00:00,LivingRoom_AC_1,Smart Air Conditioner,Target Temperature,26,Automation,21.6,19.0,57.0,14.4,17.0,4.6,0,-386.6,-285.4,1,,,,,
2026-01-24 14:36:00,LivingRoom_AC_1,Smart Air Conditioner,Target Temperature,22,Human,20.5,24.6,48.0,2.9,15.0,7.3,0,-230.6,-441.4,1,,,,,
2026-01-24 14:37:00,LivingRoom_AC_1,Smart Air Conditioner,Operation Mode,Cool,Human,20.8,23.0,49.0,18.6,5.0,6.5,0,-229.6,-442.4,1,,,,,
2026-01-24 18:32:35,LivingRoom_LED_1,Smart LED Bulb,Power State,On,Human,22.5,24.6,55.0,10.0,7.0,0.0,0,6.0,-678.0,0,,,,,
2026-01-24 18:33:35,LivingRoom_LED_1,Smart LED Bulb,Brightness,65,Human,21.9,24.4,52.0,7.1,15.0,0.0,0,7.0,-679.0,0,,,,,
2026-01-24 18:34:35,LivingRoom_LED_1,Smart LED Bulb,Color Temperature,3000,Human,22.7,20.9,63.0,18.7,19.0,0.0,0,8.0,-680.0,0,,,,,
2026-01-24 18:56:35,TV_Plug_1,Smart Plug / Outlet,Switch State,On,Human,21.8,19.4,53.0,9.5,26.0,0.0,0,30.0,-702.0,0,,,,,
2026-01-24 21:55:00,Bedroom_LED_2,Smart LED Bulb,Power State,On,Human,20.6,21.3,59.0,8.9,32.0,0.0,0,208.4,-720.0,0,,,,,
2026-01-24 21:56:00,Bedroom_LED_2,Smart LED Bulb,Brightness,40,Human,25.1,22.8,63.0,13.0,8.0,0.0,0,209.4,-720.0,0,,,,,
2026-01-24 21:57:00,Bedroom_LED_2,Smart LED Bulb,Color Temperature,3000,Human,23.3,20.6,50.0,13.2,10.0,0.0,0,210.4,-720.0,0,,,,,
2026-01-24 22:36:00,Bedroom_AC_2,Smart Air Conditioner,Target Temperature,21,Human,22.1,21.0,62.0,13.4,28.0,0.0,0,249.4,-720.0,0,,,,,
2026-01-24 22:37:00,Bedroom_AC_2,Smart Air Conditioner,Operation Mode,Fan,Human,21.8,21.1,64.0,12.3,8.0,0.0,0,250.4,-720.0,0,,,,,
2026-01-24 22:39:00,FrontDoor_Cam_1,Security Camera,Privacy Mode,Enabled,Human,21.3,21.0,59.0,17.0,26.0,0.0,0,252.4,-720.0,0,,,,,
2026-01-24 22:54:00,LivingRoom_LED_1,Smart LED Bulb,Power State,Off,Human,23.9,20.1,54.0,13.1,7.0,0.0,0,267.4,-720.0,0,,,,,
2026-01-24 22:56:00,TV_Plug_1,Smart Plug / Outlet,Switch State,Off,Human,20.4,19.2,53.0,8.7,32.0,0.0,0,269.4,-720.0,0,,,,,
2026-01-24 22:57:00,Bedroom_Plug_1,Smart Plug / Outlet,Switch State,Off,Human,17.8,21.2,55.0,13.5,22.0,0.0,0,270.4,-720.0,0,,,,,
2026-01-25 06:32:00,Garden_Irrigation_1,Smart Irrigation Controller,Zone 1 State,On,Human,21.8,19.5,59.0,12.3,5.0,0.0,0,-715.2,42.5,0,,,,,
2026-01-25 12:00:00,LivingRoom_AC_1,Smart Air Conditioner,Target Temperature,26,Automation,21.9,20.8,56.0,13.6,9.0,4.3,0,-387.2,-285.5,1,,,,,
2026-01-25 14:37:00,LivingRoom_AC_1,Smart Air Conditioner,Target Temperature,22,Human,21.7,20.3,48.0,12.1,27.0,7.2,0,-230.2,-442.5,1,,,,,
2026-01-25 14:38:00,LivingRoom_AC_1,Smart Air Conditioner,Operation Mode,Cool,Human,22.2,24.9,55.0,10.9,24.0,6.4,0,-229.2,-443.5,1,,,,,
2026-01-25 18:34:12,LivingRoom_LED_1,Smart LED Bulb,Power State,On,Human,22.2,18.8,46.0,14.1,32.0,0.0,0,7.0,-679.7,0,,,,,
2026-01-25 18:35:12,LivingRoom_LED_1,Smart LED Bulb,Brightness,60,Human,18.9,20.6,55.0,12.7,21.0,0.0,0,8.0,-680.7,0,,,,,
2026-01-25 18:36:12,LivingRoom_LED_1,Smart LED Bulb,Color Temperature,3000,Human,20.5,19.8,64.0,10.1,6.0,0.0,0,9.0,-681.7,0,,,,,
2026-01-25 19:12:12,TV_Plug_1,Smart Plug / Outlet,Switch State,On,Human,23.7,26.4,61.0,14.7,21.0,0.0,0,45.0,-717.7,0,,,,,
2026-01-25 22:09:00,Bedroom_LED_2,Smart LED Bulb,Power State,On,Human,20.4,15.7,63.0,8.6,13.0,0.0,0,221.8,-720.0,0,,,,,
2026-01-25 22:10:00,Bedroom_LED_2,Smart LED Bulb,Brightness,40,Human,19.5,22.8,61.0,11.6,9.0,0.0,0,222.8,-720.0,0,,,,,
2026-01-25 22:11:00,Bedroom_LED_2,Smart LED Bulb,Color Temperature,2700,Human,19.8,20.0,62.0,12.1,14.0,0.0,0,223.8,-720.0,0,,,,,
2026-01-25 22:24:00,Bedroom_AC_2,Smart Air Conditioner,Target Temperature,21,Human,20.3,21.2,45.0,9.7,13.0,0.0,0,236.8,-720.0,0,,,,,
2026-01-25 22:25:00,Bedroom_AC_2,Smart Air Conditioner,Operation Mode,Cool,Human,22.5,22.7,50.0,14.5,18.0,0.0,0,237.8,-720.0,0,,,,,
2026-01-25 22:40:00,FrontDoor_Cam_1,Security Camera,Privacy Mode,Disabled,Human,20.9,20.2,64.0,9.1,28.0,0.0,0,252.8,-720.0,0,,,,,
2026-01-25 23:05:00,LivingRoom_LED_1,Smart LED Bulb,Power State,Off,Human,24.8,19.2,50.0,14.1,22.0,0.0,0,277.8,-720.0,0,,,,,
2026-01-25 23:07:00,TV_Plug_1,Smart Plug / Outlet,Switch State,Off,Human,23.5,22.7,58.0,7.4,6.0,0.0,0,279.8,-720.0,0,,,,,
2026-01-25 23:08:00,Bedroom_Plug_1,Smart Plug / Outlet,Switch State,Off,Human,22.7,23.4,53.0,9.2,18.0,0.0,0,280.8,-720.0,0,,,,,
2026-01-26 06:28:00,Garden_Irrigation_1,Smart Irrigation Controller,Zone 1 State,On,Human,21.4,20.5,54.0,14.1,15.0,0.0,0,-719.8,46.3,0,,,,,
2026-01-26 07:05:00,LivingRoom_AC_1,Smart Air Conditioner,Target Temperature,24,Human,24.1,20.8,50.0,7.9,10.0,0.0,0,-682.8,9.3,0,,,,,
2026-01-26 07:06:00,LivingRoom_AC_1,Smart Air Conditioner,Operation Mode,Cool,Human,20.1,20.8,53.0,14.4,24.0,0.0,0,-681.8,8.3,0,,,,,
2026-01-26 07:07:00,LivingRoom_AC_1,Smart Air Conditioner,Fan Speed,High,Human,23.3,22.5,58.0,14.9,18.0,0.0,1,-680.8,7.3,0,,,,,
2026-01-26 07:25:20,LivingRoom_Blinds_1,Smart Blinds / Shades,Open/Close Percentage,83,Human,20.1,20.4,56.0,9.9,6.0,0.0,0,-662.5,-11.0,1,,,,,
2026-01-26 07:56:00,Kitchen_Speaker_1,Smart Speaker / Receiver,Playback State,Play,Human,25.0,21.3,45.0,15.5,27.0,0.0,0,-631.8,-41.7,1,,,,,
2026-01-26 07:57:00,Kitchen_Speaker_1,Smart Speaker / Receiver,Volume Level,30,Human,23.1,22.5,45.0,15.7,14.0,0.0,0,-630.8,-42.7,1,,,,,
2026-01-26 09:06:00,Kitchen_Speaker_1,Smart Speaker / Receiver,Playback State,Stop,Human,23.2,19.8,56.0,13.9,7.0,5.0,0,-561.8,-111.7,1,,,,,
2026-01-26 18:22:48,LivingRoom_Blinds_1,Smart Blinds / Shades,Open/Close Percentage,0,Human,23.7,20.3,57.0,11.6,28.0,0.0,0,-5.0,-668.5,1,,,,,
2026-01-26 18:32:48,LivingRoom_LED_1,Smart LED Bulb,Power State,On,Human,23.2,18.4,53.0,12.8,16.0,0.0,0,5.0,-678.5,0,,,,,
2026-01-26 18:33:48,LivingRoom_LED_1,Smart LED Bulb,Brightness,65,Human,24.7,18.6,50.0,10.9,8.0,0.0,0,6.0,-679.5,0,,,,,
2026-01-26 18:34:48,LivingRoom_LED_1,Smart LED Bulb,Color Temperature,2700,Human,20.6,19.7,49.0,13.5,23.0,0.0,0,7.0,-680.5,0,,,,,
2026-01-26 19:04:48,TV_Plug_1,Smart Plug / Outlet,Switch State,On,Human,19.8,18.0,52.0,9.0,25.0,0.0,0,37.0,-710.5,0,,,,,
2026-01-26 22:02:00,Bedroom_LED_2,Smart LED Bulb,Power State,On,Human,19.7,18.3,58.0,18.0,15.0,0.0,0,214.2,-720.0,0,,,,,
2026-01-26 22:03:00,Bedroom_LED_2,Smart LED Bulb,Brightness,40,Human,22.1,18.7,52.0,10.3,9.0,0.0,0,215.2,-720.0,0,,,,,
2026-01-26 22:04:00,Bedroom_LED_2,Smart LED Bulb,Color Temperature,3000,Human,24.3,20.2,62.0,9.5,11.0,0.0,0,216.2,-720.0,0,,,,,
2026-01-26 22:25:00,Bedroom_AC_2,Smart Air Conditioner,Target Temperature,21,Human,22.2,21.2,57.0,10.1,30.0,0.0,0,237.2,-720.0,0,,,,,
2026-01-26 22:26:00,Bedroom_AC_2,Smart Air Conditioner,Operation Mode,Cool,Human,18.5,20.9,46.0,14.4,29.0,0.0,0,238.2,-720.0,0,,,,,
2026-01-26 22:53:00,FrontDoor_Cam_1,Security Camera,Privacy Mode,Enabled,Human,25.5,18.0,60.0,16.0,24.0,0.0,0,265.2,-720.0,0,,,,,
2026-01-26 23:11:00,LivingRoom_LED_1,Smart LED Bulb,Power State,Off,Human,23.4,21.7,56.0,10.7,24.0,0.0,1,283.2,-720.0,0,,,,,
2026-01-26 23:13:00,TV_Plug_1,Smart Plug / Outlet,Switch State,Off,Human,21.3,22.4,47.0,13.6,23.0,0.0,0,285.2,-720.0,0,,,,,
2026-01-26 23:14:00,Bedroom_Plug_1,Smart Plug / Outlet,Switch State,Off,Human,22.3,16.9,61.0,9.3,31.0,0.0,0,286.2,-720.0,0,,,,,
2026-01-27 06:30:00,Garden_Irrigation_1,Smart Irrigation Controller,Zone 1 State,On,Human,23.7,21.0,59.0,12.9,18.0,0.0,0,-718.4,44.2,0,,,,,
2026-01-27 07:07:00,LivingRoom_AC_1,Smart Air Conditioner,Target Temperature,23,Human,21.5,20.7,54.0,8.6,13.0,0.0,0,-681.4,7.2,0,,,,,
2026-01-27 07:08:00,LivingRoom_AC_1,Smart Air Conditioner,Operation Mode,Cool,Human,21.7,18.6,51.0,11.8,23.0,0.0,0,-680.4,6.2,0,,,,,
2026-01-27 07:09:00,LivingRoom_AC_1,Smart Air Conditioner,Fan Speed,High,Human,25.4,20.1,61.0,9.2,14.0,0.0,0,-679.4,5.2,0,,,,,
2026-01-27 07:24:10,LivingRoom_Blinds_1,Smart Blinds / Shades,Open/Close Percentage,80,Human,23.4,21.8,47.0,6.9,32.0,0.0,0,-664.2,-10.0,1,,,,,
2026-01-27 08:03:00,Kitchen_Speaker_1,Smart Speaker / Receiver,Playback State,Play,Human,23.7,24.1,63.0,12.5,5.0,6.5,0,-625.4,-48.8,1,,,,,
2026-01-27 08:04:00,Kitchen_Speaker_1,Smart Speaker / Receiver,Volume Level,35,Human,22.8,21.6,45.0,11.1,34.0,6.0,0,-624.4,-49.8,1,,,,,
2026-01-27 08:53:00,Kitchen_Speaker_1,Smart Speaker / Receiver,Playback State,Stop,Human,19.2,21.0,46.0,9.3,29.0,7.6,0,-575.4,-98.8,1,,,,,
2026-01-27 18:00:00,LivingRoom_LED_1,Smart LED Bulb,Brightness,50,Automation,22.4,20.9,55.0,9.2,15.0,0.0,0,-28.4,-645.8,1,,,,,
2026-01-27 18:12:24,LivingRoom_Blinds_1,Smart Blinds / Shades,Open/Close Percentage,10,Human,19.3,21.0,60.0,16.2,22.0,0.0,0,-16.0,-658.2,1,,,,,
2026-01-27 18:46:24,LivingRoom_LED_1,Smart LED Bulb,Power State,On,Human,23.7,21.4,60.0,10.0,17.0,0.0,0,18.0,-692.2,0,,,,,
2026-01-27 18:47:24,LivingRoom_LED_1,Smart LED Bulb,Brightness,80,Human,23.1,21.6,55.0,5.0,7.0,0.0,0,19.0,-693.2,0,,,,,
2026-01-27 18:48:24,LivingRoom_LED_1,Smart LED Bulb,Color Temperature,3000,Human,20.7,23.1,55.0,14.4,18.0,0.0,0,20.0,-694.2,0,,,,,
2026-01-27 19:12:24,TV_Plug_1,Smart Plug / Outlet,Switch State,On,Human,24.3,23.8,57.0,12.8,34.0,0.0,0,44.0,-718.2,0,,,,,
2026-01-27 21:56:00,Bedroom_LED_2,Smart LED Bulb,Power State,On,Human,21.9,19.8,60.0,11.4,8.0,0.0,0,207.6,-720.0,0,,,,,
2026-01-27 21:57:00,Bedroom_LED_2,Smart LED Bulb,Brightness,50,Human,18.0,18.3,48.0,12.4,20.0,0.0,0,208.6,-720.0,0,,,,,
2026-01-27 21:58:00,Bedroom_LED_2,Smart LED Bulb,Color Temperature,3000,Human,23.1,23.3,56.0,6.0,21.0,0.0,0,209.6,-720.0,0,,,,,
2026-01-27 22:23:00,Bedroom_AC_2,Smart Air Conditioner,Target Temperature,21,Human,20.7,18.2,45.0,9.9,8.0,0.0,0,234.6,-720.0,0,,,,,
2026-01-27 22:24:00,Bedroom_AC_2,Smart Air Conditioner,Operation Mode,Fan,Human,24.5,23.9,60.0,9.3,10.0,0.0,0,235.6,-720.0,0,,,,,
2026-01-27 22:42:00,FrontDoor_Cam_1,Security Camera,Privacy Mode,Enabled,Human,21.6,19.4,47.0,13.0,15.0,0.0,0,253.6,-720.0,0,,,,,
2026-01-27 22:55:00,LivingRoom_LED_1,Smart LED Bulb,Power State,Off,Human,21.4,22.3,50.0,10.9,34.0,0.0,0,266.6,-720.0,0,,,,,
2026-01-27 22:57:00,TV_Plug_1,Smart Plug / Outlet,Switch State,Off,Human,22.6,22.4,53.0,16.3,26.0,0.0,0,268.6,-720.0,0,,,,,
2026-01-27 22:58:00,Bedroom_Plug_1,Smart Plug / Outlet,Switch State,Off,Human,22.9,21.4,61.0,18.1,20.0,0.0,0,269.6,-720.0,0,,,,,
2026-01-28 06:38:00,Garden_Irrigation_1,Smart Irrigation Controller,Zone 1 State,Off,Human,19.8,23.5,45.0,6.6,5.0,0.0,0,-711.0,36.0,0,,,,,
2026-01-28 06:56:00,LivingRoom_AC_1,Smart Air Conditioner,Target Temperature,23,Human,21.4,26.0,51.0,17.1,7.0,0.0,0,-693.0,18.0,0,,,,,
2026-01-28 06:57:00,LivingRoom_AC_1,Smart Air Conditioner,Operation Mode,Cool,Human,19.5,23.4,62.0,12.2,27.0,0.0,0,-692.0,17.0,0,,,,,
2026-01-28 06:58:00,LivingRoom_AC_1,Smart Air Conditioner,Fan Speed,Med,Human,22.4,24.3,54.0,6.1,30.0,0.0,0,-691.0,16.0,0,,,,,
2026-01-28 07:32:58,LivingRoom_Blinds_1,Smart Blinds / Shades,Open/Close Percentage,64,Human,21.1,21.2,62.0,9.3,30.0,0.0,0,-656.0,-19.0,1,,,,,
2026-01-28 07:53:00,Kitchen_Speaker_1,Smart Speaker / Receiver,Playback State,Play,Human,19.8,20.4,62.0,9.6,28.0,0.0,0,-636.0,-39.0,1,,,,,
2026-01-28 07:54:00,Kitchen_Speaker_1,Smart Speaker / Receiver,Volume Level,40,Human,23.4,22.9,56.0,14.1,30.0,0.0,0,-635.0,-40.0,1,,,,,
2026-01-28 09:02:00,Kitchen_Speaker_1,Smart Speaker / Receiver,Playback State,Stop,Human,21.5,21.1,53.0,10.6,33.0,6.2,0,-567.0,-108.0,1,,,,,
2026-01-28 12:00:00,LivingRoom_AC_1,Smart Air Conditioner,Target Temperature,26,Automation,20.1,24.7,55.0,13.7,29.0,7.7,0,-389.0,-286.0,1,,,,,
2026-01-28 18:15:59,LivingRoom_Blinds_1,Smart Blinds / Shades,Open/Close Percentage,0,Human,18.6,21.1,58.0,10.0,22.0,0.0,1,-13.0,-662.0,1,,,,,
2026-01-28 18:37:59,LivingRoom_LED_1,Smart LED Bulb,Power State,On,Human,27.5,18.3,51.0,6.2,26.0,0.0,0,9.0,-684.0,0,,,,,
2026-01-28 18:38:59,LivingRoom_LED_1,Smart LED Bulb,Brightness,70,Human,19.9,19.6,53.0,15.3,12.0,0.0,0,10.0,-685.0,0,,,,,
2026-01-28 18:39:59,LivingRoom_LED_1,Smart LED Bulb,Color Temperature,2700,Human,22.4,19.7,53.0,13.6,32.0,0.0,0,11.0,-686.0,0,,,,,
2026-01-28 19:07:59,TV_Plug_1,Smart Plug / Outlet,Switch State,On,Human,21.5,19.6,56.0,20.2,26.0,0.0,0,39.0,-714.0,0,,,,,
2026-01-28 21:56:00,Bedroom_LED_2,Smart LED Bulb,Power State,On,Human,21.7,22.5,55.0,6.2,14.0,0.0,0,207.0,-720.0,0,,,,,
2026-01-28 21:57:00,Bedroom_LED_2,Smart LED Bulb,Brightness,50,Human,25.1,21.9,64.0,10.0,11.0,0.0,0,208.0,-720.0,0,,,,,
2026-01-28 21:58:00,Bedroom_LED_2,Smart LED Bulb,Color Temperature,2700,Human,22.6,21.4,62.0,15.9,29.0,0.0,0,209.0,-720.0,0,,,,,
2026-01-28 22:38:00,Bedroom_AC_2,Smart Air Conditioner,Target Temperature,21,Human,20.2,21.2,63.0,9.6,22.0,0.0,0,249.0,-720.0,0,,,,,
2026-01-28 22:39:00,Bedroom_AC_2,Smart Air Conditioner,Operation Mode,Cool,Human,19.2,20.7,56.0,15.0,21.0,0.0,0,250.0,-720.0,0,,,,,
2026-01-28 22:40:00,FrontDoor_Cam_1,Security Camera,Privacy Mode,Enabled,Human,25.0,21.8,50.0,16.7,30.0,0.0,0,251.0,-720.0,0,,,,,
2026-01-28 22:57:00,LivingRoom_LED_1,Smart LED Bulb,Power State,Off,Human,20.3,24.3,58.0,13.9,33.0,0.0,0,268.0,-720.0,0,,,,,
2026-01-28 22:59:00,TV_Plug_1,Smart Plug / Outlet,Switch State,Off,Human,25.0,22.9,55.0,12.4,18.0,0.0,0,270.0,-720.0,0,,,,,
2026-01-28 23:00:00,Bedroom_Plug_1,Smart Plug / Outlet,Switch State,Off,Human,19.7,20.8,54.0,6.8,32.0,0.0,0,271.0,-720.0,0,,,,,
2026-01-29 06:24:00,Garden_Irrigation_1,Smart Irrigation Controller,Zone 1 State,On,Human,20.3,19.2,51.0,13.4,16.0,0.0,0,-720.0,49.8,0,,,,,
2026-01-29 07:05:00,LivingRoom_AC_1,Smart Air Conditioner,Target Temperature,24,Human,23.5,22.8,60.0,0.7,11.0,0.0,0,-684.6,8.8,0,,,,,
2026-01-29 07:06:00,LivingRoom_AC_1,Smart Air Conditioner,Operation Mode,Cool,Human,23.7,25.5,49.0,16.7,26.0,0.0,0,-683.6,7.8,0,,,,,
2026-01-29 07:07:00,LivingRoom_AC_1,Smart Air Conditioner,Fan Speed,Med,Human,23.2,23.0,62.0,7.0,23.0,0.0,0,-682.6,6.8,0,,,,,
2026-01-29 07:30:45,LivingRoom_Blinds_1,Smart Blinds / Shades,Open/Close Percentage,90,Human,21.1,20.5,52.0,9.0,15.0,0.0,0,-658.8,-17.0,1,,,,,
2026-01-29 07:51:00,Kitchen_Speaker_1,Smart Speaker / Receiver,Playback State,Play,Human,21.8,21.3,57.0,13.6,24.0,0.0,0,-638.6,-37.2,1,,,,,
2026-01-29 07:52:00,Kitchen_Speaker_1,Smart Speaker / Receiver,Volume Level,40,Human,23.6,23.3,45.0,9.2,17.0,0.0,0,-637.6,-38.2,1,,,,,
2026-01-29 08:53:00,Kitchen_Speaker_1,Smart Speaker / Receiver,Playback State,Stop,Human,24.2,21.6,62.0,9.8,13.0,5.5,0,-576.6,-99.2,1,,,,,
2026-01-29 18:28:35,LivingRoom_Blinds_1,Smart Blinds / Shades,Open/Close Percentage,0,Human,20.7,22.5,61.0,14.3,23.0,0.0,0,-1.0,-674.8,1,,,,,
2026-01-29 18:42:35,LivingRoom_LED_1,Smart LED Bulb,Power State,On,Human,20.8,20.2,62.0,18.7,26.0,0.0,0,13.0,-688.8,0,,,,,
2026-01-29 18:43:35,LivingRoom_LED_1,Smart LED Bulb,Brightness,70,Human,23.1,19.3,46.0,7.6,31.0,0.0,0,14.0,-689.8,0,,,,,
2026-01-29 18:44:35,LivingRoom_LED_1,Smart LED Bulb,Color Temperature,2700,Human,19.5,23.1,61.0,8.6,27.0,0.0,0,15.0,-690.8,0,,,,,
2026-01-29 19:07:35,TV_Plug_1,Smart Plug / Outlet,Switch State,On,Human,24.0,24.2,59.0,14.4,25.0,0.0,0,38.0,-713.8,0,,,,,
2026-01-29 22:05:00,Bedroom_LED_2,Smart LED Bulb,Power State,On,Human,22.1,23.0,49.0,12.7,12.0,0.0,0,215.4,-720.0,0,,,,,
2026-01-29 22:06:00,Bedroom_LED_2,Smart LED Bulb,Brightness,40,Human,21.7,21.5,60.0,11.2,25.0,0.0,0,216.4,-720.0,0,,,,,
2026-01-29 22:07:00,Bedroom_LED_2,Smart LED Bulb,Color Temperature,2700,Human,23.5,20.0,63.0,14.7,22.0,0.0,0,217.4,-720.0,0,,,,,
2026-01-29 22:18:00,Bedroom_AC_2,Smart Air Conditioner,Target Temperature,21,Human,21.6,19.3,49.0,15.4,27.0,0.0,0,228.4,-720.0,0,,,,,
2026-01-29 22:19:00,Bedroom_AC_2,Smart Air Conditioner,Operation Mode,Cool,Human,22.4,16.7,61.0,11.3,27.0,0.0,0,229.4,-720.0,0,,,,,
2026-01-29 22:37:00,FrontDoor_Cam_1,Security Camera,Privacy Mode,Enabled,Human,20.8,20.9,52.0,8.1,25.0,0.0,0,247.4,-720.0,0,,,,,
2026-01-29 22:49:00,LivingRoom_LED_1,Smart LED Bulb,Power State,Off,Human,21.3,19.4,58.0,11.7,27.0,0.0,0,259.4,-720.0,0,,,,,
2026-01-29 22:51:00,TV_Plug_1,Smart Plug / Outlet,Switch State,Off,Human,20.9,14.9,63.0,14.2,19.0,0.0,0,261.4,-720.0,0,,,,,
2026-01-29 22:52:00,Bedroom_Plug_1,Smart Plug / Outlet,Switch State,Off,Human,23.6,20.9,53.0,10.7,19.0,0.0,0,262.4,-720.0,0,,,,,
2026-01-30 06:35:00,Garden_Irrigation_1,Smart Irrigation Controller,Zone 1 State,On,Human,24.3,20.9,50.0,13.7,24.0,0.0,0,-715.2,38.5,0,,,,,
2026-01-30 06:59:00,LivingRoom_AC_1,Smart Air Conditioner,Target Temperature,24,Human,22.5,23.4,57.0,14.2,29.0,0.0,0,-691.2,14.5,0,,,,,
2026-01-30 07:00:00,LivingRoom_AC_1,Smart Air Conditioner,Operation Mode,Cool,Human,17.1,21.5,47.0,11.7,21.0,0.0,0,-690.2,13.5,0,,,,,
2026-01-30 07:01:00,LivingRoom_AC_1,Smart Air Conditioner,Fan Speed,High,Human,25.4,24.7,64.0,13.0,30.0,0.0,0,-689.2,12.5,0,,,,,
2026-01-30 07:38:31,LivingRoom_Blinds_1,Smart Blinds / Shades,Open/Close Percentage,81,Human,23.9,20.7,64.0,7.7,13.0,0.0,0,-651.6,-25.0,1,,,,,
2026-01-30 08:01:00,Kitchen_Speaker_1,Smart Speaker / Receiver,Playback State,Play,Human,26.4,20.8,59.0,9.2,21.0,7.0,0,-629.2,-47.5,1,,,,,
2026-01-30 08:02:00,Kitchen_Speaker_1,Smart Speaker / Receiver,Volume Level,35,Human,18.6,23.0,63.0,5.0,8.0,7.3,0,-628.2,-48.5,1,,,,,
2026-01-30 08:57:00,Kitchen_Speaker_1,Smart Speaker / Receiver,Playback State,Stop,Human,20.9,20.5,63.0,12.6,32.0,7.4,0,-573.2,-103.5,1,,,,,
2026-01-30 18:29:09,LivingRoom_Blinds_1,Smart Blinds / Shades,Open/Close Percentage,0,Human,21.0,23.2,52.0,17.4,12.0,0.0,0,-1.0,-675.6,1,,,,,
2026-01-30 18:35:09,LivingRoom_LED_1,Smart LED Bulb,Power State,On,Human,20.6,17.8,60.0,7.8,30.0,0.0,0,5.0,-681.6,0,,,,,
2026-01-30 18:36:09,LivingRoom_LED_1,Smart LED Bulb,Brightness,65,Human,19.1,23.9,46.0,17.9,26.0,0.0,0,6.0,-682.6,0,,,,,
2026-01-30 18:37:09,LivingRoom_LED_1,Smart LED Bulb,Color Temperature,3000,Human,21.1,23.4,50.0,10.4,14.0,0.0,0,7.0,-683.6,0,,,,,
2026-01-30 19:10:09,TV_Plug_1,Smart Plug / Outlet,Switch State,On,Human,21.4,21.7,63.0,12.1,19.0,0.0,0,40.0,-716.6,0,,,,,
2026-01-30 21:54:00,Bedroom_LED_2,Smart LED Bulb,Power State,On,Human,22.5,24.2,53.0,18.8,14.0,0.0,0,203.8,-720.0,0,,,,,
2026-01-30 21:55:00,Bedroom_LED_2,Smart LED Bulb,Brightness,40,Human,15.9,21.4,58.0,12.1,23.0,0.0,0,204.8,-720.0,0,,,,,
2026-01-30 21:56:00,Bedroom_LED_2,Smart LED Bulb,Color Temperature,2700,Human,21.5,17.9,59.0,14.9,7.0,0.0,0,205.8,-720.0,0,,,,,
2026-01-30 22:37:00,Bedroom_AC_2,Smart Air Conditioner,Target Temperature,21,Human,20.3,22.5,50.0,13.5,7.0,0.0,0,246.8,-720.0,0,,,,,
2026-01-30 22:38:00,Bedroom_AC_2,Smart Air Conditioner,Operation Mode,Cool,Human,22.0,18.2,58.0,9.9,7.0,0.0,0,247.8,-720.0,0,,,,,
2026-01-30 22:46:00,FrontDoor_Cam_1,Security Camera,Privacy Mode,Enabled,Human,23.0,19.3,46.0,12.9,29.0,0.0,0,255.8,-720.0,0,,,,,
2026-01-30 22:51:00,LivingRoom_LED_1,Smart LED Bulb,Power State,Off,Human,20.6,22.3,50.0,12.5,10.0,0.0,0,260.8,-720.0,0,,,,,
2026-01-30 22:53:00,TV_Plug_1,Smart Plug / Outlet,Switch State,Off,Human,23.6,22.7,48.0,7.3,28.0,0.0,0,262.8,-720.0,0,,,,,
2026-01-30 22:54:00,Bedroom_Plug_1,Smart Plug / Outlet,Switch State,Off,Human,21.5,21.0,53.0,15.9,24.0,0.0,0,263.8,-720.0,0,,,,,
2026-01-31 06:22:00,Garden_Irrigation_1,Smart Irrigation Controller,Zone 1 State,On,Human,19.3,18.5,46.0,12.8,29.0,0.0,0,-720.0,51.3,0,,,,,
2026-01-31 09:00:00,Hallway_Vacuum_1,Robot Vacuum,Cleaning State,Clean,Human,21.9,21.7,53.0,9.9,23.0,6.7,0,-570.7,-106.7,1,,,,,
2026-01-31 09:01:00,Hallway_Vacuum_1,Robot Vacuum,Suction Power,Standard,Human,21.5,16.5,47.0,16.5,22.0,4.8,0,-569.7,-107.7,1,,,,,
2026-01-31 14:28:00,LivingRoom_AC_1,Smart Air Conditioner,Target Temperature,22,Human,25.4,22.4,61.0,10.8,17.0,4.1,1,-242.7,-434.7,1,,,,,
2026-01-31 14:29:00,LivingRoom_AC_1,Smart Air Conditioner,Operation Mode,Cool,Human,21.7,23.9,61.0,14.8,28.0,6.8,0,-241.7,-435.7,1,,,,,
2026-01-31 18:40:44,LivingRoom_LED_1,Smart LED Bulb,Power State,On,Human,22.4,21.6,51.0,9.5,19.0,0.0,0,10.0,-687.5,0,,,,,
2026-01-31 18:41:44,LivingRoom_LED_1,Smart LED Bulb,Brightness,70,Human,22.8,16.2,59.0,18.5,33.0,0.0,0,11.0,-688.5,0,,,,,
2026-01-31 18:42:44,LivingRoom_LED_1,Smart LED Bulb,Color Temperature,2700,Human,21.9,22.0,50.0,12.0,24.0,0.0,0,12.0,-689.5,0,,,,,
2026-01-31 19:27:44,TV_Plug_1,Smart Plug / Outlet,Switch State,On,Human,18.2,18.6,63.0,9.3,26.0,0.0,0,57.0,-720.0,0,,,,,
2026-01-31 22:01:00,Bedroom_LED_2,Smart LED Bulb,Power State,On,Human,23.7,21.3,60.0,11.0,15.0,0.0,0,210.3,-720.0,0,,,,,
2026-01-31 22:02:00,Bedroom_LED_2,Smart LED Bulb,Brightness,30,Human,22.2,19.7,49.0,7.0,14.0,0.0,0,211.3,-720.0,0,,,,,
2026-01-31 22:03:00,Bedroom_LED_2,Smart LED Bulb,Color Temperature,2700,Human,18.7,22.6,56.0,18.4,29.0,0.0,0,212.3,-720.0,0,,,,,
2026-01-31 22:34:00,Bedroom_AC_2,Smart Air Conditioner,Target Temperature,21,Human,22.7,19.0,56.0,22.8,29.0,0.0,0,243.3,-720.0,0,,,,,
2026-01-31 22:35:00,Bedroom_AC_2,Smart Air Conditioner,Operation Mode,Fan,Human,22.6,22.1,55.0,5.4,19.0,0.0,0,244.3,-720.0,0,,,,,
2026-01-31 22:40:00,FrontDoor_Cam_1,Security Camera,Privacy Mode,Disabled,Human,24.2,19.9,47.0,11.1,5.0,0.0,0,249.3,-720.0,0,,,,,
2026-01-31 23:09:00,LivingRoom_LED_1,Smart LED Bulb,Power State,Off,Human,22.3,24.4,59.0,8.5,12.0,0.0,1,278.3,-720.0,0,,,,,
2026-01-31 23:11:00,TV_Plug_1,Smart Plug / Outlet,Switch State,Off,Human,22.5,21.9,57.0,16.4,27.0,0.0,0,280.3,-720.0,0,,,,,
2026-01-31 23:12:00,Bedroom_Plug_1,Smart Plug / Outlet,Switch State,Off,Human,24.2,17.8,54.0,20.5,12.0,0.0,0,281.3,-720.0,0,,,,,
2026-02-01 06:23:00,Garden_Irrigation_1,Smart Irrigation Controller,Zone 1 State,On,Human,21.8,21.4,63.0,10.3,8.0,0.0,0,-720.0,50.0,0,,,,,
2026-02-01 14:16:00,LivingRoom_AC_1,Smart Air Conditioner,Target Temperature,22,Human,20.7,24.6,60.0,14.2,21.0,4.3,0,-255.3,-423.0,1,,,,,
2026-02-01 14:17:00,LivingRoom_AC_1,Smart Air Conditioner,Operation Mode,Cool,Human,22.1,17.8,46.0,10.7,31.0,6.8,0,-254.3,-424.0,1,,,,,
2026-02-01 18:46:18,LivingRoom_LED_1,Smart LED Bulb,Power State,On,Human,21.1,20.6,63.0,9.2,7.0,0.0,0,15.0,-693.3,0,,,,,
2026-02-01 18:47:18,LivingRoom_LED_1,Smart LED Bulb,Brightness,70,Human,18.4,19.1,56.0,16.1,19.0,0.0,0,16.0,-694.3,0,,,,,
2026-02-01 18:48:18,LivingRoom_LED_1,Smart LED Bulb,Color Temperature,3500,Human,24.7,19.3,57.0,8.4,23.0,0.0,0,17.0,-695.3,0,,,,,
2026-02-01 19:19:18,TV_Plug_1,Smart Plug / Outlet,Switch State,On,Human,23.6,21.1,51.0,9.4,6.0,0.0,0,48.0,-720.0,0,,,,,
2026-02-01 21:56:00,Bedroom_LED_2,Smart LED Bulb,Power State,On,Human,23.4,18.0,50.0,12.7,31.0,0.0,0,204.7,-720.0,0,,,,,
2026-02-01 21:57:00,Bedroom_LED_2,Smart LED Bulb,Brightness,50,Human,22.9,23.0,52.0,10.9,26.0,0.0,0,205.7,-720.0,0,,,,,
2026-02-01 21:58:00,Bedroom_LED_2,Smart LED Bulb,Color Temperature,2700,Human,21.0,23.1,47.0,11.6,19.0,0.0,0,206.7,-720.0,0,,,,,
2026-02-01 22:15:00,Bedroom_AC_2,Smart Air Conditioner,Target Temperature,21,Human,20.8,21.8,61.0,10.2,29.0,0.0,0,223.7,-720.0,0,,,,,
2026-02-01 22:16:00,Bedroom_AC_2,Smart Air Conditioner,Operation Mode,Fan,Human,24.7,18.2,58.0,7.4,23.0,0.0,0,224.7,-720.0,0,,,,,
2026-02-01 22:39:00,FrontDoor_Cam_1,Security Camera,Privacy Mode,Enabled,Human,22.7,18.9,46.0,14.1,19.0,0.0,0,247.7,-720.0,0,,,,,
2026-02-01 23:00:00,LivingRoom_LED_1,Smart LED Bulb,Power State,Off,Human,20.8,23.1,49.0,4.7,25.0,0.0,0,268.7,-720.0,0,,,,,
2026-02-01 23:02:00,TV_Plug_1,Smart Plug / Outlet,Switch State,Off,Human,22.7,19.9,45.0,3.4,15.0,0.0,0,270.7,-720.0,0,,,,,
2026-02-01 23:03:00,Bedroom_Plug_1,Smart Plug / Outlet,Switch State,Off,Human,21.1,17.5,53.0,10.0,15.0,0.0,0,271.7,-720.0,0,,,,,
2026-02-02 06:32:00,Garden_Irrigation_1,Smart Irrigation Controller,Zone 1 State,On,Human,20.6,21.1,51.0,11.8,14.0,0.0,0,-719.9,40.7,0,,,,,
2026-02-02 06:52:00,LivingRoom_AC_1,Smart Air Conditioner,Target Temperature,22,Human,22.0,19.3,63.0,12.0,17.0,0.0,0,-699.9,20.7,0,,,,,
2026-02-02 06:53:00,LivingRoom_AC_1,Smart Air Conditioner,Operation Mode,Cool,Human,22.9,18.4,48.0,18.2,10.0,0.0,0,-698.9,19.7,0,,,,,
2026-02-02 06:54:00,LivingRoom_AC_1,Smart Air Conditioner,Fan Speed,Low,Human,23.7,24.8,57.0,4.3,27.0,0.0,0,-697.9,18.7,0,,,,,
2026-02-02 07:25:41,LivingRoom_Blinds_1,Smart Blinds / Shades,Open/Close Percentage,90,Human,19.2,22.3,51.0,15.1,26.0,0.0,0,-666.2,-13.0,1,,,,,
2026-02-02 07:53:00,Kitchen_Speaker_1,Smart Speaker / Receiver,Playback State,Play,Human,24.4,21.2,52.0,16.2,7.0,0.0,0,-638.9,-40.3,1,,,,,
2026-02-02 07:54:00,Kitchen_Speaker_1,Smart Speaker / Receiver,Volume Level,35,Human,22.2,23.5,55.0,7.9,33.0,0.0,0,-637.9,-41.3,1,,,,,
2026-02-02 09:09:00,Kitchen_Speaker_1,Smart Speaker / Receiver,Playback State,Stop,Human,23.5,21.1,61.0,12.5,24.0,5.1,0,-562.9,-116.3,1,,,,,
2026-02-02 18:31:51,LivingRoom_Blinds_1,Smart Blinds / Shades,Open/Close Percentage,10,Human,22.7,20.8,51.0,12.3,6.0,0.0,0,0.0,-679.2,1,,,,,
2026-02-02 18:50:51,LivingRoom_LED_1,Smart LED Bulb,Power State,On,Human,22.2,18.2,60.0,16.1,18.0,0.0,0,19.0,-698.2,0,,,,,
2026-02-02 18:51:51,LivingRoom_LED_1,Smart LED Bulb,Brightness,70,Human,20.6,20.3,57.0,10.9,25.0,0.0,0,20.0,-699.2,0,,,,,
2026-02-02 18:52:51,LivingRoom_LED_1,Smart LED Bulb,Color Temperature,3000,Human,22.6,18.8,62.0,16.1,10.0,0.0,0,21.0,-700.2,0,,,,,
2026-02-02 19:02:51,TV_Plug_1,Smart Plug / Outlet,Switch State,On,Human,22.1,24.1,60.0,8.9,21.0,0.0,0,31.0,-710.2,0,,,,,
2026-02-02 22:06:00,Bedroom_LED_2,Smart LED Bulb,Power State,On,Human,21.8,16.9,49.0,16.6,28.0,0.0,0,214.1,-720.0,0,,,,,
2026-02-02 22:07:00,Bedroom_LED_2,Smart LED Bulb,Brightness,50,Human,24.2,23.8,56.0,6.4,12.0,0.0,0,215.1,-720.0,0,,,,,
2026-02-02 22:08:00,Bedroom_LED_2,Smart LED Bulb,Color Temperature,2700,Human,21.0,18.6,50.0,16.6,12.0,0.0,0,216.1,-720.0,0,,,,,
2026-02-02 22:15:00,Bedroom_AC_2,Smart Air Conditioner,Target Temperature,21,Human,19.5,19.6,50.0,8.4,15.0,0.0,0,223.1,-720.0,0,,,,,
2026-02-02 22:16:00,Bedroom_AC_2,Smart Air Conditioner,Operation Mode,Cool,Human,21.0,23.2,51.0,10.7,11.0,0.0,0,224.1,-720.0,0,,,,,
2026-02-02 22:35:00,FrontDoor_Cam_1,Security Camera,Privacy Mode,Disabled,Human,23.6,23.2,57.0,7.7,13.0,0.0,0,243.1,-720.0,0,,,,,
2026-02-02 23:01:00,LivingRoom_LED_1,Smart LED Bulb,Power State,Off,Human,23.6,23.6,60.0,12.9,16.0,0.0,0,269.1,-720.0,0,,,,,
2026-02-02 23:03:00,TV_Plug_1,Smart Plug / Outlet,Switch State,Off,Human,21.1,20.1,59.0,18.3,33.0,0.0,0,271.1,-720.0,0,,,,,
2026-02-02 23:04:00,Bedroom_Plug_1,Smart Plug / Outlet,Switch State,Off,Human,23.3,20.5,55.0,8.9,33.0,0.0,0,272.1,-720.0,0,,,,,
2026-02-03 06:32:00,Garden_Irrigation_1,Smart Irrigation Controller,Zone 1 State,On,Human,20.2,23.1,56.0,16.1,7.0,0.0,0,-720.0,40.4,0,,,,,
2026-02-03 07:05:00,LivingRoom_AC_1,Smart Air Conditioner,Target Temperature,24,Human,22.4,23.0,59.0,17.9,23.0,0.0,0,-687.4,7.4,0,,,,,
2026-02-03 07:06:00,LivingRoom_AC_1,Smart Air Conditioner,Operation Mode,Cool,Human,24.1,20.1,48.0,14.9,29.0,0.0,0,-686.4,6.4,0,,,,,
2026-02-03 07:07:00,LivingRoom_AC_1,Smart Air Conditioner,Fan Speed,Low,Human,21.2,19.1,53.0,16.1,33.0,0.0,0,-685.4,5.4,0,,,,,
2026-02-03 07:25:22,LivingRoom_Blinds_1,Smart Blinds / Shades,Open/Close Percentage,98,Human,23.5,22.6,53.0,8.1,30.0,0.0,0,-667.0,-13.0,1,,,,,
2026-02-03 07:53:00,Kitchen_Speaker_1,Smart Speaker / Receiver,Playback State,Play,Human,19.7,24.4,58.0,7.6,10.0,0.0,0,-639.4,-40.6,1,,,,,
2026-02-03 07:54:00,Kitchen_Speaker_1,Smart Speaker / Receiver,Volume Level,40,Human,26.0,22.9,52.0,9.4,28.0,0.0,0,-638.4,-41.6,1,,,,,
2026-02-03 09:04:00,Kitchen_Speaker_1,Smart Speaker / Receiver,Playback State,Stop,Human,25.3,22.0,47.0,18.0,21.0,5.4,0,-568.4,-111.6,1,,,,,
2026-02-03 12:00:00,LivingRoom_AC_1,Smart Air Conditioner,Target Temperature,26,Automation,23.1,22.9,54.0,6.3,33.0,4.4,0,-392.4,-287.6,1,,,,,
2026-02-03 18:27:24,LivingRoom_Blinds_1,Smart Blinds / Shades,Open/Close Percentage,0,Human,18.0,23.9,53.0,6.9,11.0,0.0,0,-5.0,-675.0,1,,,,,
2026-02-03 18:43:24,LivingRoom_LED_1,Smart LED Bulb,Power State,On,Human,18.6,18.0,58.0,13.5,34.0,0.0,0,11.0,-691.0,0,,,,,
2026-02-03 18:44:24,LivingRoom_LED_1,Smart LED Bulb,Brightness,80,Human,21.6,20.1,54.0,16.3,30.0,0.0,0,12.0,-692.0,0,,,,,
2026-02-03 18:45:24,LivingRoom_LED_1,Smart LED Bulb,Color Temperature,3000,Human,24.0,23.7,50.0,17.2,10.0,0.0,0,13.0,-693.0,0,,,,,
2026-02-03 19:29:24,TV_Plug_1,Smart Plug / Outlet,Switch State,On,Human,26.3,19.9,63.0,13.1,8.0,0.0,0,57.0,-720.0,0,,,,,
2026-02-03 22:00:00,Bedroom_LED_2,Smart LED Bulb,Power State,On,Human,22.5,24.1,53.0,10.9,16.0,0.0,0,207.6,-720.0,0,,,,,
2026-02-03 22:01:00,Bedroom_LED_2,Smart LED Bulb,Brightness,40,Human,21.0,19.4,54.0,8.2,16.0,0.0,0,208.6,-720.0,0,,,,,
2026-02-03 22:02:00,Bedroom_LED_2,Smart LED Bulb,Color Temperature,2700,Human,20.9,16.9,53.0,3.4,30.0,0.0,0,209.6,-720.0,0,,,,,
2026-02-03 22:40:00,Bedroom_AC_2,Smart Air Conditioner,Target Temperature,21,Human,20.1,21.2,62.0,12.6,27.0,0.0,0,247.6,-720.0,0,,,,,
2026-02-03 22:41:00,Bedroom_AC_2,Smart Air Conditioner,Operation Mode,Cool,Human,22.9,23.5,56.0,9.8,23.0,0.0,0,248.6,-720.0,0,,,,,
2026-02-03 22:46:00,FrontDoor_Cam_1,Security Camera,Privacy Mode,Enabled,Human,20.9,20.6,64.0,13.9,12.0,0.0,0,253.6,-720.0,0,,,,,
2026-02-03 23:06:00,LivingRoom_LED_1,Smart LED Bulb,Power State,Off,Human,23.9,20.2,56.0,9.0,5.0,0.0,0,273.6,-720.0,0,,,,,
2026-02-03 23:08:00,TV_Plug_1,Smart Plug / Outlet,Switch State,Off,Human,23.6,24.0,60.0,11.1,32.0,0.0,0,275.6,-720.0,0,,,,,
2026-02-03 23:09:00,Bedroom_Plug_1,Smart Plug / Outlet,Switch State,Off,Human,23.9,20.0,53.0,11.9,20.0,0.0,0,276.6,-720.0,0,,,,,
2026-02-04 06:39:00,Garden_Irrigation_1,Smart Irrigation Controller,Zone 1 State,On,Human,23.1,22.5,47.0,15.3,7.0,0.0,0,-714.0,33.0,0,,,,,
2026-02-04 07:09:00,LivingRoom_AC_1,Smart Air Conditioner,Target Temperature,24,Human,22.4,16.8,54.0,9.3,20.0,0.0,0,-684.0,3.0,0,,,,,
2026-02-04 07:10:00,LivingRoom_AC_1,Smart Air Conditioner,Operation Mode,Cool,Human,23.0,19.5,50.0,7.2,12.0,0.0,0,-683.0,2.0,0,,,,,
2026-02-04 07:11:00,LivingRoom_AC_1,Smart Air Conditioner,Fan Speed,Med,Human,18.6,16.3,60.0,8.9,13.0,0.0,0,-682.0,1.0,0,,,,,
2026-02-04 07:23:01,LivingRoom_Blinds_1,Smart Blinds / Shades,Open/Close Percentage,87,Human,22.3,18.6,49.0,6.9,10.0,0.0,0,-669.9,-11.0,1,,,,,
2026-02-04 08:03:00,Kitchen_Speaker_1,Smart Speaker / Receiver,Playback State,Play,Human,23.9,20.1,64.0,16.9,10.0,7.4,0,-630.0,-51.0,1,,,,,
2026-02-04 08:04:00,Kitchen_Speaker_1,Smart Speaker / Receiver,Volume Level,30,Human,22.8,20.5,50.0,15.4,9.0,6.6,0,-629.0,-52.0,1,,,,,
2026-02-04 09:05:00,Kitchen_Speaker_1,Smart Speaker / Receiver,Playback State,Stop,Human,18.1,20.7,62.0,4.4,22.0,4.5,0,-568.0,-113.0,1,,,,,
2026-02-04 18:13:57,LivingRoom_Blinds_1,Smart Blinds / Shades,Open/Close Percentage,0,Human,20.6,20.8,62.0,13.8,13.0,0.0,0,-19.0,-661.9,1,,,,,
2026-02-04 18:49:57,LivingRoom_LED_1,Smart LED Bulb,Power State,On,Human,23.2,21.6,62.0,4.8,5.0,0.0,0,17.0,-697.9,0,,,,,
2026-02-04 18:50:57,LivingRoom_LED_1,Smart LED Bulb,Brightness,70,Human,26.9,22.2,54.0,16.1,32.0,0.0,0,18.0,-698.9,0,,,,,
2026-02-04 18:51:57,LivingRoom_LED_1,Smart LED Bulb,Color Temperature,3000,Human,22.8,20.6,48.0,8.7,34.0,0.0,0,19.0,-699.9,0,,,,,
2026-02-04 19:25:57,TV_Plug_1,Smart Plug / Outlet,Switch State,On,Human,22.1,20.3,47.0,16.1,15.0,0.0,0,53.0,-720.0,0,,,,,
2026-02-04 21:56:00,Bedroom_LED_2,Smart LED Bulb,Power State,On,Human,22.1,22.9,45.0,14.4,11.0,0.0,0,203.0,-720.0,0,,,,,
2026-02-04 21:57:00,Bedroom_LED_2,Smart LED Bulb,Brightness,30,Human,26.1,21.2,49.0,10.3,13.0,0.0,0,204.0,-720.0,0,,,,,
2026-02-04 21:58:00,Bedroom_LED_2,Smart LED Bulb,Color Temperature,2700,Human,21.1,21.4,50.0,11.0,23.0,0.0,0,205.0,-720.0,0,,,,,
2026-02-04 22:17:00,Bedroom_AC_2,Smart Air Conditioner,Target Temperature,21,Human,21.3,22.3,49.0,11.0,28.0,0.0,0,224.0,-720.0,0,,,,,
2026-02-04 22:18:00,Bedroom_AC_2,Smart Air Conditioner,Operation Mode,Fan,Human,23.0,22.5,51.0,12.6,21.0,0.0,0,225.0,-720.0,0,,,,,
2026-02-04 22:43:00,FrontDoor_Cam_1,Security Camera,Privacy Mode,Disabled,Human,20.0,23.7,45.0,13.6,21.0,0.0,0,250.0,-720.0,0,,,,,
2026-02-04 23:10:00,LivingRoom_LED_1,Smart LED Bulb,Power State,Off,Human,26.4,23.7,55.0,10.3,18.0,0.0,0,277.0,-720.0,0,,,,,
2026-02-04 23:12:00,TV_Plug_1,Smart Plug / Outlet,Switch State,Off,Human,24.2,21.7,45.0,4.2,16.0,0.0,0,279.0,-720.0,0,,,,,
2026-02-04 23:13:00,Bedroom_Plug_1,Smart Plug / Outlet,Switch State,Off,Human,25.1,21.5,58.0,19.1,27.0,0.0,0,280.0,-720.0,0,,,,,
2026-02-05 06:36:00,Garden_Irrigation_1,Smart Irrigation Controller,Zone 1 State,On,Human,23.1,22.6,62.0,13.5,15.0,0.0,0,-717.5,35.7,0,,,,,
2026-02-05 07:10:00,LivingRoom_AC_1,Smart Air Conditioner,Target Temperature,23,Human,22.4,20.3,59.0,8.0,16.0,0.0,0,-683.5,1.7,0,,,,,
2026-02-05 07:11:00,LivingRoom_AC_1,Smart Air Conditioner,Operation Mode,Cool,Human,22.2,22.7,64.0,16.8,5.0,0.0,0,-682.5,0.7,0,,,,,
2026-02-05 07:12:00,LivingRoom_AC_1,Smart Air Conditioner,Fan Speed,High,Human,21.2,20.7,45.0,10.6,12.0,0.0,0,-681.5,-0.3,1,,,,,
2026-02-05 07:22:40,LivingRoom_Blinds_1,Smart Blinds / Shades,Open/Close Percentage,98,Human,21.5,23.3,54.0,5.9,31.0,0.0,0,-670.8,-11.0,1,,,,,
2026-02-05 07:54:00,Kitchen_Speaker_1,Smart Speaker / Receiver,Playback State,Play,Human,23.3,20.9,49.0,21.6,20.0,0.0,0,-639.5,-42.3,1,,,,,
2026-02-05 07:55:00,Kitchen_Speaker_1,Smart Speaker / Receiver,Volume Level,30,Human,23.6,20.3,50.0,10.9,28.0,0.0,0,-638.5,-43.3,1,,,,,
2026-02-05 09:06:00,Kitchen_Speaker_1,Smart Speaker / Receiver,Playback State,Stop,Human,18.7,15.3,48.0,8.4,31.0,7.7,0,-567.5,-114.3,1,,,,,
2026-02-05 18:26:29,LivingRoom_Blinds_1,Smart Blinds / Shades,Open/Close Percentage,0,Human,20.9,23.4,50.0,15.2,19.0,0.0,0,-7.0,-674.8,1,,,,,
2026-02-05 18:45:29,LivingRoom_LED_1,Smart LED Bulb,Power State,On,Human,18.7,21.5,60.0,14.1,5.0,0.0,0,12.0,-693.8,0,,,,,
2026-02-05 18:46:29,LivingRoom_LED_1,Smart LED Bulb,Brightness,70,Human,21.2,20.1,64.0,9.8,12.0,0.0,0,13.0,-694.8,0,,,,,
2026-02-05 18:47:29,LivingRoom_LED_1,Smart LED Bulb,Color Temperature,2700,Human,21.7,18.0,61.0,10.7,16.0,0.0,0,14.0,-695.8,0,,,,,
2026-02-05 19:23:29,TV_Plug_1,Smart Plug / Outlet,Switch State,On,Human,24.7,19.6,48.0,10.5,15.0,0.0,0,50.0,-720.0,0,,,,,
2026-02-05 21:55:00,Bedroom_LED_2,Smart LED Bulb,Power State,On,Human,21.9,17.8,50.0,11.2,31.0,0.0,0,201.5,-720.0,0,,,,,
2026-02-05 21:56:00,Bedroom_LED_2,Smart LED Bulb,Brightness,40,Human,21.0,18.1,53.0,10.8,31.0,0.0,0,202.5,-720.0,0,,,,,
2026-02-05 21:57:00,Bedroom_LED_2,Smart LED Bulb,Color Temperature,3000,Human,19.6,20.5,60.0,11.5,7.0,0.0,0,203.5,-720.0,0,,,,,
2026-02-05 22:43:00,Bedroom_AC_2,Smart Air Conditioner,Target Temperature,21,Human,18.8,22.8,56.0,12.4,26.0,0.0,0,249.5,-720.0,0,,,,,
2026-02-05 22:44:00,Bedroom_AC_2,Smart Air Conditioner,Operation Mode,Cool,Human,20.2,20.7,62.0,10.1,26.0,0.0,0,250.5,-720.0,0,,,,,
2026-02-05 22:45:00,FrontDoor_Cam_1,Security Camera,Privacy Mode,Disabled,Human,21.6,21.8,55.0,5.2,14.0,0.0,0,251.5,-720.0,0,,,,,
2026-02-05 23:03:00,LivingRoom_LED_1,Smart LED Bulb,Power State,Off,Human,19.6,20.9,55.0,18.9,18.0,0.0,0,269.5,-720.0,0,,,,,
2026-02-05 23:05:00,TV_Plug_1,Smart Plug / Outlet,Switch State,Off,Human,21.7,18.5,62.0,11.4,32.0,0.0,0,271.5,-720.0,0,,,,,
2026-02-05 23:06:00,Bedroom_Plug_1,Smart Plug / Outlet,Switch State,Off,Human,26.3,23.1,57.0,11.7,31.0,0.0,0,272.5,-720.0,0,,,,,
2026-02-06 06:33:00,Garden_Irrigation_1,Smart Irrigation Controller,Zone 1 State,On,Human,24.5,19.0,63.0,8.0,5.0,0.0,0,-720.0,38.3,0,,,,,
2026-02-06 07:01:00,LivingRoom_AC_1,Smart Air Conditioner,Target Temperature,24,Human,23.6,26.2,55.0,12.4,33.0,0.0,0,-693.0,10.3,0,,,,,
2026-02-06 07:02:00,LivingRoom_AC_1,Smart Air Conditioner,Operation Mode,Cool,Human,23.5,20.6,46.0,19.2,22.0,0.0,0,-692.0,9.3,0,,,,,
2026-02-06 07:03:00,LivingRoom_AC_1,Smart Air Conditioner,Fan Speed,Low,Human,23.5,19.6,48.0,14.7,15.0,0.0,0,-691.0,8.3,0,,,,,
2026-02-06 07:33:17,LivingRoom_Blinds_1,Smart Blinds / Shades,Open/Close Percentage,92,Human,22.3,19.6,54.0,15.4,25.0,0.0,1,-660.7,-22.0,1,,,,,
2026-02-06 08:04:00,Kitchen_Speaker_1,Smart Speaker / Receiver,Playback State,Play,Human,18.8,17.0,63.0,5.9,22.0,7.2,0,-630.0,-52.7,1,,,,,
2026-02-06 08:05:00,Kitchen_Speaker_1,Smart Speaker / Receiver,Volume Level,35,Human,21.8,24.0,61.0,16.0,33.0,4.1,0,-629.0,-53.7,1,,,,,
2026-02-06 09:05:00,Kitchen_Speaker_1,Smart Speaker / Receiver,Playback State,Stop,Human,23.4,17.6,55.0,13.3,28.0,6.4,0,-569.0,-113.7,1,,,,,
2026-02-06 18:26:00,LivingRoom_Blinds_1,Smart Blinds / Shades,Open/Close Percentage,10,Human,23.7,19.6,52.0,16.1,28.0,0.0,0,-8.0,-674.7,1,,,,,
2026-02-06 18:47:00,LivingRoom_LED_1,Smart LED Bulb,Power State,On,Human,23.2,21.1,61.0,8.0,18.0,0.0,0,13.0,-695.7,0,,,,,
2026-02-06 18:48:00,LivingRoom_LED_1,Smart LED Bulb,Brightness,80,Human,20.0,20.7,50.0,9.5,25.0,0.0,0,14.0,-696.7,0,,,,,
2026-02-06 18:49:00,LivingRoom_LED_1,Smart LED Bulb,Color Temperature,3000,Human,19.6,23.4,53.0,12.3,32.0,0.0,0,15.0,-697.7,0,,,,,
2026-02-06 19:30:00,TV_Plug_1,Smart Plug / Outlet,Switch State,On,Human,22.3,21.2,64.0,12.3,12.0,0.0,0,56.0,-720.0,0,,,,,
2026-02-06 21:59:00,Bedroom_LED_2,Smart LED Bulb,Power State,On,Human,18.5,18.4,58.0,15.9,7.0,0.0,0,205.0,-720.0,0,,,,,
2026-02-06 22:00:00,Bedroom_LED_2,Smart LED Bulb,Brightness,40,Human,21.5,21.7,55.0,13.1,26.0,0.0,0,206.0,-720.0,0,,,,,
2026-02-06 22:01:00,Bedroom_LED_2,Smart LED Bulb,Color Temperature,2700,Human,25.5,21.3,64.0,12.5,19.0,0.0,0,207.0,-720.0,0,,,,,
2026-02-06 22:25:00,Bedroom_AC_2,Smart Air Conditioner,Target Temperature,21,Human,22.9,23.2,45.0,18.6,13.0,0.0,0,231.0,-720.0,0,,,,,
2026-02-06 22:26:00,Bedroom_AC_2,Smart Air Conditioner,Operation Mode,Fan,Human,27.3,19.1,59.0,8.1,10.0,0.0,0,232.0,-720.0,0,,,,,
2026-02-06 22:37:00,FrontDoor_Cam_1,Security Camera,Privacy Mode,Disabled,Human,23.2,19.8,47.0,5.5,34.0,0.0,0,243.0,-720.0,0,,,,,
2026-02-06 23:05:00,LivingRoom_LED_1,Smart LED Bulb,Power State,Off,Human,19.5,17.5,64.0,14.5,9.0,0.0,0,271.0,-720.0,0,,,,,
2026-02-06 23:07:00,TV_Plug_1,Smart Plug / Outlet,Switch State,Off,Human,22.1,18.3,61.0,8.5,26.0,0.0,0,273.0,-720.0,0,,,,,
2026-02-06 23:08:00,Bedroom_Plug_1,Smart Plug / Outlet,Switch State,Off,Human,18.7,20.5,48.0,10.9,5.0,0.0,0,274.0,-720.0,0,,,,,
2026-02-07 06:24:00,Garden_Irrigation_1,Smart Irrigation Controller,Zone 1 State,On,Human,16.8,20.2,62.0,16.8,16.0,0.0,1,-720.0,46.9,0,,,,,
2026-02-07 08:52:00,Hallway_Vacuum_1,Robot Vacuum,Cleaning State,Clean,Human,23.8,22.3,47.0,10.2,32.0,4.4,0,-582.5,-101.1,1,,,,,
2026-02-07 08:53:00,Hallway_Vacuum_1,Robot Vacuum,Suction Power,Max,Human,23.8,20.6,60.0,14.6,25.0,5.6,0,-581.5,-102.1,1,,,,,
2026-02-07 12:00:00,LivingRoom_AC_1,Smart Air Conditioner,Target Temperature,26,Automation,21.1,18.6,56.0,23.3,21.0,6.3,0,-394.5,-289.1,1,,,,,
2026-02-07 14:34:00,LivingRoom_AC_1,Smart Air Conditioner,Target Temperature,22,Human,17.9,25.1,63.0,11.2,16.0,7.4,0,-240.5,-443.1,1,,,,,
2026-02-07 14:35:00,LivingRoom_AC_1,Smart Air Conditioner,Operation Mode,Cool,Human,22.6,20.6,55.0,18.5,20.0,7.7,0,-239.5,-444.1,1,,,,,
2026-02-07 18:53:31,LivingRoom_LED_1,Smart LED Bulb,Power State,On,Human,24.3,20.7,60.0,15.8,13.0,0.0,1,19.0,-702.6,0,,,,,
2026-02-07 18:54:31,LivingRoom_LED_1,Smart LED Bulb,Brightness,80,Human,20.7,21.4,54.0,10.2,20.0,0.0,0,20.0,-703.6,0,,,,,
2026-02-07 18:55:31,LivingRoom_LED_1,Smart LED Bulb,Color Temperature,3000,Human,23.0,25.5,61.0,18.7,29.0,0.0,0,21.0,-704.6,0,,,,,
2026-02-07 19:21:31,TV_Plug_1,Smart Plug / Outlet,Switch State,On,Human,22.4,19.7,58.0,19.4,25.0,0.0,0,47.0,-720.0,0,,,,,
2026-02-07 22:00:00,Bedroom_LED_2,Smart LED Bulb,Power State,On,Human,20.7,20.7,57.0,13.5,31.0,0.0,0,205.5,-720.0,0,,,,,
2026-02-07 22:01:00,Bedroom_LED_2,Smart LED Bulb,Brightness,40,Human,21.8,19.6,52.0,14.6,25.0,0.0,0,206.5,-720.0,0,,,,,
2026-02-07 22:02:00,Bedroom_LED_2,Smart LED Bulb,Color Temperature,2700,Human,24.6,19.1,50.0,11.5,28.0,0.0,0,207.5,-720.0,0,,,,,
2026-02-07 22:38:00,FrontDoor_Cam_1,Security Camera,Privacy Mode,Enabled,Human,23.1,19.8,60.0,13.4,10.0,0.0,0,243.5,-720.0,0,,,,,
2026-02-07 22:44:00,Bedroom_AC_2,Smart Air Conditioner,Target Temperature,21,Human,23.7,20.6,48.0,16.3,8.0,0.0,0,249.5,-720.0,0,,,,,
2026-02-07 22:45:00,Bedroom_AC_2,Smart Air Conditioner,Operation Mode,Cool,Human,24.6,20.8,57.0,10.1,6.0,0.0,0,250.5,-720.0,0,,,,,
2026-02-07 23:14:00,LivingRoom_LED_1,Smart LED Bulb,Power State,Off,Human,20.5,22.8,61.0,17.2,7.0,0.0,0,279.5,-720.0,0,,,,,
2026-02-07 23:16:00,TV_Plug_1,Smart Plug / Outlet,Switch State,Off,Human,23.4,21.8,63.0,15.2,5.0,0.0,0,281.5,-720.0,0,,,,,
2026-02-07 23:17:00,Bedroom_Plug_1,Smart Plug / Outlet,Switch State,Off,Human,21.3,20.7,60.0,1.5,29.0,0.0,0,282.5,-720.0,0,,,,,
2026-02-08 06:37:00,Garden_Irrigation_1,Smart Irrigation Controller,Zone 1 State,On,Human,18.2,21.4,51.0,11.6,29.0,0.0,0,-718.0,33.5,0,,,,,
2026-02-08 14:28:00,LivingRoom_AC_1,Smart Air Conditioner,Target Temperature,22,Human,19.4,20.1,52.0,14.2,34.0,4.8,0,-247.0,-437.5,1,,,,,
2026-02-08 14:29:00,LivingRoom_AC_1,Smart Air Conditioner,Operation Mode,Cool,Human,17.7,21.5,46.0,14.0,10.0,5.8,0,-246.0,-438.5,1,,,,,
2026-02-08 18:44:02,LivingRoom_LED_1,Smart LED Bulb,Power State,On,Human,21.5,22.7,46.0,11.3,26.0,0.0,0,9.0,-693.5,0,,,,,
2026-02-08 18:45:02,LivingRoom_LED_1,Smart LED Bulb,Brightness,65,Human,21.2,21.6,62.0,15.6,9.0,0.0,0,10.0,-694.5,0,,,,,
2026-02-08 18:46:02,LivingRoom_LED_1,Smart LED Bulb,Color Temperature,3000,Human,21.2,16.9,62.0,11.1,27.0,0.0,1,11.0,-695.5,0,,,,,
2026-02-08 19:12:02,TV_Plug_1,Smart Plug / Outlet,Switch State,On,Human,19.1,21.3,62.0,17.9,30.0,0.0,1,37.0,-720.0,0,,,,,
2026-02-08 22:03:00,Bedroom_LED_2,Smart LED Bulb,Power State,On,Human,25.8,21.2,47.0,6.6,19.0,0.0,0,208.0,-720.0,0,,,,,
2026-02-08 22:04:00,Bedroom_LED_2,Smart LED Bulb,Brightness,30,Human,24.2,20.4,54.0,13.3,33.0,0.0,0,209.0,-720.0,0,,,,,
2026-02-08 22:05:00,Bedroom_LED_2,Smart LED Bulb,Color Temperature,3000,Human,22.4,22.9,51.0,10.7,28.0,0.0,0,210.0,-720.0,0,,,,,
2026-02-08 22:24:00,Bedroom_AC_2,Smart Air Conditioner,Target Temperature,21,Human,22.7,25.8,55.0,18.0,10.0,0.0,0,229.0,-720.0,0,,,,,
2026-02-08 22:25:00,Bedroom_AC_2,Smart Air Conditioner,Operation Mode,Fan,Human,23.9,19.3,52.0,10.7,26.0,0.0,0,230.0,-720.0,0,,,,,
2026-02-08 22:53:00,FrontDoor_Cam_1,Security Camera,Privacy Mode,Disabled,Human,20.1,18.5,63.0,17.2,31.0,0.0,0,258.0,-720.0,0,,,,,
2026-02-08 23:05:00,LivingRoom_LED_1,Smart LED Bulb,Power State,Off,Human,18.9,22.3,56.0,14.3,29.0,0.0,0,270.0,-720.0,0,,,,,
2026-02-08 23:07:00,TV_Plug_1,Smart Plug / Outlet,Switch State,Off,Human,23.2,19.2,61.0,12.5,31.0,0.0,1,272.0,-720.0,0,,,,,
2026-02-08 23:08:00,Bedroom_Plug_1,Smart Plug / Outlet,Switch State,Off,Human,25.2,18.5,58.0,10.9,30.0,0.0,0,273.0,-720.0,0,,,,,
2026-02-09 06:34:00,Garden_Irrigation_1,Smart Irrigation Controller,Zone 1 State,On,Human,21.0,21.7,62.0,6.9,13.0,0.0,1,-720.0,36.1,0,,,,,
2026-02-09 07:01:00,LivingRoom_AC_1,Smart Air Conditioner,Target Temperature,22,Human,22.7,22.2,46.0,11.2,8.0,0.0,0,-694.5,9.1,0,,,,,
2026-02-09 07:02:00,LivingRoom_AC_1,Smart Air Conditioner,Operation Mode,Cool,Human,23.4,21.1,46.0,14.9,21.0,0.0,0,-693.5,8.1,0,,,,,
2026-02-09 07:03:00,LivingRoom_AC_1,Smart Air Conditioner,Fan Speed,High,Human,22.0,20.3,45.0,15.4,6.0,0.0,0,-692.5,7.1,0,,,,,
2026-02-09 07:22:03,LivingRoom_Blinds_1,Smart Blinds / Shades,Open/Close Percentage,80,Human,21.5,21.1,48.0,22.7,31.0,0.0,0,-673.5,-12.0,1,,,,,
2026-02-09 08:00:00,Kitchen_Speaker_1,Smart Speaker / Receiver,Playback State,Play,Human,25.0,23.0,61.0,6.6,22.0,7.0,0,-635.5,-49.9,1,,,,,
2026-02-09 08:01:00,Kitchen_Speaker_1,Smart Speaker / Receiver,Volume Level,30,Human,18.5,20.6,61.0,17.5,16.0,7.7,0,-634.5,-50.9,1,,,,,
2026-02-09 09:07:00,Kitchen_Speaker_1,Smart Speaker / Receiver,Playback State,Stop,Human,21.7,18.1,45.0,12.4,9.0,7.4,0,-568.5,-116.9,1,,,,,
2026-02-09 18:28:32,LivingRoom_Blinds_1,Smart Blinds / Shades,Open/Close Percentage,10,Human,22.6,21.4,63.0,10.1,32.0,0.0,0,-7.0,-678.5,1,,,,,
2026-02-09 18:50:32,LivingRoom_LED_1,Smart LED Bulb,Power State,On,Human,23.3,23.3,46.0,14.9,12.0,0.0,0,15.0,-700.5,0,,,,,
2026-02-09 18:51:32,LivingRoom_LED_1,Smart LED Bulb,Brightness,75,Human,23.1,21.2,55.0,11.7,6.0,0.0,0,16.0,-701.5,0,,,,,
2026-02-09 18:52:32,LivingRoom_LED_1,Smart LED Bulb,Color Temperature,3000,Human,22.5,21.3,58.0,1.5,33.0,0.0,0,17.0,-702.5,0,,,,,
2026-02-09 19:21:32,TV_Plug_1,Smart Plug / Outlet,Switch State,On,Human,18.4,22.0,59.0,15.3,34.0,0.0,0,46.0,-720.0,0,,,,,
2026-02-09 21:58:00,Bedroom_LED_2,Smart LED Bulb,Power State,On,Human,20.1,20.3,62.0,14.8,29.0,0.0,0,202.5,-720.0,0,,,,,
2026-02-09 21:59:00,Bedroom_LED_2,Smart LED Bulb,Brightness,50,Human,23.8,21.7,46.0,13.4,19.0,0.0,0,203.5,-720.0,0,,,,,
2026-02-09 22:00:00,Bedroom_LED_2,Smart LED Bulb,Color Temperature,2700,Human,20.9,21.9,48.0,16.8,27.0,0.0,1,204.5,-720.0,0,,,,,
2026-02-09 22:38:00,Bedroom_AC_2,Smart Air Conditioner,Target Temperature,21,Human,23.6,18.3,50.0,6.0,23.0,0.0,0,242.5,-720.0,0,,,,,
2026-02-09 22:39:00,Bedroom_AC_2,Smart Air Conditioner,Operation Mode,Fan,Human,21.5,20.4,52.0,12.6,26.0,0.0,0,243.5,-720.0,0,,,,,
2026-02-09 22:41:00,FrontDoor_Cam_1,Security Camera,Privacy Mode,Disabled,Human,21.7,25.4,49.0,9.8,34.0,0.0,0,245.5,-720.0,0,,,,,
2026-02-09 23:05:00,LivingRoom_LED_1,Smart LED Bulb,Power State,Off,Human,23.9,23.1,50.0,8.6,22.0,0.0,0,269.5,-720.0,0,,,,,
2026-02-09 23:07:00,TV_Plug_1,Smart Plug / Outlet,Switch State,Off,Human,18.6,20.7,58.0,10.9,14.0,0.0,0,271.5,-720.0,0,,,,,
2026-02-09 23:08:00,Bedroom_Plug_1,Smart Plug / Outlet,Switch State,Off,Human,21.7,23.9,51.0,15.1,5.0,0.0,0,272.5,-720.0,0,,,,,
2026-02-10 06:33:00,Garden_Irrigation_1,Smart Irrigation Controller,Zone 1 State,On,Human,23.1,21.5,57.0,8.8,6.0,0.0,0,-720.0,36.6,0,,,,,
2026-02-10 07:00:00,LivingRoom_AC_1,Smart Air Conditioner,Target Temperature,22,Human,22.7,20.3,57.0,15.3,24.0,0.0,0,-696.0,9.6,0,,,,,
2026-02-10 07:01:00,LivingRoom_AC_1,Smart Air Conditioner,Operation Mode,Cool,Human,25.8,22.3,49.0,10.5,11.0,0.0,0,-695.0,8.6,0,,,,,
2026-02-10 07:02:00,LivingRoom_AC_1,Smart Air Conditioner,Fan Speed,Low,Human,21.6,18.9,64.0,12.7,5.0,0.0,0,-694.0,7.6,0,,,,,
2026-02-10 07:19:36,LivingRoom_Blinds_1,Smart Blinds / Shades,Open/Close Percentage,99,Human,20.9,18.1,54.0,14.9,28.0,0.0,0,-676.4,-10.0,1,,,,,
2026-02-10 07:58:00,Kitchen_Speaker_1,Smart Speaker / Receiver,Playback State,Play,Human,19.0,21.6,49.0,11.8,32.0,0.0,0,-638.0,-48.4,1,,,,,
2026-02-10 07:59:00,Kitchen_Speaker_1,Smart Speaker / Receiver,Volume Level,40,Human,25.5,23.0,53.0,11.0,24.0,0.0,0,-637.0,-49.4,1,,,,,
2026-02-10 08:59:00,Kitchen_Speaker_1,Smart Speaker / Receiver,Playback State,Stop,Human,21.2,18.8,52.0,4.4,17.0,4.8,0,-577.0,-109.4,1,,,,,
2026-02-10 18:22:01,LivingRoom_Blinds_1,Smart Blinds / Shades,Open/Close Percentage,10,Human,18.6,18.2,56.0,19.7,19.0,0.0,0,-14.0,-672.4,1,,,,,
2026-02-10 18:43:01,LivingRoom_LED_1,Smart LED Bulb,Power State,On,Human,20.6,21.1,46.0,16.2,20.0,0.0,0,7.0,-693.4,0,,,,,
2026-02-10 18:44:01,LivingRoom_LED_1,Smart LED Bulb,Brightness,75,Human,23.0,21.7,60.0,6.9,14.0,0.0,0,8.0,-694.4,0,,,,,
2026-02-10 18:45:01,LivingRoom_LED_1,Smart LED Bulb,Color Temperature,3000,Human,22.5,23.1,46.0,12.2,34.0,0.0,0,9.0,-695.4,0,,,,,
2026-02-10 19:32:01,TV_Plug_1,Smart Plug / Outlet,Switch State,On,Human,22.4,20.4,46.0,15.2,24.0,0.0,0,56.0,-720.0,0,,,,,
2026-02-10 22:04:00,Bedroom_LED_2,Smart LED Bulb,Power State,On,Human,24.1,18.7,59.0,10.5,9.0,0.0,0,208.0,-720.0,0,,,,,
2026-02-10 22:05:00,Bedroom_LED_2,Smart LED Bulb,Brightness,30,Human,25.2,22.4,49.0,14.5,26.0,0.0,0,209.0,-720.0,0,,,,,
2026-02-10 22:06:00,Bedroom_LED_2,Smart LED Bulb,Color Temperature,3000,Human,19.2,21.8,64.0,14.0,12.0,0.0,0,210.0,-720.0,0,,,,,
2026-02-10 22:23:00,Bedroom_AC_2,Smart Air Conditioner,Target Temperature,21,Human,24.4,19.0,52.0,14.2,19.0,0.0,0,227.0,-720.0,0,,,,,
2026-02-10 22:24:00,Bedroom_AC_2,Smart Air Conditioner,Operation Mode,Cool,Human,21.9,26.0,60.0,11.4,28.0,0.0,0,228.0,-720.0,0,,,,,
2026-02-10 22:49:00,FrontDoor_Cam_1,Security Camera,Privacy Mode,Enabled,Human,23.9,22.3,57.0,9.2,11.0,0.0,0,253.0,-720.0,0,,,,,
2026-02-10 22:58:00,LivingRoom_LED_1,Smart LED Bulb,Power State,Off,Human,23.1,19.4,48.0,8.3,15.0,0.0,0,262.0,-720.0,0,,,,,
2026-02-10 23:00:00,TV_Plug_1,Smart Plug / Outlet,Switch State,Off,Human,25.0,21.9,56.0,3.2,23.0,0.0,0,264.0,-720.0,0,,,,,
2026-02-10 23:01:00,Bedroom_Plug_1,Smart Plug / Outlet,Switch State,Off,Human,21.9,19.6,59.0,7.8,29.0,0.0,0,265.0,-720.0,0,,,,,
2026-02-11 06:30:00,Garden_Irrigation_1,Smart Irrigation Controller,Zone 1 State,On,Human,25.6,21.0,46.0,14.1,16.0,0.0,0,-720.0,39.1,0,,,,,
2026-02-11 06:54:00,LivingRoom_AC_1,Smart Air Conditioner,Target Temperature,24,Human,22.9,20.2,55.0,12.5,21.0,0.0,0,-702.5,15.1,0,,,,,
2026-02-11 06:55:00,LivingRoom_AC_1,Smart Air Conditioner,Operation Mode,Cool,Human,24.8,20.6,60.0,1.4,34.0,0.0,0,-701.5,14.1,0,,,,,
2026-02-11 06:56:00,LivingRoom_AC_1,Smart Air Conditioner,Fan Speed,High,Human,26.8,19.7,51.0,12.3,5.0,0.0,0,-700.5,13.1,0,,,,,
2026-02-11 07:22:08,LivingRoom_Blinds_1,Smart Blinds / Shades,Open/Close Percentage,89,Human,23.1,21.4,52.0,7.1,7.0,0.0,0,-674.4,-13.0,1,,,,,
2026-02-11 08:09:00,Kitchen_Speaker_1,Smart Speaker / Receiver,Playback State,Play,Human,21.2,22.2,64.0,14.0,34.0,5.5,0,-627.5,-59.9,1,,,,,
2026-02-11 08:10:00,Kitchen_Speaker_1,Smart Speaker / Receiver,Volume Level,40,Human,21.0,19.3,59.0,21.0,33.0,6.3,0,-626.5,-60.9,1,,,,,
2026-02-11 08:50:00,Kitchen_Speaker_1,Smart Speaker / Receiver,Playback State,Stop,Human,22.2,21.7,45.0,18.6,13.0,5.4,0,-586.5,-100.9,1,,,,,
2026-02-11 18:35:30,LivingRoom_Blinds_1,Smart Blinds / Shades,Open/Close Percentage,0,Human,19.1,20.9,58.0,7.0,19.0,0.0,0,-1.0,-686.4,1,,,,,
2026-02-11 18:52:30,LivingRoom_LED_1,Smart LED Bulb,Power State,On,Human,22.7,24.3,46.0,15.9,19.0,0.0,0,16.0,-703.4,0,,,,,
2026-02-11 18:53:30,LivingRoom_LED_1,Smart LED Bulb,Brightness,60,Human,19.1,20.5,60.0,13.0,13.0,0.0,0,17.0,-704.4,0,,,,,
2026-02-11 18:54:30,LivingRoom_LED_1,Smart LED Bulb,Color Temperature,3500,Human,23.0,20.3,51.0,14.9,19.0,0.0,0,18.0,-705.4,0,,,,,
2026-02-11 19:19:30,TV_Plug_1,Smart Plug / Outlet,Switch State,On,Human,22.2,21.1,48.0,10.6,34.0,0.0,0,43.0,-720.0,0,,,,,
2026-02-11 22:07:00,Bedroom_LED_2,Smart LED Bulb,Power State,On,Human,23.5,20.5,57.0,4.1,10.0,0.0,0,210.5,-720.0,0,,,,,
2026-02-11 22:08:00,Bedroom_LED_2,Smart LED Bulb,Brightness,50,Human,20.2,21.0,51.0,13.3,12.0,0.0,0,211.5,-720.0,0,,,,,
2026-02-11 22:09:00,Bedroom_LED_2,Smart LED Bulb,Color Temperature,2700,Human,23.4,20.7,61.0,17.6,20.0,0.0,0,212.5,-720.0,0,,,,,
2026-02-11 22:44:00,Bedroom_AC_2,Smart Air Conditioner,Target Temperature,21,Human,19.8,21.8,64.0,12.2,30.0,0.0,0,247.5,-720.0,0,,,,,
2026-02-11 22:45:00,Bedroom_AC_2,Smart Air Conditioner,Operation Mode,Fan,Human,19.1,23.4,46.0,12.9,5.0,0.0,0,248.5,-720.0,0,,,,,
2026-02-11 22:48:00,FrontDoor_Cam_1,Security Camera,Privacy Mode,Enabled,Human,21.8,21.5,62.0,8.8,20.0,0.0,0,251.5,-720.0,0,,,,,
2026-02-11 22:51:00,LivingRoom_LED_1,Smart LED Bulb,Power State,Off,Human,20.6,17.7,61.0,5.5,19.0,0.0,0,254.5,-720.0,0,,,,,
2026-02-11 22:53:00,TV_Plug_1,Smart Plug / Outlet,Switch State,Off,Human,21.1,20.6,50.0,12.4,19.0,0.0,0,256.5,-720.0,0,,,,,
2026-02-11 22:54:00,Bedroom_Plug_1,Smart Plug / Outlet,Switch State,Off,Human,22.4,26.0,60.0,5.4,12.0,0.0,0,257.5,-720.0,0,,,,,
2026-02-12 06:33:00,Garden_Irrigation_1,Smart Irrigation Controller,Zone 1 State,On,Human,20.8,20.0,64.0,13.2,21.0,0.0,0,-720.0,35.7,0,,,,,
2026-02-12 06:57:00,LivingRoom_AC_1,Smart Air Conditioner,Target Temperature,24,Human,21.4,20.5,63.0,15.0,30.0,0.0,0,-700.0,11.7,0,,,,,
2026-02-12 06:58:00,LivingRoom_AC_1,Smart Air Conditioner,Operation Mode,Cool,Human,17.2,23.5,53.0,16.9,22.0,0.0,0,-699.0,10.7,0,,,,,
2026-02-12 06:59:00,LivingRoom_AC_1,Smart Air Conditioner,Fan Speed,Low,Human,24.6,20.0,51.0,16.1,20.0,0.0,0,-698.0,9.7,0,,,,,
2026-02-12 07:19:39,LivingRoom_Blinds_1,Smart Blinds / Shades,Open/Close Percentage,94,Human,18.3,19.9,63.0,12.7,15.0,0.0,0,-677.3,-11.0,1,,,,,
2026-02-12 07:53:00,Kitchen_Speaker_1,Smart Speaker / Receiver,Playback State,Play,Human,17.9,25.2,62.0,12.1,23.0,0.0,0,-644.0,-44.3,1,,,,,
2026-02-12 07:54:00,Kitchen_Speaker_1,Smart Speaker / Receiver,Volume Level,40,Human,18.9,21.1,48.0,16.9,31.0,0.0,0,-643.0,-45.3,1,,,,,
2026-02-12 09:06:00,Kitchen_Speaker_1,Smart Speaker / Receiver,Playback State,Stop,Human,18.4,21.4,51.0,11.3,10.0,5.6,0,-571.0,-117.3,1,,,,,
2026-02-12 18:19:59,LivingRoom_Blinds_1,Smart Blinds / Shades,Open/Close Percentage,0,Human,22.2,21.6,54.0,6.8,24.0,0.0,0,-17.0,-671.3,1,,,,,
2026-02-12 18:49:59,LivingRoom_LED_1,Smart LED Bulb,Power State,On,Human,20.6,21.2,50.0,10.8,28.0,0.0,0,13.0,-701.3,0,,,,,
2026-02-12 18:50:59,LivingRoom_LED_1,Smart LED Bulb,Brightness,75,Human,21.6,20.6,56.0,4.2,32.0,0.0,0,14.0,-702.3,0,,,,,
2026-02-12 18:51:59,LivingRoom_LED_1,Smart LED Bulb,Color Temperature,3500,Human,20.9,17.7,60.0,13.5,23.0,0.0,0,15.0,-703.3,0,,,,,
2026-02-12 19:27:59,TV_Plug_1,Smart Plug / Outlet,Switch State,On,Human,22.1,20.8,55.0,11.0,17.0,0.0,0,51.0,-720.0,0,,,,,
2026-02-12 22:03:00,Bedroom_LED_2,Smart LED Bulb,Power State,On,Human,21.9,20.3,59.0,10.6,15.0,0.0,0,206.0,-720.0,0,,,,,
2026-02-12 22:04:00,Bedroom_LED_2,Smart LED Bulb,Brightness,40,Human,23.7,19.1,54.0,7.9,24.0,0.0,0,207.0,-720.0,0,,,,,
2026-02-12 22:05:00,Bedroom_LED_2,Smart LED Bulb,Color Temperature,3000,Human,22.6,18.0,45.0,6.1,21.0,0.0,0,208.0,-720.0,0,,,,,
2026-02-12 22:18:00,Bedroom_AC_2,Smart Air Conditioner,Target Temperature,21,Human,25.4,17.3,63.0,15.8,22.0,0.0,0,221.0,-720.0,0,,,,,
2026-02-12 22:19:00,Bedroom_AC_2,Smart Air Conditioner,Operation Mode,Fan,Human,19.9,20.7,58.0,9.0,14.0,0.0,0,222.0,-720.0,0,,,,,
2026-02-12 22:51:00,LivingRoom_LED_1,Smart LED Bulb,Power State,Off,Human,20.3,21.1,64.0,9.7,29.0,0.0,0,254.0,-720.0,0,,,,,
2026-02-12 22:51:00,FrontDoor_Cam_1,Security Camera,Privacy Mode,Enabled,Human,20.2,24.6,50.0,12.7,12.0,0.0,0,254.0,-720.0,0,,,,,
2026-02-12 22:53:00,TV_Plug_1,Smart Plug / Outlet,Switch State,Off,Human,25.3,23.2,62.0,14.3,5.0,0.0,0,256.0,-720.0,0,,,,,
2026-02-12 22:54:00,Bedroom_Plug_1,Smart Plug / Outlet,Switch State,Off,Human,22.3,18.5,52.0,14.8,18.0,0.0,0,257.0,-720.0,0,,,,,
2026-02-13 06:29:00,Garden_Irrigation_1,Smart Irrigation Controller,Zone 1 State,On,Human,21.8,20.5,54.0,20.2,24.0,0.0,0,-720.0,39.2,0,,,,,
2026-02-13 07:07:00,LivingRoom_AC_1,Smart Air Conditioner,Target Temperature,24,Human,22.2,19.3,46.0,10.0,15.0,0.0,0,-690.5,1.2,0,,,,,
2026-02-13 07:08:00,LivingRoom_AC_1,Smart Air Conditioner,Operation Mode,Cool,Human,20.0,19.5,61.0,13.0,11.0,0.0,0,-689.5,0.2,0,,,,,
2026-02-13 07:09:00,LivingRoom_AC_1,Smart Air Conditioner,Fan Speed,Med,Human,24.1,19.6,52.0,11.0,5.0,0.0,0,-688.5,-0.8,1,,,,,
2026-02-13 07:20:09,LivingRoom_Blinds_1,Smart Blinds / Shades,Open/Close Percentage,95,Human,23.7,23.3,48.0,17.7,8.0,0.0,0,-677.3,-12.0,1,,,,,
2026-02-13 07:51:00,Kitchen_Speaker_1,Smart Speaker / Receiver,Playback State,Play,Human,17.2,20.9,55.0,7.7,13.0,0.0,0,-646.5,-42.8,1,,,,,
2026-02-13 07:52:00,Kitchen_Speaker_1,Smart Speaker / Receiver,Volume Level,40,Human,25.3,25.1,59.0,12.8,20.0,0.0,0,-645.5,-43.8,1,,,,,
2026-02-13 08:50:00,Kitchen_Speaker_1,Smart Speaker / Receiver,Playback State,Stop,Human,19.6,20.9,54.0,12.0,29.0,4.9,0,-587.5,-101.8,1,,,,,
2026-02-13 18:24:27,LivingRoom_Blinds_1,Smart Blinds / Shades,Open/Close Percentage,10,Human,25.3,19.1,63.0,12.8,29.0,0.0,0,-13.0,-676.3,1,,,,,
2026-02-13 18:45:27,LivingRoom_LED_1,Smart LED Bulb,Power State,On,Human,22.9,21.7,48.0,14.1,31.0,0.0,0,8.0,-697.3,0,,,,,
2026-02-13 18:46:27,LivingRoom_LED_1,Smart LED Bulb,Brightness,60,Human,23.9,19.5,53.0,14.0,18.0,0.0,0,9.0,-698.3,0,,,,,
2026-02-13 18:47:27,LivingRoom_LED_1,Smart LED Bulb,Color Temperature,3000,Human,24.2,18.1,63.0,7.3,28.0,0.0,0,10.0,-699.3,0,,,,,
2026-02-13 19:11:27,TV_Plug_1,Smart Plug / Outlet,Switch State,On,Human,22.2,20.7,54.0,11.3,21.0,0.0,0,34.0,-720.0,0,,,,,
2026-02-13 21:50:00,Bedroom_LED_2,Smart LED Bulb,Power State,On,Human,22.1,19.1,58.0,13.2,14.0,0.0,0,192.5,-720.0,0,,,,,
2026-02-13 21:51:00,Bedroom_LED_2,Smart LED Bulb,Brightness,50,Human,23.5,20.8,52.0,14.6,5.0,0.0,0,193.5,-720.0,0,,,,,
2026-02-13 21:52:00,Bedroom_LED_2,Smart LED Bulb,Color Temperature,3000,Human,23.6,20.8,57.0,5.7,25.0,0.0,0,194.5,-720.0,0,,,,,
2026-02-13 22:24:00,Bedroom_AC_2,Smart Air Conditioner,Target Temperature,21,Human,23.5,21.5,63.0,16.8,14.0,0.0,0,226.5,-720.0,0,,,,,
2026-02-13 22:25:00,Bedroom_AC_2,Smart Air Conditioner,Operation Mode,Fan,Human,23.9,21.3,64.0,12.4,8.0,0.0,0,227.5,-720.0,0,,,,,
2026-02-13 22:35:00,FrontDoor_Cam_1,Security Camera,Privacy Mode,Enabled,Human,21.2,23.7,58.0,15.3,27.0,0.0,0,237.5,-720.0,0,,,,,
2026-02-13 23:01:00,LivingRoom_LED_1,Smart LED Bulb,Power State,Off,Human,26.4,23.6,54.0,18.9,21.0,0.0,0,263.5,-720.0,0,,,,,
2026-02-13 23:03:00,TV_Plug_1,Smart Plug / Outlet,Switch State,Off,Human,24.9,21.2,50.0,15.5,26.0,0.0,0,265.5,-720.0,0,,,,,
2026-02-13 23:04:00,Bedroom_Plug_1,Smart Plug / Outlet,Switch State,Off,Human,16.2,18.7,45.0,8.5,8.0,0.0,0,266.5,-720.0,0,,,,,
2026-02-14 06:39:00,Garden_Irrigation_1,Smart Irrigation Controller,Zone 1 State,On,Human,24.0,22.6,64.0,18.7,5.0,0.0,0,-718.9,28.6,0,,,,,
2026-02-14 08:51:00,Hallway_Vacuum_1,Robot Vacuum,Cleaning State,Clean,Human,21.0,20.0,51.0,15.8,31.0,5.8,0,-586.9,-103.4,1,,,,,
2026-02-14 08:52:00,Hallway_Vacuum_1,Robot Vacuum,Suction Power,Max,Human,21.3,24.6,47.0,15.4,29.0,7.4,0,-585.9,-104.4,1,,,,,
2026-02-14 12:00:00,LivingRoom_AC_1,Smart Air Conditioner,Target Temperature,26,Automation,23.1,21.2,58.0,13.4,34.0,6.7,0,-397.9,-292.4,1,,,,,
2026-02-14 14:14:00,LivingRoom_AC_1,Smart Air Conditioner,Target Temperature,22,Human,22.6,24.2,52.0,9.5,32.0,5.6,0,-263.9,-426.4,1,,,,,
2026-02-14 14:15:00,LivingRoom_AC_1,Smart Air Conditioner,Operation Mode,Cool,Human,22.8,21.7,55.0,11.1,34.0,4.1,0,-262.9,-427.4,1,,,,,
2026-02-14 18:43:54,LivingRoom_LED_1,Smart LED Bulb,Power State,On,Human,23.7,26.5,48.0,7.9,17.0,0.0,0,6.0,-696.3,0,,,,,
2026-02-14 18:44:54,LivingRoom_LED_1,Smart LED Bulb,Brightness,70,Human,24.5,21.7,58.0,12.3,30.0,0.0,0,7.0,-697.3,0,,,,,
2026-02-14 18:45:54,LivingRoom_LED_1,Smart LED Bulb,Color Temperature,2700,Human,21.1,16.1,54.0,15.0,19.0,0.0,0,8.0,-698.3,0,,,,,
2026-02-14 19:31:54,TV_Plug_1,Smart Plug / Outlet,Switch State,On,Human,17.6,23.9,56.0,11.1,5.0,0.0,0,54.0,-720.0,0,,,,,
2026-02-14 21:53:00,Bedroom_LED_2,Smart LED Bulb,Power State,On,Human,23.5,20.8,63.0,11.0,8.0,0.0,0,195.1,-720.0,0,,,,,
2026-02-14 21:54:00,Bedroom_LED_2,Smart LED Bulb,Brightness,40,Human,24.1,22.9,63.0,20.4,22.0,0.0,0,196.1,-720.0,0,,,,,
2026-02-14 21:55:00,Bedroom_LED_2,Smart LED Bulb,Color Temperature,2700,Human,17.9,19.9,49.0,13.7,33.0,0.0,0,197.1,-720.0,0,,,,,
2026-02-14 22:43:00,Bedroom_AC_2,Smart Air Conditioner,Target Temperature,21,Human,23.5,22.9,49.0,13.7,22.0,0.0,0,245.1,-720.0,0,,,,,
2026-02-14 22:44:00,Bedroom_AC_2,Smart Air Conditioner,Operation Mode,Cool,Human,21.7,18.8,54.0,6.3,12.0,0.0,0,246.1,-720.0,0,,,,,
2026-02-14 22:51:00,FrontDoor_Cam_1,Security Camera,Privacy Mode,Disabled,Human,20.6,24.0,50.0,11.7,20.0,0.0,0,253.1,-720.0,0,,,,,
2026-02-14 22:55:00,LivingRoom_LED_1,Smart LED Bulb,Power State,Off,Human,20.9,21.6,45.0,13.4,10.0,0.0,0,257.1,-720.0,0,,,,,
2026-02-14 22:57:00,TV_Plug_1,Smart Plug / Outlet,Switch State,Off,Human,22.6,19.0,63.0,4.9,18.0,0.0,0,259.1,-720.0,0,,,,,
2026-02-14 22:58:00,Bedroom_Plug_1,Smart Plug / Outlet,Switch State,Off,Human,22.4,25.6,64.0,12.3,12.0,0.0,1,260.1,-720.0,0,,,,,
2026-02-15 06:33:00,Garden_Irrigation_1,Smart Irrigation Controller,Zone 1 State,On,Human,23.6,21.1,50.0,19.1,31.0,0.0,0,-720.0,34.1,0,,,,,
2026-02-15 14:38:00,LivingRoom_AC_1,Smart Air Conditioner,Target Temperature,22,Human,21.6,20.4,60.0,10.2,19.0,7.8,0,-240.4,-450.9,1,,,,,
2026-02-15 14:39:00,LivingRoom_AC_1,Smart Air Conditioner,Operation Mode,Cool,Human,18.9,23.1,54.0,10.4,14.0,7.5,1,-239.4,-451.9,1,,,,,
2026-02-15 18:44:21,LivingRoom_LED_1,Smart LED Bulb,Power State,On,Human,20.9,20.5,62.0,11.7,18.0,0.0,0,6.0,-697.3,0,,,,,
2026-02-15 18:45:21,LivingRoom_LED_1,Smart LED Bulb,Brightness,60,Human,19.7,20.1,54.0,2.8,8.0,0.0,0,7.0,-698.3,0,,,,,
2026-02-15 18:46:21,LivingRoom_LED_1,Smart LED Bulb,Color Temperature,3000,Human,23.8,18.2,56.0,7.6,16.0,0.0,0,8.0,-699.3,0,,,,,
2026-02-15 19:16:21,TV_Plug_1,Smart Plug / Outlet,Switch State,On,Human,17.8,19.6,60.0,9.3,6.0,0.0,1,38.0,-720.0,0,,,,,
2026-02-15 21:50:00,Bedroom_LED_2,Smart LED Bulb,Power State,On,Human,22.6,21.8,46.0,7.0,25.0,0.0,0,191.6,-720.0,0,,,,,
2026-02-15 21:51:00,Bedroom_LED_2,Smart LED Bulb,Brightness,30,Human,22.5,23.1,46.0,10.9,7.0,0.0,0,192.6,-720.0,0,,,,,
2026-02-15 21:52:00,Bedroom_LED_2,Smart LED Bulb,Color Temperature,3000,Human,19.7,21.1,51.0,14.0,23.0,0.0,0,193.6,-720.0,0,,,,,
2026-02-15 22:28:00,Bedroom_AC_2,Smart Air Conditioner,Target Temperature,21,Human,24.7,20.0,49.0,18.8,25.0,0.0,0,229.6,-720.0,0,,,,,
2026-02-15 22:29:00,Bedroom_AC_2,Smart Air Conditioner,Operation Mode,Cool,Human,17.7,19.8,50.0,6.0,16.0,0.0,0,230.6,-720.0,0,,,,,
2026-02-15 22:43:00,FrontDoor_Cam_1,Security Camera,Privacy Mode,Enabled,Human,19.3,20.7,53.0,9.6,14.0,0.0,0,244.6,-720.0,0,,,,,
2026-02-15 22:45:00,LivingRoom_LED_1,Smart LED Bulb,Power State,Off,Human,23.3,17.6,59.0,8.3,31.0,0.0,0,246.6,-720.0,0,,,,,
2026-02-15 22:47:00,TV_Plug_1,Smart Plug / Outlet,Switch State,Off,Human,22.4,23.8,46.0,6.0,14.0,0.0,0,248.6,-720.0,0,,,,,
2026-02-15 22:48:00,Bedroom_Plug_1,Smart Plug / Outlet,Switch State,Off,Human,23.9,22.9,58.0,15.3,21.0,0.0,0,249.6,-720.0,0,,,,,
2026-02-16 06:39:00,Garden_Irrigation_1,Smart Irrigation Controller,Zone 1 State,On,Human,23.8,22.7,55.0,13.8,21.0,0.0,0,-719.8,27.6,0,,,,,
2026-02-16 06:53:00,LivingRoom_AC_1,Smart Air Conditioner,Target Temperature,23,Human,22.5,19.7,48.0,16.0,13.0,0.0,0,-705.8,13.6,0,,,,,
2026-02-16 06:54:00,LivingRoom_AC_1,Smart Air Conditioner,Operation Mode,Cool,Human,20.1,18.1,47.0,13.3,22.0,0.0,0,-704.8,12.6,0,,,,,
2026-02-16 06:55:00,LivingRoom_AC_1,Smart Air Conditioner,Fan Speed,Low,Human,22.4,24.5,57.0,12.6,22.0,0.0,0,-703.8,11.6,0,,,,,
2026-02-16 07:19:33,LivingRoom_Blinds_1,Smart Blinds / Shades,Open/Close Percentage,84,Human,22.1,21.8,50.0,12.8,31.0,0.0,0,-679.2,-13.0,1,,,,,
2026-02-16 08:07:00,Kitchen_Speaker_1,Smart Speaker / Receiver,Playback State,Play,Human,19.0,20.4,45.0,15.6,11.0,5.9,0,-631.8,-60.4,1,,,,,
2026-02-16 08:08:00,Kitchen_Speaker_1,Smart Speaker / Receiver,Volume Level,40,Human,23.2,23.3,58.0,3.7,16.0,6.9,0,-630.8,-61.4,1,,,,,
2026-02-16 09:06:00,Kitchen_Speaker_1,Smart Speaker / Receiver,Playback State,Stop,Human,22.7,20.6,59.0,6.9,14.0,4.8,0,-572.8,-119.4,1,,,,,
2026-02-16 18:36:48,LivingRoom_Blinds_1,Smart Blinds / Shades,Open/Close Percentage,0,Human,21.5,18.9,48.0,16.4,23.0,0.0,0,-2.0,-690.2,1,,,,,
2026-02-16 18:54:48,LivingRoom_LED_1,Smart LED Bulb,Power State,On,Human,21.2,19.3,57.0,9.4,13.0,0.0,0,16.0,-708.2,0,,,,,
2026-02-16 18:55:48,LivingRoom_LED_1,Smart LED Bulb,Brightness,80,Human,19.9,20.2,52.0,12.4,18.0,0.0,0,17.0,-709.2,0,,,,,
2026-02-16 18:56:48,LivingRoom_LED_1,Smart LED Bulb,Color Temperature,3500,Human,22.1,19.4,57.0,9.3,24.0,0.0,0,18.0,-710.2,0,,,,,
2026-02-16 19:34:48,TV_Plug_1,Smart Plug / Outlet,Switch State,On,Human,18.7,23.9,53.0,7.0,26.0,0.0,0,56.0,-720.0,0,,,,,
2026-02-16 21:52:00,Bedroom_LED_2,Smart LED Bulb,Power State,On,Human,22.3,16.1,57.0,6.4,27.0,0.0,0,193.2,-720.0,0,,,,,
2026-02-16 21:53:00,Bedroom_LED_2,Smart LED Bulb,Brightness,40,Human,20.2,21.7,53.0,11.0,30.0,0.0,0,194.2,-720.0,0,,,,,
2026-02-16 21:54:00,Bedroom_LED_2,Smart LED Bulb,Color Temperature,3000,Human,24.2,19.5,64.0,13.8,12.0,0.0,0,195.2,-720.0,0,,,,,
2026-02-16 22:27:00,Bedroom_AC_2,Smart Air Conditioner,Target Temperature,21,Human,23.2,22.3,62.0,11.7,9.0,0.0,0,228.2,-720.0,0,,,,,
2026-02-16 22:28:00,Bedroom_AC_2,Smart Air Conditioner,Operation Mode,Cool,Human,21.1,22.9,54.0,14.0,30.0,0.0,0,229.2,-720.0,0,,,,,
2026-02-16 22:51:00,FrontDoor_Cam_1,Security Camera,Privacy Mode,Disabled,Human,22.1,26.0,64.0,14.0,32.0,0.0,0,252.2,-720.0,0,,,,,
2026-02-16 23:03:00,LivingRoom_LED_1,Smart LED Bulb,Power State,Off,Human,21.4,17.7,62.0,3.5,9.0,0.0,0,264.2,-720.0,0,,,,,
2026-02-16 23:05:00,TV_Plug_1,Smart Plug / Outlet,Switch State,Off,Human,23.0,24.1,47.0,9.7,5.0,0.0,0,266.2,-720.0,0,,,,,
2026-02-16 23:06:00,Bedroom_Plug_1,Smart Plug / Outlet,Switch State,Off,Human,19.5,19.3,58.0,7.0,32.0,0.0,0,267.2,-720.0,0,,,,,
2026-02-17 06:31:00,Garden_Irrigation_1,Smart Irrigation Controller,Zone 1 State,On,Human,17.5,22.1,55.0,15.5,10.0,0.0,0,-720.0,35.0,0,,,,,
2026-02-17 07:02:00,LivingRoom_AC_1,Smart Air Conditioner,Target Temperature,22,Human,22.1,21.7,51.0,6.6,30.0,0.0,0,-697.2,4.0,0,,,,,
2026-02-17 07:03:00,LivingRoom_AC_1,Smart Air Conditioner,Operation Mode,Cool,Human,22.4,22.0,60.0,3.9,13.0,0.0,0,-696.2,3.0,0,,,,,
2026-02-17 07:04:00,LivingRoom_AC_1,Smart Air Conditioner,Fan Speed,Med,Human,25.0,21.6,45.0,7.1,8.0,0.0,0,-695.2,2.0,0,,,,,
2026-02-17 07:24:59,LivingRoom_Blinds_1,Smart Blinds / Shades,Open/Close Percentage,90,Human,20.5,21.0,64.0,17.7,24.0,0.0,0,-674.2,-19.0,1,,,,,
2026-02-17 08:00:00,Kitchen_Speaker_1,Smart Speaker / Receiver,Playback State,Play,Human,20.8,20.6,47.0,21.8,24.0,6.5,0,-639.2,-54.0,1,,,,,
2026-02-17 08:01:00,Kitchen_Speaker_1,Smart Speaker / Receiver,Volume Level,40,Human,21.9,16.4,51.0,11.9,21.0,4.0,0,-638.2,-55.0,1,,,,,
2026-02-17 08:50:00,Kitchen_Speaker_1,Smart Speaker / Receiver,Playback State,Stop,Human,22.3,22.7,64.0,15.7,29.0,7.1,0,-589.2,-104.0,1,,,,,
2026-02-17 18:24:13,LivingRoom_Blinds_1,Smart Blinds / Shades,Open/Close Percentage,10,Human,24.1,21.2,51.0,12.3,6.0,0.0,0,-15.0,-678.2,1,,,,,
2026-02-17 18:50:13,LivingRoom_LED_1,Smart LED Bulb,Power State,On,Human,23.2,19.7,50.0,20.4,19.0,0.0,0,11.0,-704.2,0,,,,,
2026-02-17 18:51:13,LivingRoom_LED_1,Smart LED Bulb,Brightness,70,Human,24.1,18.0,61.0,9.7,13.0,0.0,0,12.0,-705.2,0,,,,,
2026-02-17 18:52:13,LivingRoom_LED_1,Smart LED Bulb,Color Temperature,3000,Human,24.6,20.7,48.0,10.9,7.0,0.0,0,13.0,-706.2,0,,,,,
2026-02-17 19:35:13,TV_Plug_1,Smart Plug / Outlet,Switch State,On,Human,20.5,22.5,48.0,10.6,11.0,0.0,0,56.0,-720.0,0,,,,,
2026-02-17 21:53:00,Bedroom_LED_2,Smart LED Bulb,Power State,On,Human,22.4,19.2,53.0,12.1,24.0,0.0,0,193.8,-720.0,0,,,,,
2026-02-17 21:54:00,Bedroom_LED_2,Smart LED Bulb,Brightness,50,Human,22.0,22.6,47.0,17.9,11.0,0.0,0,194.8,-720.0,0,,,,,
2026-02-17 21:55:00,Bedroom_LED_2,Smart LED Bulb,Color Temperature,2700,Human,22.0,25.8,51.0,2.1,27.0,0.0,0,195.8,-720.0,0,,,,,
2026-02-17 22:25:00,Bedroom_AC_2,Smart Air Conditioner,Target Temperature,20,Human,23.4,24.5,56.0,13.0,33.0,0.0,0,225.8,-720.0,0,,,,,
2026-02-17 22:26:00,Bedroom_AC_2,Smart Air Conditioner,Operation Mode,Fan,Human,20.5,21.6,49.0,11.3,23.0,0.0,0,226.8,-720.0,0,,,,,
2026-02-17 22:41:00,FrontDoor_Cam_1,Security Camera,Privacy Mode,Enabled,Human,19.7,22.2,45.0,17.2,6.0,0.0,0,241.8,-720.0,0,,,,,
2026-02-17 23:01:00,LivingRoom_LED_1,Smart LED Bulb,Power State,Off,Human,18.4,19.7,48.0,14.7,29.0,0.0,0,261.8,-720.0,0,,,,,
2026-02-17 23:03:00,TV_Plug_1,Smart Plug / Outlet,Switch State,Off,Human,20.9,22.3,62.0,13.7,31.0,0.0,0,263.8,-720.0,0,,,,,
2026-02-17 23:04:00,Bedroom_Plug_1,Smart Plug / Outlet,Switch State,Off,Human,21.2,21.7,53.0,19.6,8.0,0.0,0,264.8,-720.0,0,,,,,
2026-02-18 06:30:00,Garden_Irrigation_1,Smart Irrigation Controller,Zone 1 State,On,Human,21.9,22.6,51.0,18.6,20.0,0.0,0,-720.0,35.4,0,,,,,
2026-02-18 07:01:00,LivingRoom_AC_1,Smart Air Conditioner,Target Temperature,24,Human,21.3,22.0,52.0,14.6,5.0,0.0,0,-698.7,4.4,0,,,,,
2026-02-18 07:02:00,LivingRoom_AC_1,Smart Air Conditioner,Operation Mode,Cool,Human,19.8,20.9,64.0,18.3,28.0,0.0,0,-697.7,3.4,0,,,,,
2026-02-18 07:03:00,LivingRoom_AC_1,Smart Air Conditioner,Fan Speed,High,Human,23.9,17.6,62.0,10.9,32.0,0.0,0,-696.7,2.4,0,,,,,
2026-02-18 07:15:24,LivingRoom_Blinds_1,Smart Blinds / Shades,Open/Close Percentage,88,Human,22.6,20.7,62.0,6.9,12.0,0.0,0,-684.2,-10.0,1,,,,,
2026-02-18 08:09:00,Kitchen_Speaker_1,Smart Speaker / Receiver,Playback State,Play,Human,20.9,19.9,55.0,15.9,27.0,5.4,0,-630.7,-63.6,1,,,,,
2026-02-18 08:10:00,Kitchen_Speaker_1,Smart Speaker / Receiver,Volume Level,40,Human,23.5,21.4,63.0,20.3,13.0,4.4,0,-629.7,-64.6,1,,,,,
2026-02-18 08:52:00,Kitchen_Speaker_1,Smart Speaker / Receiver,Playback State,Stop,Human,22.2,20.2,46.0,15.4,21.0,6.8,0,-587.7,-106.6,1,,,,,
2026-02-18 12:00:00,LivingRoom_AC_1,Smart Air Conditioner,Target Temperature,26,Automation,22.6,19.0,52.0,12.0,15.0,6.6,0,-399.7,-294.6,1,,,,,
2026-02-18 18:22:39,LivingRoom_Blinds_1,Smart Blinds / Shades,Open/Close Percentage,0,Human,21.5,23.5,48.0,5.5,10.0,0.0,1,-17.0,-677.2,1,,,,,
2026-02-18 18:50:39,LivingRoom_LED_1,Smart LED Bulb,Power State,On,Human,19.6,23.8,59.0,3.7,32.0,0.0,0,11.0,-705.2,0,,,,,
2026-02-18 18:51:39,LivingRoom_LED_1,Smart LED Bulb,Brightness,75,Human,21.0,20.2,46.0,8.6,23.0,0.0,0,12.0,-706.2,0,,,,,
2026-02-18 18:52:39,LivingRoom_LED_1,Smart LED Bulb,Color Temperature,2700,Human,23.7,21.5,52.0,9.6,17.0,0.0,0,13.0,-707.2,0,,,,,
2026-02-18 19:11:39,TV_Plug_1,Smart Plug / Outlet,Switch State,On,Human,21.6,22.2,49.0,12.7,18.0,0.0,0,32.0,-720.0,0,,,,,
2026-02-18 21:57:00,Bedroom_LED_2,Smart LED Bulb,Power State,On,Human,23.5,22.5,60.0,13.6,10.0,0.0,0,197.3,-720.0,0,,,,,
2026-02-18 21:58:00,Bedroom_LED_2,Smart LED Bulb,Brightness,40,Human,21.4,22.5,54.0,10.6,8.0,0.0,0,198.3,-720.0,0,,,,,
2026-02-18 21:59:00,Bedroom_LED_2,Smart LED Bulb,Color Temperature,2700,Human,22.1,23.5,50.0,3.4,18.0,0.0,0,199.3,-720.0,0,,,,,
2026-02-18 22:25:00,Bedroom_AC_2,Smart Air Conditioner,Target Temperature,21,Human,23.0,21.2,53.0,17.6,32.0,0.0,0,225.3,-720.0,0,,,,,
2026-02-18 22:26:00,Bedroom_AC_2,Smart Air Conditioner,Operation Mode,Fan,Human,22.4,23.8,62.0,11.5,28.0,0.0,0,226.3,-720.0,0,,,,,
2026-02-18 22:52:00,FrontDoor_Cam_1,Security Camera,Privacy Mode,Enabled,Human,21.5,21.1,48.0,15.3,24.0,0.0,0,252.3,-720.0,0,,,,,
2026-02-18 22:58:00,LivingRoom_LED_1,Smart LED Bulb,Power State,Off,Human,23.3,20.1,60.0,15.4,25.0,0.0,0,258.3,-720.0,0,,,,,
2026-02-18 23:00:00,TV_Plug_1,Smart Plug / Outlet,Switch State,Off,Human,19.1,19.6,47.0,5.9,26.0,0.0,0,260.3,-720.0,0,,,,,
2026-02-18 23:01:00,Bedroom_Plug_1,Smart Plug / Outlet,Switch State,Off,Human,27.9,21.5,62.0,14.6,9.0,0.0,1,261.3,-720.0,0,,,,,
2026-02-19 06:37:00,Garden_Irrigation_1,Smart Irrigation Controller,Zone 1 State,On,Human,20.3,22.2,53.0,10.6,31.0,0.0,0,-720.0,27.8,0,,,,,
2026-02-19 06:53:00,LivingRoom_AC_1,Smart Air Conditioner,Target Temperature,24,Human,19.4,19.3,54.0,9.4,8.0,0.0,0,-707.1,11.8,0,,,,,
2026-02-19 06:54:00,LivingRoom_AC_1,Smart Air Conditioner,Operation Mode,Cool,Human,19.0,18.6,59.0,5.1,21.0,0.0,0,-706.1,10.8,0,,,,,
2026-02-19 06:55:00,LivingRoom_AC_1,Smart Air Conditioner,Fan Speed,High,Human,21.0,19.8,46.0,11.2,27.0,0.0,0,-705.1,9.8,0,,,,,
2026-02-19 07:15:49,LivingRoom_Blinds_1,Smart Blinds / Shades,Open/Close Percentage,74,Human,21.2,22.6,49.0,8.8,13.0,0.0,0,-684.3,-11.0,1,,,,,
2026-02-19 08:06:00,Kitchen_Speaker_1,Smart Speaker / Receiver,Playback State,Play,Human,19.8,20.6,53.0,10.1,12.0,5.7,0,-634.1,-61.2,1,,,,,
2026-02-19 08:07:00,Kitchen_Speaker_1,Smart Speaker / Receiver,Volume Level,40,Human,20.1,19.5,60.0,12.0,9.0,5.4,0,-633.1,-62.2,1,,,,,
2026-02-19 08:51:00,Kitchen_Speaker_1,Smart Speaker / Receiver,Playback State,Stop,Human,23.5,23.1,54.0,9.4,5.0,7.8,0,-589.1,-106.2,1,,,,,
2026-02-19 12:00:00,LivingRoom_AC_1,Smart Air Conditioner,Target Temperature,26,Automation,20.3,19.1,57.0,1.9,26.0,6.0,0,-400.1,-295.2,1,,,,,
2026-02-19 18:38:04,LivingRoom_Blinds_1,Smart Blinds / Shades,Open/Close Percentage,10,Human,22.4,20.5,45.0,7.1,20.0,0.0,0,-2.0,-693.3,1,,,,,
2026-02-19 18:58:04,LivingRoom_LED_1,Smart LED Bulb,Power State,On,Human,25.0,24.1,51.0,11.5,30.0,0.0,0,18.0,-713.3,0,,,,,
2026-02-19 18:59:04,LivingRoom_LED_1,Smart LED Bulb,Brightness,70,Human,23.7,17.2,56.0,4.3,31.0,0.0,0,19.0,-714.3,0,,,,,
2026-02-19 19:00:04,LivingRoom_LED_1,Smart LED Bulb,Color Temperature,3000,Human,22.4,16.3,49.0,14.1,10.0,0.0,0,20.0,-715.3,0,,,,,
2026-02-19 19:32:04,TV_Plug_1,Smart Plug / Outlet,Switch State,On,Human,19.4,21.6,59.0,14.6,23.0,0.0,1,52.0,-720.0,0,,,,,
2026-02-19 22:05:00,Bedroom_LED_2,Smart LED Bulb,Power State,On,Human,23.8,24.8,58.0,16.5,23.0,0.0,0,204.9,-720.0,0,,,,,
2026-02-19 22:06:00,Bedroom_LED_2,Smart LED Bulb,Brightness,40,Human,22.0,19.2,64.0,13.0,14.0,0.0,0,205.9,-720.0,0,,,,,
2026-02-19 22:07:00,Bedroom_LED_2,Smart LED Bulb,Color Temperature,2700,Human,21.9,22.3,64.0,10.2,21.0,0.0,0,206.9,-720.0,0,,,,,
2026-02-19 22:42:00,FrontDoor_Cam_1,Security Camera,Privacy Mode,Enabled,Human,18.5,19.6,61.0,5.1,20.0,0.0,0,241.9,-720.0,0,,,,,
2026-02-19 22:44:00,Bedroom_AC_2,Smart Air Conditioner,Target Temperature,21,Human,23.0,21.8,56.0,7.4,18.0,0.0,0,243.9,-720.0,0,,,,,
2026-02-19 22:45:00,Bedroom_AC_2,Smart Air Conditioner,Operation Mode,Cool,Human,21.1,22.0,51.0,17.2,7.0,0.0,1,244.9,-720.0,0,,,,,
2026-02-19 23:03:00,LivingRoom_LED_1,Smart LED Bulb,Power State,Off,Human,26.2,21.0,55.0,15.2,15.0,0.0,0,262.9,-720.0,0,,,,,
2026-02-19 23:05:00,TV_Plug_1,Smart Plug / Outlet,Switch State,Off,Human,21.8,24.0,56.0,5.2,12.0,0.0,0,264.9,-720.0,0,,,,,
2026-02-19 23:06:00,Bedroom_Plug_1,Smart Plug / Outlet,Switch State,Off,Human,20.4,21.9,63.0,13.4,16.0,0.0,0,265.9,-720.0,0,,,,,
2026-02-20 06:35:00,Garden_Irrigation_1,Smart Irrigation Controller,Zone 1 State,On,Human,20.1,23.3,57.0,19.4,26.0,0.0,0,-720.0,29.2,0,,,,,
2026-02-20 06:56:00,LivingRoom_AC_1,Smart Air Conditioner,Target Temperature,22,Human,23.2,22.6,61.0,5.9,13.0,0.0,0,-704.5,8.2,0,,,,,
2026-02-20 06:57:00,LivingRoom_AC_1,Smart Air Conditioner,Operation Mode,Cool,Human,21.2,21.0,59.0,12.3,15.0,0.0,0,-703.5,7.2,0,,,,,
2026-02-20 06:58:00,LivingRoom_AC_1,Smart Air Conditioner,Fan Speed,Med,Human,22.4,21.1,63.0,7.2,29.0,0.0,0,-702.5,6.2,0,,,,,
2026-02-20 07:30:12,LivingRoom_Blinds_1,Smart Blinds / Shades,Open/Close Percentage,91,Human,22.9,22.9,64.0,12.1,13.0,0.0,0,-670.3,-26.0,1,,,,,
2026-02-20 07:52:00,Kitchen_Speaker_1,Smart Speaker / Receiver,Playback State,Play,Human,21.5,22.2,59.0,11.8,22.0,0.0,0,-648.5,-47.8,1,,,,,
2026-02-20 07:53:00,Kitchen_Speaker_1,Smart Speaker / Receiver,Volume Level,40,Human,23.1,24.1,62.0,12.9,5.0,0.0,0,-647.5,-48.8,1,,,,,
2026-02-20 08:55:00,Kitchen_Speaker_1,Smart Speaker / Receiver,Playback State,Stop,Human,24.2,22.1,50.0,2.0,24.0,7.1,0,-585.5,-110.8,1,,,,,
2026-02-20 12:00:00,LivingRoom_AC_1,Smart Air Conditioner,Target Temperature,26,Automation,18.5,21.4,58.0,12.9,14.0,4.7,0,-400.5,-295.8,1,,,,,
2026-02-20 18:40:28,LivingRoom_Blinds_1,Smart Blinds / Shades,Open/Close Percentage,10,Human,22.7,22.8,47.0,15.7,7.0,0.0,0,0.0,-696.3,1,,,,,
2026-02-20 18:49:28,LivingRoom_LED_1,Smart LED Bulb,Power State,On,Human,25.2,21.1,55.0,9.9,28.0,0.0,0,9.0,-705.3,0,,,,,
2026-02-20 18:50:28,LivingRoom_LED_1,Smart LED Bulb,Brightness,65,Human,18.5,22.1,57.0,13.1,15.0,0.0,0,10.0,-706.3,0,,,,,
2026-02-20 18:51:28,LivingRoom_LED_1,Smart LED Bulb,Color Temperature,3000,Human,22.9,20.9,61.0,10.8,17.0,0.0,0,11.0,-707.3,0,,,,,
2026-02-20 19:24:28,TV_Plug_1,Smart Plug / Outlet,Switch State,On,Human,18.5,24.6,64.0,6.6,28.0,0.0,0,44.0,-720.0,0,,,,,
2026-02-20 22:02:00,Bedroom_LED_2,Smart LED Bulb,Power State,On,Human,24.1,22.1,53.0,11.6,30.0,0.0,0,201.5,-720.0,0,,,,,
2026-02-20 22:03:00,Bedroom_LED_2,Smart LED Bulb,Brightness,30,Human,24.8,17.7,47.0,9.9,16.0,0.0,0,202.5,-720.0,0,,,,,
2026-02-20 22:04:00,Bedroom_LED_2,Smart LED Bulb,Color Temperature,3000,Human,21.7,19.3,49.0,19.0,30.0,0.0,0,203.5,-720.0,0,,,,,
2026-02-20 22:31:00,Bedroom_AC_2,Smart Air Conditioner,Target Temperature,21,Human,21.0,22.3,59.0,14.2,27.0,0.0,0,230.5,-720.0,0,,,,,
2026-02-20 22:32:00,Bedroom_AC_2,Smart Air Conditioner,Operation Mode,Cool,Human,20.7,18.9,51.0,11.2,31.0,0.0,0,231.5,-720.0,0,,,,,
2026-02-20 22:36:00,FrontDoor_Cam_1,Security Camera,Privacy Mode,Enabled,Human,20.7,27.4,58.0,11.3,18.0,0.0,0,235.5,-720.0,0,,,,,
2026-02-20 22:52:00,LivingRoom_LED_1,Smart LED Bulb,Power State,Off,Human,22.7,18.6,53.0,14.3,13.0,0.0,0,251.5,-720.0,0,,,,,
2026-02-20 22:54:00,TV_Plug_1,Smart Plug / Outlet,Switch State,Off,Human,26.3,23.2,59.0,15.7,11.0,0.0,0,253.5,-720.0,0,,,,,
2026-02-20 22:55:00,Bedroom_Plug_1,Smart Plug / Outlet,Switch State,Off,Human,20.4,22.4,62.0,6.2,27.0,0.0,0,254.5,-720.0,0,,,,,
2026-02-21 06:32:00,Garden_Irrigation_1,Smart Irrigation Controller,Zone 1 State,On,Human,20.0,22.8,63.0,17.3,8.0,0.0,0,-720.0,31.6,0,,,,,
2026-02-21 08:53:00,Hallway_Vacuum_1,Robot Vacuum,Cleaning State,Clean,Human,22.1,19.8,52.0,20.2,12.0,5.4,0,-587.9,-109.4,1,,,,,
2026-02-21 08:54:00,Hallway_Vacuum_1,Robot Vacuum,Suction Power,Standard,Human,26.8,23.0,48.0,11.2,8.0,4.4,0,-586.9,-110.4,1,,,,,
2026-02-21 12:00:00,LivingRoom_AC_1,Smart Air Conditioner,Target Temperature,26,Automation,22.0,17.8,45.0,18.3,9.0,6.6,0,-400.9,-296.4,1,,,,,
2026-02-21 14:19:00,LivingRoom_AC_1,Smart Air Conditioner,Target Temperature,22,Human,22.6,18.3,46.0,15.3,23.0,7.4,0,-261.9,-435.4,1,,,,,
2026-02-21 14:20:00,LivingRoom_AC_1,Smart Air Conditioner,Operation Mode,Cool,Human,21.1,21.2,64.0,16.0,25.0,7.2,0,-260.9,-436.4,1,,,,,
2026-02-21 18:58:52,LivingRoom_LED_1,Smart LED Bulb,Power State,On,Human,22.9,22.1,55.0,12.3,18.0,0.0,0,18.0,-715.3,0,,,,,
2026-02-21 18:59:52,LivingRoom_LED_1,Smart LED Bulb,Brightness,80,Human,22.0,17.8,47.0,14.4,25.0,0.0,0,19.0,-716.3,0,,,,,
2026-02-21 19:00:52,LivingRoom_LED_1,Smart LED Bulb,Color Temperature,3000,Human,23.5,23.3,48.0,6.5,5.0,0.0,0,20.0,-717.3,0,,,,,
2026-02-21 19:24:52,TV_Plug_1,Smart Plug / Outlet,Switch State,On,Human,22.3,22.1,58.0,10.3,16.0,0.0,0,44.0,-720.0,0,,,,,
2026-02-21 22:09:00,Bedroom_LED_2,Smart LED Bulb,Power State,On,Human,25.6,19.7,48.0,17.2,9.0,0.0,0,208.1,-720.0,0,,,,,
2026-02-21 22:10:00,Bedroom_LED_2,Smart LED Bulb,Brightness,40,Human,22.5,21.6,64.0,14.9,32.0,0.0,0,209.1,-720.0,0,,,,,
2026-02-21 22:11:00,Bedroom_LED_2,Smart LED Bulb,Color Temperature,3000,Human,18.7,22.4,58.0,6.5,20.0,0.0,0,210.1,-720.0,0,,,,,
2026-02-21 22:39:00,Bedroom_AC_2,Smart Air Conditioner,Target Temperature,21,Human,20.6,21.8,51.0,12.4,30.0,0.0,0,238.1,-720.0,0,,,,,
2026-02-21 22:40:00,Bedroom_AC_2,Smart Air Conditioner,Operation Mode,Cool,Human,25.7,23.5,63.0,12.2,21.0,0.0,0,239.1,-720.0,0,,,,,
2026-02-21 22:42:00,FrontDoor_Cam_1,Security Camera,Privacy Mode,Enabled,Human,22.6,18.5,45.0,17.4,30.0,0.0,0,241.1,-720.0,0,,,,,
2026-02-21 22:45:00,LivingRoom_LED_1,Smart LED Bulb,Power State,Off,Human,24.6,20.7,64.0,15.8,5.0,0.0,0,244.1,-720.0,0,,,,,
2026-02-21 22:47:00,TV_Plug_1,Smart Plug / Outlet,Switch State,Off,Human,23.2,22.1,60.0,14.3,24.0,0.0,0,246.1,-720.0,0,,,,,
2026-02-21 22:48:00,Bedroom_Plug_1,Smart Plug / Outlet,Switch State,Off,Human,25.5,21.9,57.0,12.6,34.0,0.0,0,247.1,-720.0,0,,,,,
2026-02-22 06:21:00,Garden_Irrigation_1,Smart Irrigation Controller,Zone 1 State,On,Human,24.1,19.6,61.0,11.7,8.0,0.0,0,-720.0,42.0,0,,,,,
2026-02-22 12:00:00,LivingRoom_AC_1,Smart Air Conditioner,Target Temperature,26,Automation,23.5,22.8,56.0,1.7,24.0,6.7,0,-401.3,-297.0,1,,,,,
2026-02-22 14:26:00,LivingRoom_AC_1,Smart Air Conditioner,Target Temperature,22,Human,21.8,18.5,57.0,8.6,28.0,7.3,0,-255.3,-443.0,1,,,,,
2026-02-22 14:27:00,LivingRoom_AC_1,Smart Air Conditioner,Operation Mode,Cool,Human,19.8,22.4,59.0,17.6,29.0,4.9,0,-254.3,-444.0,1,,,,,
2026-02-22 18:59:16,LivingRoom_LED_1,Smart LED Bulb,Power State,On,Human,23.5,20.2,53.0,8.4,30.0,0.0,0,18.0,-716.3,0,,,,,
2026-02-22 19:00:16,LivingRoom_LED_1,Smart LED Bulb,Brightness,70,Human,21.3,19.8,60.0,2.2,17.0,0.0,0,19.0,-717.3,0,,,,,
2026-02-22 19:01:16,LivingRoom_LED_1,Smart LED Bulb,Color Temperature,3500,Human,21.1,20.8,60.0,19.0,34.0,0.0,0,20.0,-718.3,0,,,,,
2026-02-22 19:39:16,TV_Plug_1,Smart Plug / Outlet,Switch State,On,Human,23.1,21.8,55.0,14.0,28.0,0.0,0,58.0,-720.0,0,,,,,
2026-02-22 22:08:00,Bedroom_LED_2,Smart LED Bulb,Power State,On,Human,23.9,22.5,54.0,18.4,21.0,0.0,0,206.7,-720.0,0,,,,,
2026-02-22 22:09:00,Bedroom_LED_2,Smart LED Bulb,Brightness,50,Human,23.9,23.8,49.0,12.2,7.0,0.0,0,207.7,-720.0,0,,,,,
2026-02-22 22:10:00,Bedroom_LED_2,Smart LED Bulb,Color Temperature,2700,Human,20.0,20.6,62.0,9.7,11.0,0.0,0,208.7,-720.0,0,,,,,
2026-02-22 22:36:00,FrontDoor_Cam_1,Security Camera,Privacy Mode,Disabled,Human,20.0,18.4,63.0,9.3,33.0,0.0,0,234.7,-720.0,0,,,,,
2026-02-22 22:43:00,Bedroom_AC_2,Smart Air Conditioner,Target Temperature,21,Human,19.6,20.3,45.0,12.7,18.0,0.0,0,241.7,-720.0,0,,,,,
2026-02-22 22:44:00,Bedroom_AC_2,Smart Air Conditioner,Operation Mode,Cool,Human,24.3,24.1,58.0,15.5,24.0,0.0,0,242.7,-720.0,0,,,,,
2026-02-22 22:54:00,LivingRoom_LED_1,Smart LED Bulb,Power State,Off,Human,22.6,21.4,52.0,10.7,31.0,0.0,0,252.7,-720.0,0,,,,,
2026-02-22 22:56:00,TV_Plug_1,Smart Plug / Outlet,Switch State,Off,Human,23.5,25.1,51.0,17.1,26.0,0.0,0,254.7,-720.0,0,,,,,
2026-02-22 22:57:00,Bedroom_Plug_1,Smart Plug / Outlet,Switch State,Off,Human,20.3,20.5,59.0,12.6,5.0,0.0,0,255.7,-720.0,0,,,,,
2026-02-23 06:32:00,Garden_Irrigation_1,Smart Irrigation Controller,Zone 1 State,On,Human,21.1,20.4,52.0,12.5,11.0,0.0,0,-720.0,30.3,0,,,,,
2026-02-23 06:59:00,LivingRoom_AC_1,Smart Air Conditioner,Target Temperature,23,Human,19.0,19.8,46.0,23.8,5.0,0.0,0,-702.6,3.3,0,,,,,
2026-02-23 07:00:00,LivingRoom_AC_1,Smart Air Conditioner,Operation Mode,Cool,Human,25.0,23.0,53.0,16.1,25.0,0.0,0,-701.6,2.3,0,,,,,
2026-02-23 07:01:00,LivingRoom_AC_1,Smart Air Conditioner,Fan Speed,Med,Human,22.3,26.6,63.0,10.4,13.0,0.0,0,-700.6,1.3,0,,,,,
2026-02-23 07:13:18,LivingRoom_Blinds_1,Smart Blinds / Shades,Open/Close Percentage,88,Human,18.2,19.8,59.0,8.1,26.0,0.0,0,-688.3,-11.0,1,,,,,
2026-02-23 07:54:00,Kitchen_Speaker_1,Smart Speaker / Receiver,Playback State,Play,Human,25.0,18.9,55.0,8.2,21.0,0.0,0,-647.6,-51.7,1,,,,,
2026-02-23 07:55:00,Kitchen_Speaker_1,Smart Speaker / Receiver,Volume Level,30,Human,21.0,19.9,57.0,16.5,9.0,0.0,0,-646.6,-52.7,1,,,,,
2026-02-23 08:53:00,Kitchen_Speaker_1,Smart Speaker / Receiver,Playback State,Stop,Human,23.1,20.1,47.0,9.2,22.0,4.3,0,-588.6,-110.7,1,,,,,
2026-02-23 18:37:38,LivingRoom_Blinds_1,Smart Blinds / Shades,Open/Close Percentage,0,Human,18.2,23.0,58.0,12.6,5.0,0.0,0,-4.0,-695.3,1,,,,,
2026-02-23 19:00:38,LivingRoom_LED_1,Smart LED Bulb,Power State,On,Human,23.7,23.5,51.0,15.0,17.0,0.0,0,19.0,-718.3,0,,,,,
2026-02-23 19:01:38,LivingRoom_LED_1,Smart LED Bulb,Brightness,70,Human,21.8,20.2,62.0,11.3,31.0,0.0,0,20.0,-719.3,0,,,,,
2026-02-23 19:02:38,LivingRoom_LED_1,Smart LED Bulb,Color Temperature,3000,Human,21.7,24.6,64.0,11.9,25.0,0.0,0,21.0,-720.0,0,,,,,
2026-02-23 19:25:38,TV_Plug_1,Smart Plug / Outlet,Switch State,On,Human,22.6,19.9,51.0,13.0,26.0,0.0,0,44.0,-720.0,0,,,,,
2026-02-23 21:51:00,Bedroom_LED_2,Smart LED Bulb,Power State,On,Human,22.0,18.4,52.0,16.1,5.0,0.0,0,189.4,-720.0,0,,,,,
2026-02-23 21:52:00,Bedroom_LED_2,Smart LED Bulb,Brightness,40,Human,22.4,20.9,49.0,12.9,25.0,0.0,0,190.4,-720.0,0,,,,,
2026-02-23 21:53:00,Bedroom_LED_2,Smart LED Bulb,Color Temperature,2700,Human,22.4,18.2,50.0,16.9,24.0,0.0,0,191.4,-720.0,0,,,,,
2026-02-23 22:40:00,FrontDoor_Cam_1,Security Camera,Privacy Mode,Disabled,Human,22.5,20.7,52.0,13.1,11.0,0.0,0,238.4,-720.0,0,,,,,
2026-02-23 22:42:00,Bedroom_AC_2,Smart Air Conditioner,Target Temperature,21,Human,19.9,18.2,58.0,9.3,10.0,0.0,0,240.4,-720.0,0,,,,,
2026-02-23 22:43:00,Bedroom_AC_2,Smart Air Conditioner,Operation Mode,Cool,Human,23.8,19.7,46.0,14.4,34.0,0.0,0,241.4,-720.0,0,,,,,
2026-02-23 23:10:00,LivingRoom_LED_1,Smart LED Bulb,Power State,Off,Human,21.9,19.7,61.0,13.7,6.0,0.0,1,268.4,-720.0,0,,,,,
2026-02-23 23:12:00,TV_Plug_1,Smart Plug / Outlet,Switch State,Off,Human,23.2,22.9,51.0,9.5,7.0,0.0,0,270.4,-720.0,0,,,,,
2026-02-23 23:13:00,Bedroom_Plug_1,Smart Plug / Outlet,Switch State,Off,Human,25.0,18.0,51.0,10.4,11.0,0.0,0,271.4,-720.0,0,,,,,
2026-02-24 06:39:00,Garden_Irrigation_1,Smart Irrigation Controller,Zone 1 State,On,Human,20.4,23.3,56.0,10.6,30.0,0.0,0,-720.0,22.6,0,,,,,
2026-02-24 06:54:00,LivingRoom_AC_1,Smart Air Conditioner,Target Temperature,23,Human,23.8,19.4,48.0,8.2,22.0,0.0,0,-708.0,7.6,0,,,,,
2026-02-24 06:55:00,LivingRoom_AC_1,Smart Air Conditioner,Operation Mode,Cool,Human,19.9,17.6,64.0,17.9,26.0,0.0,0,-707.0,6.6,0,,,,,
2026-02-24 06:56:00,LivingRoom_AC_1,Smart Air Conditioner,Fan Speed,Med,Human,22.5,20.6,62.0,9.7,14.0,0.0,1,-706.0,5.6,0,,,,,
2026-02-24 07:11:38,LivingRoom_Blinds_1,Smart Blinds / Shades,Open/Close Percentage,100,Human,22.8,19.2,50.0,4.8,20.0,0.0,0,-690.4,-10.0,1,,,,,
2026-02-24 07:58:00,Kitchen_Speaker_1,Smart Speaker / Receiver,Playback State,Play,Human,23.6,22.2,54.0,9.3,27.0,0.0,0,-644.0,-56.4,1,,,,,
2026-02-24 07:59:00,Kitchen_Speaker_1,Smart Speaker / Receiver,Volume Level,40,Human,24.7,17.6,64.0,8.5,19.0,0.0,0,-643.0,-57.4,1,,,,,
2026-02-24 08:59:00,Kitchen_Speaker_1,Smart Speaker / Receiver,Playback State,Stop,Human,27.3,19.3,49.0,10.4,20.0,6.7,0,-583.0,-117.4,1,,,,,
2026-02-24 18:00:00,LivingRoom_LED_1,Smart LED Bulb,Brightness,50,Automation,25.6,22.4,53.0,9.3,27.0,0.0,0,-42.0,-658.4,1,,,,,
2026-02-24 18:26:01,LivingRoom_Blinds_1,Smart Blinds / Shades,Open/Close Percentage,10,Human,19.8,21.3,46.0,12.1,22.0,0.0,1,-16.0,-684.4,1,,,,,
2026-02-24 18:47:01,LivingRoom_LED_1,Smart LED Bulb,Power State,On,Human,23.8,24.4,59.0,16.6,24.0,0.0,1,5.0,-705.4,0,,,,,
2026-02-24 18:48:01,LivingRoom_LED_1,Smart LED Bulb,Brightness,70,Human,25.1,21.5,54.0,18.0,10.0,0.0,0,6.0,-706.4,0,,,,,
2026-02-24 18:49:01,LivingRoom_LED_1,Smart LED Bulb,Color Temperature,3000,Human,23.7,20.0,61.0,7.6,9.0,0.0,0,7.0,-707.4,0,,,,,
2026-02-24 19:30:01,TV_Plug_1,Smart Plug / Outlet,Switch State,On,Human,22.4,23.5,49.0,10.2,30.0,0.0,0,48.0,-720.0,0,,,,,
2026-02-24 21:52:00,Bedroom_LED_2,Smart LED Bulb,Power State,On,Human,20.3,21.7,48.0,12.9,24.0,0.0,0,190.0,-720.0,0,,,,,
2026-02-24 21:53:00,Bedroom_LED_2,Smart LED Bulb,Brightness,40,Human,19.4,25.1,52.0,11.9,27.0,0.0,0,191.0,-720.0,0,,,,,
2026-02-24 21:54:00,Bedroom_LED_2,Smart LED Bulb,Color Temperature,2700,Human,22.7,19.1,59.0,12.7,31.0,0.0,0,192.0,-720.0,0,,,,,
2026-02-24 22:31:00,Bedroom_AC_2,Smart Air Conditioner,Target Temperature,21,Human,25.1,21.7,62.0,8.9,26.0,0.0,0,229.0,-720.0,0,,,,,
2026-02-24 22:32:00,Bedroom_AC_2,Smart Air Conditioner,Operation Mode,Fan,Human,22.3,20.7,50.0,6.3,29.0,0.0,0,230.0,-720.0,0,,,,,
2026-02-24 22:43:00,FrontDoor_Cam_1,Security Camera,Privacy Mode,Disabled,Human,19.3,22.6,61.0,14.5,11.0,0.0,0,241.0,-720.0,0,,,,,
2026-02-24 22:56:00,LivingRoom_LED_1,Smart LED Bulb,Power State,Off,Human,18.8,21.6,58.0,16.0,6.0,0.0,0,254.0,-720.0,0,,,,,
2026-02-24 22:58:00,TV_Plug_1,Smart Plug / Outlet,Switch State,Off,Human,23.1,23.1,56.0,8.3,16.0,0.0,0,256.0,-720.0,0,,,,,
2026-02-24 22:59:00,Bedroom_Plug_1,Smart Plug / Outlet,Switch State,Off,Human,19.0,19.9,59.0,5.0,33.0,0.0,0,257.0,-720.0,0,,,,,
2026-02-25 06:26:00,Garden_Irrigation_1,Smart Irrigation Controller,Zone 1 State,On,Human,18.2,18.7,53.0,9.2,7.0,0.0,0,-720.0,35.0,0,,,,,
2026-02-25 06:55:00,LivingRoom_AC_1,Smart Air Conditioner,Target Temperature,24,Human,23.4,23.2,54.0,16.6,21.0,0.0,0,-707.4,6.0,0,,,,,
2026-02-25 06:56:00,LivingRoom_AC_1,Smart Air Conditioner,Operation Mode,Cool,Human,23.1,20.0,54.0,12.5,10.0,0.0,0,-706.4,5.0,0,,,,,
2026-02-25 06:57:00,LivingRoom_AC_1,Smart Air Conditioner,Fan Speed,Low,Human,22.9,17.5,50.0,12.1,20.0,0.0,0,-705.4,4.0,0,,,,,
2026-02-25 07:27:57,LivingRoom_Blinds_1,Smart Blinds / Shades,Open/Close Percentage,84,Human,20.5,16.8,57.0,8.9,17.0,0.0,0,-674.4,-27.0,1,,,,,
2026-02-25 08:03:00,Kitchen_Speaker_1,Smart Speaker / Receiver,Playback State,Play,Human,28.7,20.4,57.0,12.5,10.0,7.8,0,-639.4,-62.0,1,,,,,
2026-02-25 08:04:00,Kitchen_Speaker_1,Smart Speaker / Receiver,Volume Level,40,Human,21.8,21.7,61.0,9.4,26.0,6.7,0,-638.4,-63.0,1,,,,,
2026-02-25 08:57:00,Kitchen_Speaker_1,Smart Speaker / Receiver,Playback State,Stop,Human,20.4,17.7,47.0,14.9,31.0,5.4,0,-585.4,-116.0,1,,,,,
2026-02-25 12:00:00,LivingRoom_AC_1,Smart Air Conditioner,Target Temperature,26,Automation,20.7,22.2,60.0,7.5,22.0,5.3,0,-402.4,-299.0,1,,,,,
2026-02-25 18:28:23,LivingRoom_Blinds_1,Smart Blinds / Shades,Open/Close Percentage,10,Human,19.9,21.2,60.0,14.5,15.0,0.0,0,-14.0,-687.4,1,,,,,
2026-02-25 18:56:23,LivingRoom_LED_1,Smart LED Bulb,Power State,On,Human,21.1,21.0,53.0,13.5,15.0,0.0,0,14.0,-715.4,0,,,,,
2026-02-25 18:57:23,LivingRoom_LED_1,Smart LED Bulb,Brightness,65,Human,21.0,22.8,64.0,5.8,10.0,0.0,0,15.0,-716.4,0,,,,,
2026-02-25 18:58:23,LivingRoom_LED_1,Smart LED Bulb,Color Temperature,2700,Human,22.4,17.9,58.0,9.4,11.0,0.0,0,16.0,-717.4,0,,,,,
2026-02-25 19:37:23,TV_Plug_1,Smart Plug / Outlet,Switch State,On,Human,20.7,19.9,52.0,8.3,29.0,0.0,0,55.0,-720.0,0,,,,,
2026-02-25 21:55:00,Bedroom_LED_2,Smart LED Bulb,Power State,On,Human,23.3,23.1,59.0,13.7,19.0,0.0,0,192.6,-720.0,0,,,,,
2026-02-25 21:56:00,Bedroom_LED_2,Smart LED Bulb,Brightness,40,Human,20.7,20.5,47.0,3.7,21.0,0.0,0,193.6,-720.0,0,,,,,
2026-02-25 21:57:00,Bedroom_LED_2,Smart LED Bulb,Color Temperature,2700,Human,18.1,20.6,59.0,14.2,31.0,0.0,0,194.6,-720.0,0,,,,,
2026-02-25 22:19:00,Bedroom_AC_2,Smart Air Conditioner,Target Temperature,21,Human,20.1,20.3,60.0,16.0,32.0,0.0,0,216.6,-720.0,0,,,,,
2026-02-25 22:20:00,Bedroom_AC_2,Smart Air Conditioner,Operation Mode,Cool,Human,22.1,20.4,46.0,9.0,31.0,0.0,0,217.6,-720.0,0,,,,,
2026-02-25 22:45:00,FrontDoor_Cam_1,Security Camera,Privacy Mode,Disabled,Human,18.4,22.9,49.0,6.8,24.0,0.0,0,242.6,-720.0,0,,,,,
2026-02-25 23:04:00,LivingRoom_LED_1,Smart LED Bulb,Power State,Off,Human,22.4,21.6,49.0,6.0,19.0,0.0,0,261.6,-720.0,0,,,,,
2026-02-25 23:06:00,TV_Plug_1,Smart Plug / Outlet,Switch State,Off,Human,22.9,20.4,50.0,13.7,9.0,0.0,1,263.6,-720.0,0,,,,,
2026-02-25 23:07:00,Bedroom_Plug_1,Smart Plug / Outlet,Switch State,Off,Human,21.6,22.5,55.0,0.8,10.0,0.0,0,264.6,-720.0,0,,,,,
2026-02-26 06:34:00,Garden_Irrigation_1,Smart Irrigation Controller,Zone 1 State,On,Human,20.5,22.2,54.0,17.4,33.0,0.0,0,-720.0,26.3,0,,,,,
2026-02-26 06:55:00,LivingRoom_AC_1,Smart Air Conditioner,Target Temperature,22,Human,19.1,19.2,48.0,4.9,13.0,0.0,0,-707.8,5.3,0,,,,,
2026-02-26 06:56:00,LivingRoom_AC_1,Smart Air Conditioner,Operation Mode,Cool,Human,21.1,21.4,57.0,2.1,10.0,0.0,0,-706.8,4.3,0,,,,,
2026-02-26 06:57:00,LivingRoom_AC_1,Smart Air Conditioner,Fan Speed,High,Human,19.2,21.3,45.0,9.0,34.0,0.0,0,-705.8,3.3,0,,,,,
2026-02-26 07:11:16,LivingRoom_Blinds_1,Smart Blinds / Shades,Open/Close Percentage,96,Human,19.6,22.9,50.0,5.5,11.0,0.0,0,-691.5,-11.0,1,,,,,
2026-02-26 08:01:00,Kitchen_Speaker_1,Smart Speaker / Receiver,Playback State,Play,Human,22.1,17.2,51.0,8.0,29.0,6.6,0,-641.8,-60.7,1,,,,,
2026-02-26 08:02:00,Kitchen_Speaker_1,Smart Speaker / Receiver,Volume Level,35,Human,23.9,20.4,55.0,8.9,32.0,7.6,0,-640.8,-61.7,1,,,,,
2026-02-26 09:02:00,Kitchen_Speaker_1,Smart Speaker / Receiver,Playback State,Stop,Human,21.0,22.5,59.0,20.6,9.0,7.1,0,-580.8,-121.7,1,,,,,
2026-02-26 18:34:45,LivingRoom_Blinds_1,Smart Blinds / Shades,Open/Close Percentage,0,Human,22.2,18.0,54.0,8.8,5.0,0.0,0,-8.0,-694.5,1,,,,,
2026-02-26 18:59:45,LivingRoom_LED_1,Smart LED Bulb,Power State,On,Human,20.4,23.7,54.0,11.6,16.0,0.0,0,17.0,-719.5,0,,,,,
2026-02-26 19:00:45,LivingRoom_LED_1,Smart LED Bulb,Brightness,70,Human,20.9,19.0,60.0,10.0,14.0,0.0,0,18.0,-720.0,0,,,,,
2026-02-26 19:01:45,LivingRoom_LED_1,Smart LED Bulb,Color Temperature,2700,Human,22.6,20.9,62.0,4.7,24.0,0.0,0,19.0,-720.0,0,,,,,
2026-02-26 19:36:45,TV_Plug_1,Smart Plug / Outlet,Switch State,On,Human,23.8,21.7,60.0,11.7,17.0,0.0,0,54.0,-720.0,0,,,,,
2026-02-26 22:01:00,Bedroom_LED_2,Smart LED Bulb,Power State,On,Human,21.0,22.4,61.0,7.2,10.0,0.0,0,198.2,-720.0,0,,,,,
2026-02-26 22:02:00,Bedroom_LED_2,Smart LED Bulb,Brightness,40,Human,20.1,21.0,57.0,17.5,24.0,0.0,0,199.2,-720.0,0,,,,,
2026-02-26 22:03:00,Bedroom_LED_2,Smart LED Bulb,Color Temperature,2700,Human,21.3,19.8,53.0,11.1,17.0,0.0,0,200.2,-720.0,0,,,,,
2026-02-26 22:28:00,Bedroom_AC_2,Smart Air Conditioner,Target Temperature,21,Human,23.0,19.5,62.0,7.7,23.0,0.0,0,225.2,-720.0,0,,,,,
2026-02-26 22:29:00,Bedroom_AC_2,Smart Air Conditioner,Operation Mode,Fan,Human,27.7,21.9,59.0,8.9,25.0,0.0,0,226.2,-720.0,0,,,,,
2026-02-26 22:38:00,FrontDoor_Cam_1,Security Camera,Privacy Mode,Enabled,Human,21.0,22.3,63.0,12.3,9.0,0.0,0,235.2,-720.0,0,,,,,
2026-02-26 22:51:00,LivingRoom_LED_1,Smart LED Bulb,Power State,Off,Human,22.5,21.8,59.0,18.0,34.0,0.0,0,248.2,-720.0,0,,,,,
2026-02-26 22:53:00,TV_Plug_1,Smart Plug / Outlet,Switch State,Off,Human,21.8,19.7,58.0,12.7,29.0,0.0,0,250.2,-720.0,0,,,,,
2026-02-26 22:54:00,Bedroom_Plug_1,Smart Plug / Outlet,Switch State,Off,Human,18.5,22.4,62.0,7.6,9.0,0.0,0,251.2,-720.0,0,,,,,
2026-02-27 06:28:00,Garden_Irrigation_1,Smart Irrigation Controller,Zone 1 State,On,Human,19.2,24.3,62.0,9.7,5.0,0.0,0,-720.0,31.6,0,,,,,
2026-02-27 06:50:00,LivingRoom_AC_1,Smart Air Conditioner,Target Temperature,23,Human,24.5,20.6,60.0,9.1,24.0,0.0,0,-713.1,9.6,0,,,,,
2026-02-27 06:51:00,LivingRoom_AC_1,Smart Air Conditioner,Operation Mode,Cool,Human,22.1,21.1,57.0,1.2,26.0,0.0,0,-712.1,8.6,0,,,,,
2026-02-27 06:52:00,LivingRoom_AC_1,Smart Air Conditioner,Fan Speed,High,Human,24.1,23.4,49.0,13.4,19.0,0.0,0,-711.1,7.6,0,,,,,
2026-02-27 07:23:34,LivingRoom_Blinds_1,Smart Blinds / Shades,Open/Close Percentage,92,Human,25.1,23.1,61.0,12.2,26.0,0.0,0,-679.5,-24.0,1,,,,,
2026-02-27 07:51:00,Kitchen_Speaker_1,Smart Speaker / Receiver,Playback State,Play,Human,21.7,20.3,57.0,14.0,17.0,0.0,0,-652.1,-51.4,1,,,,,
2026-02-27 07:52:00,Kitchen_Speaker_1,Smart Speaker / Receiver,Volume Level,35,Human,23.0,20.7,58.0,9.3,26.0,0.0,0,-651.1,-52.4,1,,,,,
2026-02-27 08:51:00,Kitchen_Speaker_1,Smart Speaker / Receiver,Playback State,Stop,Human,18.5,21.3,60.0,13.8,22.0,5.5,0,-592.1,-111.4,1,,,,,
2026-02-27 18:42:06,LivingRoom_Blinds_1,Smart Blinds / Shades,Open/Close Percentage,10,Human,23.2,18.7,50.0,7.4,7.0,0.0,0,-1.0,-702.5,1,,,,,
2026-02-27 18:53:06,LivingRoom_LED_1,Smart LED Bulb,Power State,On,Human,24.1,18.8,61.0,9.3,24.0,0.0,0,10.0,-713.5,0,,,,,
2026-02-27 18:54:06,LivingRoom_LED_1,Smart LED Bulb,Brightness,80,Human,20.2,20.9,62.0,12.3,12.0,0.0,0,11.0,-714.5,0,,,,,
2026-02-27 18:55:06,LivingRoom_LED_1,Smart LED Bulb,Color Temperature,3500,Human,22.2,21.2,49.0,10.9,28.0,0.0,0,12.0,-715.5,0,,,,,
2026-02-27 19:16:06,TV_Plug_1,Smart Plug / Outlet,Switch State,On,Human,20.8,23.1,53.0,5.1,19.0,0.0,0,33.0,-720.0,0,,,,,
2026-02-27 22:08:00,Bedroom_LED_2,Smart LED Bulb,Power State,On,Human,16.1,19.8,62.0,9.1,22.0,0.0,0,204.9,-720.0,0,,,,,
2026-02-27 22:09:00,Bedroom_LED_2,Smart LED Bulb,Brightness,40,Human,23.6,21.4,53.0,11.8,5.0,0.0,0,205.9,-720.0,0,,,,,
2026-02-27 22:10:00,Bedroom_LED_2,Smart LED Bulb,Color Temperature,2700,Human,20.7,17.2,51.0,8.8,20.0,0.0,0,206.9,-720.0,0,,,,,
2026-02-27 22:16:00,Bedroom_AC_2,Smart Air Conditioner,Target Temperature,21,Human,24.0,21.6,47.0,7.8,25.0,0.0,0,212.9,-720.0,0,,,,,
2026-02-27 22:17:00,Bedroom_AC_2,Smart Air Conditioner,Operation Mode,Fan,Human,22.3,20.9,46.0,13.3,26.0,0.0,0,213.9,-720.0,0,,,,,
2026-02-27 22:43:00,FrontDoor_Cam_1,Security Camera,Privacy Mode,Enabled,Human,25.6,23.8,60.0,15.5,30.0,0.0,0,239.9,-720.0,0,,,,,
2026-02-27 22:48:00,LivingRoom_LED_1,Smart LED Bulb,Power State,Off,Human,24.0,21.7,56.0,13.4,24.0,0.0,0,244.9,-720.0,0,,,,,
2026-02-27 22:50:00,TV_Plug_1,Smart Plug / Outlet,Switch State,Off,Human,22.0,20.5,57.0,9.8,22.0,0.0,0,246.9,-720.0,0,,,,,
2026-02-27 22:51:00,Bedroom_Plug_1,Smart Plug / Outlet,Switch State,Off,Human,21.8,20.8,52.0,10.8,10.0,0.0,0,247.9,-720.0,0,,,,,
2026-02-28 06:25:00,Garden_Irrigation_1,Smart Irrigation Controller,Zone 1 State,On,Human,19.6,20.3,62.0,19.8,18.0,0.0,0,-720.0,33.9,0,,,,,
2026-02-28 09:05:00,Hallway_Vacuum_1,Robot Vacuum,Cleaning State,Clean,Human,21.5,20.5,49.0,10.7,29.0,6.1,0,-578.4,-126.1,1,,,,,
2026-02-28 09:06:00,Hallway_Vacuum_1,Robot Vacuum,Suction Power,Standard,Human,18.3,23.9,45.0,11.8,34.0,6.3,0,-577.4,-127.1,1,,,,,
2026-02-28 14:48:00,LivingRoom_AC_1,Smart Air Conditioner,Target Temperature,22,Human,22.9,23.1,46.0,14.8,11.0,7.8,0,-235.4,-469.1,1,,,,,
2026-02-28 14:49:00,LivingRoom_AC_1,Smart Air Conditioner,Operation Mode,Cool,Human,24.4,19.8,45.0,15.0,19.0,5.2,0,-234.4,-470.1,1,,,,,
2026-02-28 18:49:26,LivingRoom_LED_1,Smart LED Bulb,Power State,On,Human,22.6,18.9,52.0,7.7,11.0,0.0,0,6.0,-710.6,0,,,,,
2026-02-28 18:50:26,LivingRoom_LED_1,Smart LED Bulb,Brightness,75,Human,18.9,21.3,52.0,19.4,24.0,0.0,0,7.0,-711.6,0,,,,,
2026-02-28 18:51:26,LivingRoom_LED_1,Smart LED Bulb,Color Temperature,3000,Human,24.0,19.5,48.0,14.1,33.0,0.0,0,8.0,-712.6,0,,,,,
2026-02-28 19:30:26,TV_Plug_1,Smart Plug / Outlet,Switch State,On,Human,19.4,21.3,59.0,13.8,6.0,0.0,0,47.0,-720.0,0,,,,,
2026-02-28 21:52:00,Bedroom_LED_2,Smart LED Bulb,Power State,On,Human,22.5,22.0,57.0,19.3,28.0,0.0,0,188.6,-720.0,0,,,,,
2026-02-28 21:53:00,Bedroom_LED_2,Smart LED Bulb,Brightness,40,Human,21.8,22.0,60.0,14.7,13.0,0.0,0,189.6,-720.0,0,,,,,
2026-02-28 21:54:00,Bedroom_LED_2,Smart LED Bulb,Color Temperature,2700,Human,20.7,20.8,49.0,10.9,10.0,0.0,0,190.6,-720.0,0,,,,,
2026-02-28 22:41:00,Bedroom_AC_2,Smart Air Conditioner,Target Temperature,21,Human,22.3,20.2,50.0,15.1,11.0,0.0,0,237.6,-720.0,0,,,,,
2026-02-28 22:42:00,Bedroom_AC_2,Smart Air Conditioner,Operation Mode,Fan,Human,19.9,19.6,60.0,7.9,22.0,0.0,0,238.6,-720.0,0,,,,,
2026-02-28 22:44:00,FrontDoor_Cam_1,Security Camera,Privacy Mode,Enabled,Human,18.8,19.7,50.0,16.5,15.0,0.0,0,240.6,-720.0,0,,,,,
2026-02-28 22:53:00,LivingRoom_LED_1,Smart LED Bulb,Power State,Off,Human,21.1,18.6,58.0,13.4,13.0,0.0,0,249.6,-720.0,0,,,,,
2026-02-28 22:55:00,TV_Plug_1,Smart Plug / Outlet,Switch State,Off,Human,23.5,18.9,62.0,7.7,22.0,0.0,0,251.6,-720.0,0,,,,,
2026-02-28 22:56:00,Bedroom_Plug_1,Smart Plug / Outlet,Switch State,Off,Human,22.9,22.0,49.0,13.5,25.0,0.0,0,252.6,-720.0,0,,,,,
2026-03-01 06:29:00,Garden_Irrigation_1,Smart Irrigation Controller,Zone 1 State,On,Human,41.5,47.6,43.0,6.9,15.0,0.0,0,-720.0,29.2,0,,,,,
2026-03-01 12:00:00,LivingRoom_AC_1,Smart Air Conditioner,Target Temperature,26,Automation,41.4,38.2,37.0,13.2,21.0,7.2,0,-403.8,-301.8,1,,,,,
2026-03-01 13:12:00,LivingRoom_Fan_1,Smart Ceiling Fan,Power State,On,Human,33.3,37.3,53.0,12.4,9.0,8.7,0,-331.8,-373.8,1,,,,,
2026-03-01 13:13:00,LivingRoom_Fan_1,Smart Ceiling Fan,Fan Speed,High,Human,38.1,41.2,52.0,17.3,21.0,8.3,0,-330.8,-374.8,1,,,,,
2026-03-01 14:48:00,LivingRoom_AC_1,Smart Air Conditioner,Target Temperature,19,Human,39.4,41.3,45.0,18.5,24.0,8.4,0,-235.8,-469.8,1,,,,,
2026-03-01 14:49:00,LivingRoom_AC_1,Smart Air Conditioner,Operation Mode,Fan,Human,33.9,38.8,57.0,16.2,7.0,8.6,0,-234.8,-470.8,1,,,,,
2026-03-01 18:12:00,LivingRoom_Fan_1,Smart Ceiling Fan,Power State,Off,Human,34.5,43.8,55.0,20.8,14.0,0.0,0,-31.8,-673.8,1,,,,,
2026-03-01 18:52:47,LivingRoom_LED_1,Smart LED Bulb,Power State,On,Human,36.7,43.4,57.0,3.9,16.0,0.0,0,9.0,-714.6,0,,,,,
2026-03-01 18:53:47,LivingRoom_LED_1,Smart LED Bulb,Brightness,80,Human,39.7,46.7,54.0,23.2,5.0,0.0,0,10.0,-715.6,0,,,,,
2026-03-01 18:54:47,LivingRoom_LED_1,Smart LED Bulb,Color Temperature,3500,Human,39.2,36.9,48.0,19.5,9.0,0.0,0,11.0,-716.6,0,,,,,
2026-03-01 19:29:47,TV_Plug_1,Smart Plug / Outlet,Switch State,On,Human,36.1,42.0,57.0,9.6,17.0,0.0,0,46.0,-720.0,0,,,,,
2026-03-01 22:05:00,Bedroom_LED_2,Smart LED Bulb,Power State,On,Human,32.3,39.6,44.0,6.7,19.0,0.0,0,201.2,-720.0,0,,,,,
2026-03-01 22:06:00,Bedroom_LED_2,Smart LED Bulb,Brightness,50,Human,35.7,35.4,39.0,10.0,8.0,0.0,0,202.2,-720.0,0,,,,,
2026-03-01 22:07:00,Bedroom_LED_2,Smart LED Bulb,Color Temperature,2700,Human,37.9,49.0,42.0,10.0,17.0,0.0,0,203.2,-720.0,0,,,,,
2026-03-01 22:23:00,Bedroom_AC_2,Smart Air Conditioner,Target Temperature,19,Human,36.2,45.7,40.0,10.7,17.0,0.0,0,219.2,-720.0,0,,,,,
2026-03-01 22:24:00,Bedroom_AC_2,Smart Air Conditioner,Operation Mode,Cool,Human,32.6,40.3,36.0,28.9,24.0,0.0,0,220.2,-720.0,0,,,,,
2026-03-01 22:49:00,FrontDoor_Cam_1,Security Camera,Privacy Mode,Disabled,Human,36.5,46.1,51.0,10.2,13.0,0.0,0,245.2,-720.0,0,,,,,
2026-03-01 23:12:00,LivingRoom_LED_1,Smart LED Bulb,Power State,Off,Human,33.9,39.6,51.0,16.0,13.0,0.0,0,268.2,-720.0,0,,,,,
2026-03-01 23:14:00,TV_Plug_1,Smart Plug / Outlet,Switch State,Off,Human,33.9,44.2,38.0,15.6,24.0,0.0,0,270.2,-720.0,0,,,,,
2026-03-01 23:15:00,Bedroom_Plug_1,Smart Plug / Outlet,Switch State,Off,Human,39.6,41.7,49.0,9.5,12.0,0.0,0,271.2,-720.0,0,,,,,
2026-03-02 06:31:00,Garden_Irrigation_1,Smart Irrigation Controller,Zone 1 State,On,Human,29.2,44.3,40.0,20.0,14.0,0.0,0,-720.0,26.4,0,,,,,
2026-03-02 06:54:00,LivingRoom_AC_1,Smart Air Conditioner,Target Temperature,19,Human,37.2,37.6,42.0,11.1,19.0,0.0,0,-710.1,3.4,0,,,,,
2026-03-02 06:55:00,LivingRoom_AC_1,Smart Air Conditioner,Operation Mode,Cool,Human,30.3,39.0,47.0,14.6,14.0,0.0,0,-709.1,2.4,0,,,,,
2026-03-02 06:56:00,LivingRoom_AC_1,Smart Air Conditioner,Fan Speed,Low,Human,36.4,46.0,41.0,3.4,13.0,0.0,0,-708.1,1.4,0,,,,,
2026-03-02 07:14:25,LivingRoom_Blinds_1,Smart Blinds / Shades,Open/Close Percentage,96,Human,34.2,44.2,35.0,18.4,14.0,0.0,0,-689.7,-17.0,1,,,,,
2026-03-02 07:58:00,Kitchen_Speaker_1,Smart Speaker / Receiver,Playback State,Play,Human,36.0,41.3,50.0,15.5,14.0,0.0,0,-646.1,-60.6,1,,,,,
2026-03-02 07:59:00,Kitchen_Speaker_1,Smart Speaker / Receiver,Volume Level,40,Human,36.6,38.4,42.0,9.1,5.0,0.0,0,-645.1,-61.6,1,,,,,
2026-03-02 09:00:00,Kitchen_Speaker_1,Smart Speaker / Receiver,Playback State,Stop,Human,35.0,43.9,44.0,10.4,18.0,10.9,0,-584.1,-122.6,1,,,,,
2026-03-02 12:52:00,LivingRoom_Fan_1,Smart Ceiling Fan,Power State,On,Human,36.2,42.6,53.0,10.8,10.0,10.9,0,-352.1,-354.6,1,,,,,
2026-03-02 12:53:00,LivingRoom_Fan_1,Smart Ceiling Fan,Fan Speed,Med,Human,36.6,42.8,54.0,11.4,23.0,11.0,0,-351.1,-355.6,1,,,,,
2026-03-02 18:15:00,LivingRoom_Fan_1,Smart Ceiling Fan,Power State,Off,Human,38.0,42.5,56.0,16.1,21.0,0.0,0,-29.1,-677.6,1,,,,,
2026-03-02 18:44:07,LivingRoom_Blinds_1,Smart Blinds / Shades,Open/Close Percentage,0,Human,36.7,49.0,45.0,18.2,5.0,0.0,0,0.0,-706.7,1,,,,,
2026-03-02 18:57:07,LivingRoom_LED_1,Smart LED Bulb,Power State,On,Human,34.3,46.6,40.0,8.7,23.0,0.0,0,13.0,-719.7,0,,,,,
2026-03-02 18:58:07,LivingRoom_LED_1,Smart LED Bulb,Brightness,70,Human,34.2,47.2,47.0,13.6,6.0,0.0,0,14.0,-720.0,0,,,,,
2026-03-02 18:59:07,LivingRoom_LED_1,Smart LED Bulb,Color Temperature,2700,Human,32.4,33.7,54.0,0.0,15.0,0.0,0,15.0,-720.0,0,,,,,
2026-03-02 19:34:07,TV_Plug_1,Smart Plug / Outlet,Switch State,On,Human,32.6,46.1,54.0,13.2,11.0,0.0,0,50.0,-720.0,0,,,,,
2026-03-02 22:01:00,Bedroom_LED_2,Smart LED Bulb,Power State,On,Human,35.7,44.2,48.0,16.2,9.0,0.0,0,196.9,-720.0,0,,,,,
2026-03-02 22:02:00,Bedroom_LED_2,Smart LED Bulb,Brightness,40,Human,43.0,41.4,50.0,16.8,21.0,0.0,0,197.9,-720.0,0,,,,,
2026-03-02 22:03:00,Bedroom_LED_2,Smart LED Bulb,Color Temperature,3000,Human,30.1,38.9,45.0,10.6,7.0,0.0,0,198.9,-720.0,0,,,,,
2026-03-02 22:42:00,Bedroom_AC_2,Smart Air Conditioner,Target Temperature,19,Human,36.4,40.6,57.0,8.1,17.0,0.0,0,237.9,-720.0,0,,,,,
2026-03-02 22:43:00,Bedroom_AC_2,Smart Air Conditioner,Operation Mode,Fan,Human,39.5,39.8,41.0,18.3,6.0,0.0,0,238.9,-720.0,0,,,,,
2026-03-02 22:47:00,FrontDoor_Cam_1,Security Camera,Privacy Mode,Enabled,Human,38.1,37.2,45.0,18.4,23.0,0.0,0,242.9,-720.0,0,,,,,
2026-03-02 23:08:00,LivingRoom_LED_1,Smart LED Bulb,Power State,Off,Human,41.3,42.1,56.0,12.7,22.0,0.0,0,263.9,-720.0,0,,,,,
2026-03-02 23:10:00,TV_Plug_1,Smart Plug / Outlet,Switch State,Off,Human,39.1,47.6,53.0,13.1,9.0,0.0,0,265.9,-720.0,0,,,,,
2026-03-02 23:11:00,Bedroom_Plug_1,Smart Plug / Outlet,Switch State,Off,Human,33.9,47.1,42.0,10.9,11.0,0.0,0,266.9,-720.0,0,,,,,
2026-03-03 06:39:00,Garden_Irrigation_1,Smart Irrigation Controller,Zone 1 State,On,Human,34.1,45.4,50.0,8.1,18.0,0.0,0,-720.0,17.7,0,,,,,
2026-03-03 06:54:00,LivingRoom_AC_1,Smart Air Conditioner,Target Temperature,19,Human,36.3,40.1,50.0,19.5,20.0,0.0,0,-710.4,2.7,0,,,,,
2026-03-03 06:55:00,LivingRoom_AC_1,Smart Air Conditioner,Operation Mode,Cool,Human,38.9,44.3,41.0,13.3,19.0,0.0,0,-709.4,1.7,0,,,,,
2026-03-03 06:56:00,LivingRoom_AC_1,Smart Air Conditioner,Fan Speed,Med,Human,39.0,40.9,42.0,8.7,18.0,0.0,0,-708.4,0.7,0,,,,,
2026-03-03 07:15:40,LivingRoom_Blinds_1,Smart Blinds / Shades,Open/Close Percentage,86,Human,38.1,38.3,49.0,13.6,24.0,0.0,0,-688.8,-19.0,1,,,,,
2026-03-03 08:01:00,Kitchen_Speaker_1,Smart Speaker / Receiver,Playback State,Play,Human,33.0,45.0,51.0,20.1,13.0,9.0,0,-643.4,-64.3,1,,,,,
2026-03-03 08:02:00,Kitchen_Speaker_1,Smart Speaker / Receiver,Volume Level,35,Human,38.2,43.3,48.0,22.6,16.0,11.0,0,-642.4,-65.3,1,,,,,
2026-03-03 08:50:00,Kitchen_Speaker_1,Smart Speaker / Receiver,Playback State,Stop,Human,38.8,40.3,57.0,12.1,14.0,11.0,0,-594.4,-113.3,1,,,,,
2026-03-03 12:59:00,LivingRoom_Fan_1,Smart Ceiling Fan,Power State,On,Human,40.6,38.3,51.0,18.3,12.0,11.0,0,-345.4,-362.3,1,,,,,
2026-03-03 13:00:00,LivingRoom_Fan_1,Smart Ceiling Fan,Fan Speed,High,Human,39.3,43.4,40.0,11.2,14.0,11.2,0,-344.4,-363.3,1,,,,,
2026-03-03 18:08:00,LivingRoom_Fan_1,Smart Ceiling Fan,Power State,Off,Human,32.7,42.6,47.0,6.9,17.0,0.0,0,-36.4,-671.3,1,,,,,
2026-03-03 18:38:26,LivingRoom_Blinds_1,Smart Blinds / Shades,Open/Close Percentage,0,Human,30.5,37.4,42.0,18.2,19.0,0.0,0,-6.0,-701.8,1,,,,,
2026-03-03 18:52:26,LivingRoom_LED_1,Smart LED Bulb,Power State,On,Human,34.7,40.8,45.0,3.7,21.0,0.0,0,8.0,-715.8,0,,,,,
2026-03-03 18:53:26,LivingRoom_LED_1,Smart LED Bulb,Brightness,80,Human,42.9,40.1,37.0,14.8,22.0,0.0,0,9.0,-716.8,0,,,,,
2026-03-03 18:54:26,LivingRoom_LED_1,Smart LED Bulb,Color Temperature,2700,Human,33.7,41.7,42.0,13.2,6.0,0.0,0,10.0,-717.8,0,,,,,
2026-03-03 19:36:26,TV_Plug_1,Smart Plug / Outlet,Switch State,On,Human,39.7,42.7,41.0,12.3,24.0,0.0,0,52.0,-720.0,0,,,,,
2026-03-03 22:00:00,Bedroom_LED_2,Smart LED Bulb,Power State,On,Human,37.5,41.4,43.0,9.1,14.0,0.0,0,195.6,-720.0,0,,,,,
2026-03-03 22:01:00,Bedroom_LED_2,Smart LED Bulb,Brightness,40,Human,38.6,41.8,48.0,16.2,5.0,0.0,0,196.6,-720.0,0,,,,,
2026-03-03 22:02:00,Bedroom_LED_2,Smart LED Bulb,Color Temperature,2700,Human,33.8,40.0,44.0,11.7,6.0,0.0,0,197.6,-720.0,0,,,,,
2026-03-03 22:43:00,Bedroom_AC_2,Smart Air Conditioner,Target Temperature,19,Human,34.4,40.3,50.0,17.4,19.0,0.0,0,238.6,-720.0,0,,,,,
2026-03-03 22:43:00,FrontDoor_Cam_1,Security Camera,Privacy Mode,Enabled,Human,34.6,38.5,44.0,13.6,18.0,0.0,0,238.6,-720.0,0,,,,,
2026-03-03 22:44:00,Bedroom_AC_2,Smart Air Conditioner,Operation Mode,Cool,Human,31.9,40.6,50.0,17.8,15.0,0.0,0,239.6,-720.0,0,,,,,
2026-03-03 23:13:00,LivingRoom_LED_1,Smart LED Bulb,Power State,Off,Human,29.9,42.9,57.0,7.0,5.0,0.0,0,268.6,-720.0,0,,,,,
2026-03-03 23:15:00,TV_Plug_1,Smart Plug / Outlet,Switch State,Off,Human,34.1,41.0,35.0,15.6,20.0,0.0,0,270.6,-720.0,0,,,,,
2026-03-03 23:16:00,Bedroom_Plug_1,Smart Plug / Outlet,Switch State,Off,Human,35.8,44.4,35.0,19.8,22.0,0.0,0,271.6,-720.0,0,,,,,
2026-03-04 06:27:00,Garden_Irrigation_1,Smart Irrigation Controller,Zone 1 State,On,Human,31.6,41.5,43.0,18.5,16.0,0.0,0,-720.0,28.9,0,,,,,
2026-03-04 06:57:00,LivingRoom_AC_1,Smart Air Conditioner,Target Temperature,21,Human,35.5,43.7,55.0,9.2,10.0,0.0,0,-707.8,-1.1,1,,,,,
2026-03-04 06:58:00,LivingRoom_AC_1,Smart Air Conditioner,Operation Mode,Cool,Human,38.4,41.0,36.0,6.1,6.0,0.0,0,-706.8,-2.1,1,,,,,
2026-03-04 06:59:00,LivingRoom_AC_1,Smart Air Conditioner,Fan Speed,Med,Human,40.7,44.5,37.0,1.5,9.0,0.0,0,-705.8,-3.1,1,,,,,
2026-03-04 07:15:55,LivingRoom_Blinds_1,Smart Blinds / Shades,Open/Close Percentage,93,Human,37.8,42.3,37.0,5.6,19.0,0.0,0,-688.8,-20.0,1,,,,,
2026-03-04 08:09:00,Kitchen_Speaker_1,Smart Speaker / Receiver,Playback State,Play,Human,38.7,40.5,54.0,16.2,18.0,7.2,0,-635.8,-73.1,1,,,,,
2026-03-04 08:10:00,Kitchen_Speaker_1,Smart Speaker / Receiver,Volume Level,30,Human,34.1,41.9,50.0,18.0,10.0,8.9,0,-634.8,-74.1,1,,,,,
2026-03-04 08:55:00,Kitchen_Speaker_1,Smart Speaker / Receiver,Playback State,Stop,Human,33.9,40.2,55.0,16.0,10.0,9.1,0,-589.8,-119.1,1,,,,,
2026-03-04 12:00:00,LivingRoom_AC_1,Smart Air Conditioner,Target Temperature,26,Automation,40.8,37.6,47.0,9.0,11.0,9.2,0,-404.8,-304.1,1,,,,,
2026-03-04 12:54:00,LivingRoom_Fan_1,Smart Ceiling Fan,Power State,On,Human,36.2,46.1,44.0,16.4,20.0,8.9,0,-350.8,-358.1,1,,,,,
2026-03-04 12:55:00,LivingRoom_Fan_1,Smart Ceiling Fan,Fan Speed,High,Human,31.3,38.4,38.0,12.1,20.0,8.4,0,-349.8,-359.1,1,,,,,
2026-03-04 18:19:00,LivingRoom_Fan_1,Smart Ceiling Fan,Power State,Off,Human,36.1,45.4,55.0,12.2,17.0,0.0,0,-25.8,-683.1,1,,,,,
2026-03-04 18:27:45,LivingRoom_Blinds_1,Smart Blinds / Shades,Open/Close Percentage,0,Human,36.1,42.6,40.0,8.3,10.0,0.0,0,-17.0,-691.8,1,,,,,
2026-03-04 18:55:45,LivingRoom_LED_1,Smart LED Bulb,Power State,On,Human,36.7,39.7,53.0,7.8,23.0,0.0,0,11.0,-719.8,0,,,,,
2026-03-04 18:56:45,LivingRoom_LED_1,Smart LED Bulb,Brightness,70,Human,34.2,45.0,39.0,9.8,10.0,0.0,0,12.0,-720.0,0,,,,,
2026-03-04 18:57:45,LivingRoom_LED_1,Smart LED Bulb,Color Temperature,3000,Human,38.0,43.1,54.0,11.8,5.0,0.0,0,13.0,-720.0,0,,,,,
2026-03-04 19:24:45,TV_Plug_1,Smart Plug / Outlet,Switch State,On,Human,37.9,45.3,49.0,13.7,21.0,0.0,0,40.0,-720.0,0,,,,,
2026-03-04 21:54:00,Bedroom_LED_2,Smart LED Bulb,Power State,On,Human,43.2,40.6,49.0,2.5,10.0,0.0,0,189.2,-720.0,0,,,,,
2026-03-04 21:55:00,Bedroom_LED_2,Smart LED Bulb,Brightness,30,Human,39.8,39.7,41.0,13.8,6.0,0.0,0,190.2,-720.0,0,,,,,
2026-03-04 21:56:00,Bedroom_LED_2,Smart LED Bulb,Color Temperature,2700,Human,34.1,39.2,51.0,11.0,13.0,0.0,0,191.2,-720.0,0,,,,,
2026-03-04 22:15:00,Bedroom_AC_2,Smart Air Conditioner,Target Temperature,19,Human,39.4,37.5,35.0,7.3,13.0,0.0,0,210.2,-720.0,0,,,,,
2026-03-04 22:16:00,Bedroom_AC_2,Smart Air Conditioner,Operation Mode,Cool,Human,37.8,41.4,46.0,5.2,21.0,0.0,0,211.2,-720.0,0,,,,,
2026-03-04 22:46:00,FrontDoor_Cam_1,Security Camera,Privacy Mode,Disabled,Human,37.3,42.3,57.0,9.2,16.0,0.0,0,241.2,-720.0,0,,,,,
2026-03-04 22:53:00,LivingRoom_LED_1,Smart LED Bulb,Power State,Off,Human,36.9,43.8,47.0,8.9,20.0,0.0,0,248.2,-720.0,0,,,,,
2026-03-04 22:55:00,TV_Plug_1,Smart Plug / Outlet,Switch State,Off,Human,33.2,50.2,35.0,6.6,8.0,0.0,0,250.2,-720.0,0,,,,,
2026-03-04 22:56:00,Bedroom_Plug_1,Smart Plug / Outlet,Switch State,Off,Human,34.2,44.2,49.0,19.6,5.0,0.0,0,251.2,-720.0,0,,,,,
2026-03-05 06:30:00,Garden_Irrigation_1,Smart Irrigation Controller,Zone 1 State,On,Human,36.5,44.5,49.0,27.0,23.0,0.0,0,-720.0,25.2,0,,,,,
2026-03-05 06:51:00,LivingRoom_AC_1,Smart Air Conditioner,Target Temperature,19,Human,39.3,41.1,51.0,8.5,6.0,0.0,0,-714.1,4.2,0,,,,,
2026-03-05 06:52:00,LivingRoom_AC_1,Smart Air Conditioner,Operation Mode,Cool,Human,38.6,40.6,57.0,15.9,10.0,0.0,0,-713.1,3.2,0,,,,,
2026-03-05 06:53:00,LivingRoom_AC_1,Smart Air Conditioner,Fan Speed,Low,Human,32.4,40.7,40.0,19.3,17.0,0.0,0,-712.1,2.2,0,,,,,
2026-03-05 07:21:10,LivingRoom_Blinds_1,Smart Blinds / Shades,Open/Close Percentage,91,Human,28.6,38.8,55.0,14.1,17.0,0.0,0,-683.9,-26.0,1,,,,,
2026-03-05 08:03:00,Kitchen_Speaker_1,Smart Speaker / Receiver,Playback State,Play,Human,39.5,41.8,53.0,22.2,14.0,10.3,0,-642.1,-67.8,1,,,,,
2026-03-05 08:04:00,Kitchen_Speaker_1,Smart Speaker / Receiver,Volume Level,30,Human,37.4,39.4,43.0,16.3,20.0,11.9,0,-641.1,-68.8,1,,,,,
2026-03-05 09:06:00,Kitchen_Speaker_1,Smart Speaker / Receiver,Playback State,Stop,Human,39.2,39.9,46.0,9.6,11.0,10.9,0,-579.1,-130.8,1,,,,,
2026-03-05 12:58:00,LivingRoom_Fan_1,Smart Ceiling Fan,Power State,On,Human,42.0,41.1,35.0,9.9,9.0,9.4,0,-347.1,-362.8,1,,,,,
2026-03-05 12:59:00,LivingRoom_Fan_1,Smart Ceiling Fan,Fan Speed,High,Human,36.7,46.7,37.0,20.4,7.0,10.1,0,-346.1,-363.8,1,,,,,
2026-03-05 18:06:00,LivingRoom_Fan_1,Smart Ceiling Fan,Power State,Off,Human,33.4,47.2,37.0,17.7,10.0,0.0,0,-39.1,-670.8,1,,,,,
2026-03-05 18:45:04,LivingRoom_Blinds_1,Smart Blinds / Shades,Open/Close Percentage,0,Human,31.3,42.2,46.0,15.6,9.0,0.0,0,0.0,-709.9,1,,,,,
2026-03-05 19:02:04,LivingRoom_LED_1,Smart LED Bulb,Power State,On,Human,36.3,45.8,54.0,8.6,16.0,0.0,0,17.0,-720.0,0,,,,,
2026-03-05 19:03:04,LivingRoom_LED_1,Smart LED Bulb,Brightness,80,Human,38.9,42.6,57.0,15.0,14.0,0.0,0,18.0,-720.0,0,,,,,
2026-03-05 19:04:04,LivingRoom_LED_1,Smart LED Bulb,Color Temperature,2700,Human,38.6,41.6,41.0,20.6,5.0,0.0,0,19.0,-720.0,0,,,,,
2026-03-05 19:41:04,TV_Plug_1,Smart Plug / Outlet,Switch State,On,Human,35.6,39.9,51.0,10.9,5.0,0.0,0,56.0,-720.0,0,,,,,
2026-03-05 21:51:00,Bedroom_LED_2,Smart LED Bulb,Power State,On,Human,36.4,42.9,52.0,10.4,9.0,0.0,0,185.9,-720.0,0,,,,,
2026-03-05 21:52:00,Bedroom_LED_2,Smart LED Bulb,Brightness,40,Human,38.8,43.1,38.0,14.9,6.0,0.0,0,186.9,-720.0,0,,,,,
2026-03-05 21:53:00,Bedroom_LED_2,Smart LED Bulb,Color Temperature,3000,Human,32.6,44.6,46.0,19.9,20.0,0.0,0,187.9,-720.0,0,,,,,
2026-03-05 22:36:00,FrontDoor_Cam_1,Security Camera,Privacy Mode,Enabled,Human,38.9,37.5,45.0,21.6,12.0,0.0,0,230.9,-720.0,0,,,,,
2026-03-05 22:42:00,Bedroom_AC_2,Smart Air Conditioner,Target Temperature,19,Human,37.1,37.0,42.0,16.5,6.0,0.0,0,236.9,-720.0,0,,,,,
2026-03-05 22:43:00,Bedroom_AC_2,Smart Air Conditioner,Operation Mode,Cool,Human,33.9,40.4,45.0,16.6,19.0,0.0,0,237.9,-720.0,0,,,,,
2026-03-05 23:10:00,LivingRoom_LED_1,Smart LED Bulb,Power State,Off,Human,37.4,41.2,47.0,21.9,5.0,0.0,0,264.9,-720.0,0,,,,,
2026-03-05 23:12:00,TV_Plug_1,Smart Plug / Outlet,Switch State,Off,Human,36.0,41.1,47.0,15.3,16.0,0.0,0,266.9,-720.0,0,,,,,
2026-03-05 23:13:00,Bedroom_Plug_1,Smart Plug / Outlet,Switch State,Off,Human,32.4,41.7,52.0,20.6,6.0,0.0,0,267.9,-720.0,0,,,,,
2026-03-06 06:23:00,Garden_Irrigation_1,Smart Irrigation Controller,Zone 1 State,On,Human,38.3,43.3,38.0,16.6,22.0,0.0,0,-720.0,31.4,0,,,,,
2026-03-06 06:57:00,LivingRoom_AC_1,Smart Air Conditioner,Target Temperature,20,Human,31.7,45.3,40.0,22.6,17.0,0.0,0,-708.4,-2.6,1,,,,,
2026-03-06 06:58:00,LivingRoom_AC_1,Smart Air Conditioner,Operation Mode,Cool,Human,36.5,35.7,55.0,12.7,10.0,0.0,0,-707.4,-3.6,1,,,,,
2026-03-06 06:59:00,LivingRoom_AC_1,Smart Air Conditioner,Fan Speed,Med,Human,37.2,37.4,35.0,12.5,22.0,0.0,0,-706.4,-4.6,1,,,,,
2026-03-06 07:11:24,LivingRoom_Blinds_1,Smart Blinds / Shades,Open/Close Percentage,84,Human,35.0,40.2,43.0,15.9,21.0,0.0,0,-694.0,-17.0,1,,,,,
2026-03-06 07:54:00,Kitchen_Speaker_1,Smart Speaker / Receiver,Playback State,Play,Human,37.2,37.9,45.0,9.4,20.0,0.0,0,-651.4,-59.6,1,,,,,
2026-03-06 07:55:00,Kitchen_Speaker_1,Smart Speaker / Receiver,Volume Level,40,Human,32.6,46.1,54.0,16.5,11.0,0.0,0,-650.4,-60.6,1,,,,,
2026-03-06 09:05:00,Kitchen_Speaker_1,Smart Speaker / Receiver,Playback State,Stop,Human,38.3,40.6,55.0,6.5,8.0,9.7,0,-580.4,-130.6,1,,,,,
2026-03-06 12:30:00,LivingRoom_Fan_1,Smart Ceiling Fan,Power State,On,Human,37.4,45.3,49.0,14.4,11.0,7.6,0,-375.4,-335.6,1,,,,,
2026-03-06 12:31:00,LivingRoom_Fan_1,Smart Ceiling Fan,Fan Speed,High,Human,37.0,41.4,54.0,14.1,17.0,10.5,0,-374.4,-336.6,1,,,,,
2026-03-06 17:51:00,LivingRoom_Fan_1,Smart Ceiling Fan,Power State,Off,Human,42.6,37.5,54.0,21.0,14.0,9.6,0,-54.4,-656.6,1,,,,,
2026-03-06 18:26:23,LivingRoom_Blinds_1,Smart Blinds / Shades,Open/Close Percentage,0,Human,35.3,40.7,42.0,10.3,20.0,0.0,0,-19.0,-692.0,1,,,,,
2026-03-06 18:58:23,LivingRoom_LED_1,Smart LED Bulb,Power State,On,Human,39.1,43.8,45.0,15.4,21.0,0.0,0,13.0,-720.0,0,,,,,
2026-03-06 18:59:23,LivingRoom_LED_1,Smart LED Bulb,Brightness,60,Human,32.9,48.3,45.0,12.4,12.0,0.0,0,14.0,-720.0,0,,,,,
2026-03-06 19:00:23,LivingRoom_LED_1,Smart LED Bulb,Color Temperature,3000,Human,29.4,38.7,50.0,16.5,11.0,0.0,0,15.0,-720.0,0,,,,,
2026-03-06 19:33:23,TV_Plug_1,Smart Plug / Outlet,Switch State,On,Human,36.3,41.6,44.0,9.8,20.0,0.0,0,48.0,-720.0,0,,,,,
2026-03-06 21:51:00,Bedroom_LED_2,Smart LED Bulb,Power State,On,Human,37.9,36.1,43.0,15.0,22.0,0.0,0,185.6,-720.0,0,,,,,
2026-03-06 21:52:00,Bedroom_LED_2,Smart LED Bulb,Brightness,30,Human,39.2,42.1,35.0,11.2,5.0,0.0,0,186.6,-720.0,0,,,,,
2026-03-06 21:53:00,Bedroom_LED_2,Smart LED Bulb,Color Temperature,3000,Human,34.7,39.9,37.0,12.7,19.0,0.0,0,187.6,-720.0,0,,,,,
2026-03-06 22:33:00,Bedroom_AC_2,Smart Air Conditioner,Target Temperature,19,Human,35.0,47.0,48.0,14.3,21.0,0.0,0,227.6,-720.0,0,,,,,
2026-03-06 22:34:00,Bedroom_AC_2,Smart Air Conditioner,Operation Mode,Fan,Human,38.5,47.7,39.0,19.1,22.0,0.0,0,228.6,-720.0,0,,,,,
2026-03-06 22:47:00,LivingRoom_LED_1,Smart LED Bulb,Power State,Off,Human,37.9,36.6,53.0,17.0,19.0,0.0,0,241.6,-720.0,0,,,,,
2026-03-06 22:49:00,TV_Plug_1,Smart Plug / Outlet,Switch State,Off,Human,45.1,42.6,45.0,15.5,6.0,0.0,0,243.6,-720.0,0,,,,,
2026-03-06 22:50:00,Bedroom_Plug_1,Smart Plug / Outlet,Switch State,Off,Human,36.8,48.9,48.0,6.1,14.0,0.0,0,244.6,-720.0,0,,,,,
2026-03-06 22:51:00,FrontDoor_Cam_1,Security Camera,Privacy Mode,Enabled,Human,36.0,38.4,35.0,13.7,24.0,0.0,0,245.6,-720.0,0,,,,,
2026-03-07 06:38:00,Garden_Irrigation_1,Smart Irrigation Controller,Zone 1 State,On,Human,34.9,40.1,35.0,19.5,8.0,0.0,0,-720.0,15.6,0,,,,,
2026-03-07 09:03:00,Hallway_Vacuum_1,Robot Vacuum,Cleaning State,Clean,Human,33.7,39.9,48.0,15.5,23.0,7.7,0,-582.7,-129.4,1,,,,,
2026-03-07 09:04:00,Hallway_Vacuum_1,Robot Vacuum,Suction Power,Max,Human,41.7,44.9,50.0,17.8,24.0,11.4,0,-581.7,-130.4,1,,,,,
2026-03-07 12:55:00,LivingRoom_Fan_1,Smart Ceiling Fan,Power State,On,Human,35.9,41.0,51.0,21.4,19.0,9.0,0,-350.7,-361.4,1,,,,,
2026-03-07 12:56:00,LivingRoom_Fan_1,Smart Ceiling Fan,Fan Speed,High,Human,35.3,43.5,35.0,0.6,24.0,10.3,0,-349.7,-362.4,1,,,,,
2026-03-07 14:28:00,LivingRoom_AC_1,Smart Air Conditioner,Target Temperature,19,Human,39.4,39.7,57.0,18.4,11.0,7.8,0,-257.7,-454.4,1,,,,,
2026-03-07 14:29:00,LivingRoom_AC_1,Smart Air Conditioner,Operation Mode,Fan,Human,30.6,42.2,40.0,17.4,13.0,11.8,0,-256.7,-455.4,1,,,,,
2026-03-07 17:59:00,LivingRoom_Fan_1,Smart Ceiling Fan,Power State,Off,Human,38.0,41.2,37.0,9.7,13.0,11.6,0,-46.7,-665.4,1,,,,,
2026-03-07 18:00:00,LivingRoom_LED_1,Smart LED Bulb,Brightness,50,Automation,39.7,45.5,48.0,17.4,13.0,0.0,0,-45.7,-666.4,1,,,,,
2026-03-07 18:54:41,LivingRoom_LED_1,Smart LED Bulb,Power State,On,Human,35.4,47.1,39.0,18.1,14.0,0.0,0,9.0,-720.0,0,,,,,
2026-03-07 18:55:41,LivingRoom_LED_1,Smart LED Bulb,Brightness,75,Human,33.6,45.2,48.0,10.6,21.0,0.0,0,10.0,-720.0,0,,,,,
2026-03-07 18:56:41,LivingRoom_LED_1,Smart LED Bulb,Color Temperature,3000,Human,36.8,42.1,40.0,13.4,19.0,0.0,0,11.0,-720.0,0,,,,,
2026-03-07 19:19:41,TV_Plug_1,Smart Plug / Outlet,Switch State,On,Human,38.5,42.5,52.0,15.3,9.0,0.0,0,34.0,-720.0,0,,,,,
2026-03-07 22:06:00,Bedroom_LED_2,Smart LED Bulb,Power State,On,Human,37.7,36.7,40.0,18.3,6.0,0.0,0,200.3,-720.0,0,,,,,
2026-03-07 22:07:00,Bedroom_LED_2,Smart LED Bulb,Brightness,40,Human,37.0,39.7,57.0,19.5,12.0,0.0,0,201.3,-720.0,0,,,,,
2026-03-07 22:08:00,Bedroom_LED_2,Smart LED Bulb,Color Temperature,3000,Human,39.5,43.7,35.0,7.7,23.0,0.0,0,202.3,-720.0,0,,,,,
2026-03-07 22:21:00,Bedroom_AC_2,Smart Air Conditioner,Target Temperature,19,Human,36.5,43.9,41.0,21.1,16.0,0.0,0,215.3,-720.0,0,,,,,
2026-03-07 22:22:00,Bedroom_AC_2,Smart Air Conditioner,Operation Mode,Fan,Human,34.3,44.4,47.0,11.3,9.0,0.0,0,216.3,-720.0,0,,,,,
2026-03-07 22:41:00,FrontDoor_Cam_1,Security Camera,Privacy Mode,Enabled,Human,35.5,41.9,38.0,18.7,19.0,0.0,0,235.3,-720.0,0,,,,,
2026-03-07 22:59:00,LivingRoom_LED_1,Smart LED Bulb,Power State,Off,Human,40.2,48.3,51.0,10.1,21.0,0.0,0,253.3,-720.0,0,,,,,
2026-03-07 23:01:00,TV_Plug_1,Smart Plug / Outlet,Switch State,Off,Human,33.9,42.0,50.0,13.6,8.0,0.0,0,255.3,-720.0,0,,,,,
2026-03-07 23:02:00,Bedroom_Plug_1,Smart Plug / Outlet,Switch State,Off,Human,34.5,38.9,56.0,16.0,22.0,0.0,0,256.3,-720.0,0,,,,,
2026-03-08 06:39:00,Garden_Irrigation_1,Smart Irrigation Controller,Zone 1 State,On,Human,35.8,44.7,47.0,21.6,6.0,0.0,0,-720.0,13.8,0,,,,,
2026-03-08 13:28:00,LivingRoom_Fan_1,Smart Ceiling Fan,Power State,On,Human,39.1,45.0,51.0,14.7,15.0,9.5,0,-318.0,-395.2,1,,,,,
2026-03-08 13:29:00,LivingRoom_Fan_1,Smart Ceiling Fan,Fan Speed,High,Human,33.4,43.9,57.0,16.1,7.0,8.5,0,-317.0,-396.2,1,,,,,
2026-03-08 14:29:00,LivingRoom_AC_1,Smart Air Conditioner,Target Temperature,19,Human,37.1,42.8,47.0,10.8,10.0,11.4,0,-257.0,-456.2,1,,,,,
2026-03-08 14:30:00,LivingRoom_AC_1,Smart Air Conditioner,Operation Mode,Cool,Human,35.7,45.1,47.0,9.7,9.0,10.8,0,-256.0,-457.2,1,,,,,
2026-03-08 18:12:00,LivingRoom_Fan_1,Smart Ceiling Fan,Power State,Off,Human,45.9,44.7,38.0,13.6,19.0,0.0,0,-34.0,-679.2,1,,,,,
2026-03-08 18:51:59,LivingRoom_LED_1,Smart LED Bulb,Power State,On,Human,37.8,46.7,43.0,8.9,20.0,0.0,0,6.0,-719.1,0,,,,,
2026-03-08 18:52:59,LivingRoom_LED_1,Smart LED Bulb,Brightness,65,Human,33.8,40.3,49.0,17.1,8.0,0.0,0,7.0,-720.0,0,,,,,
2026-03-08 18:53:59,LivingRoom_LED_1,Smart LED Bulb,Color Temperature,2700,Human,38.3,44.1,42.0,12.6,16.0,0.0,0,8.0,-720.0,0,,,,,
2026-03-08 19:31:59,TV_Plug_1,Smart Plug / Outlet,Switch State,On,Human,37.6,44.6,49.0,15.5,9.0,0.0,0,46.0,-720.0,0,,,,,
2026-03-08 22:07:00,Bedroom_LED_2,Smart LED Bulb,Power State,On,Human,34.6,41.6,53.0,8.5,23.0,0.0,0,201.0,-720.0,0,,,,,
2026-03-08 22:08:00,Bedroom_LED_2,Smart LED Bulb,Brightness,50,Human,36.7,44.9,38.0,13.7,23.0,0.0,0,202.0,-720.0,0,,,,,
2026-03-08 22:09:00,Bedroom_LED_2,Smart LED Bulb,Color Temperature,2700,Human,37.9,38.3,47.0,15.3,17.0,0.0,0,203.0,-720.0,0,,,,,
2026-03-08 22:33:00,Bedroom_AC_2,Smart Air Conditioner,Target Temperature,19,Human,35.6,42.9,46.0,15.8,18.0,0.0,0,227.0,-720.0,0,,,,,
2026-03-08 22:34:00,Bedroom_AC_2,Smart Air Conditioner,Operation Mode,Cool,Human,36.7,39.3,57.0,19.2,22.0,0.0,0,228.0,-720.0,0,,,,,
2026-03-08 22:44:00,FrontDoor_Cam_1,Security Camera,Privacy Mode,Disabled,Human,35.1,42.3,48.0,23.1,7.0,0.0,0,238.0,-720.0,0,,,,,
2026-03-08 23:02:00,LivingRoom_LED_1,Smart LED Bulb,Power State,Off,Human,40.0,45.9,46.0,13.1,16.0,0.0,0,256.0,-720.0,0,,,,,
2026-03-08 23:04:00,TV_Plug_1,Smart Plug / Outlet,Switch State,Off,Human,30.9,40.9,35.0,16.0,15.0,0.0,0,258.0,-720.0,0,,,,,
2026-03-08 23:05:00,Bedroom_Plug_1,Smart Plug / Outlet,Switch State,Off,Human,36.3,44.0,47.0,10.6,14.0,0.0,0,259.0,-720.0,0,,,,,
2026-03-09 06:26:00,Garden_Irrigation_1,Smart Irrigation Controller,Zone 1 State,On,Human,32.0,44.0,44.0,12.9,24.0,0.0,0,-720.0,26.1,0,,,,,
2026-03-09 07:01:00,LivingRoom_AC_1,Smart Air Conditioner,Target Temperature,20,Human,45.3,41.4,42.0,10.4,5.0,0.0,0,-705.3,-8.9,1,,,,,
2026-03-09 07:02:00,LivingRoom_AC_1,Smart Air Conditioner,Operation Mode,Cool,Human,32.4,47.1,45.0,9.9,11.0,0.0,0,-704.3,-9.9,1,,,,,
2026-03-09 07:03:00,LivingRoom_AC_1,Smart Air Conditioner,Fan Speed,Low,Human,39.4,41.2,56.0,11.5,19.0,0.0,0,-703.3,-10.9,1,,,,,
2026-03-09 07:13:03,LivingRoom_Blinds_1,Smart Blinds / Shades,Open/Close Percentage,93,Human,35.1,42.8,57.0,22.2,13.0,0.0,0,-693.2,-21.0,1,,,,,
2026-03-09 07:53:00,Kitchen_Speaker_1,Smart Speaker / Receiver,Playback State,Play,Human,34.1,43.9,49.0,18.0,13.0,0.0,0,-653.3,-60.9,1,,,,,
2026-03-09 07:54:00,Kitchen_Speaker_1,Smart Speaker / Receiver,Volume Level,30,Human,34.7,42.2,53.0,8.8,11.0,0.0,0,-652.3,-61.9,1,,,,,
2026-03-09 09:07:00,Kitchen_Speaker_1,Smart Speaker / Receiver,Playback State,Stop,Human,41.4,42.4,47.0,15.3,23.0,8.8,0,-579.3,-134.9,1,,,,,
2026-03-09 12:00:00,LivingRoom_AC_1,Smart Air Conditioner,Target Temperature,26,Automation,32.5,46.3,57.0,17.6,16.0,11.5,0,-406.3,-307.9,1,,,,,
2026-03-09 12:51:00,LivingRoom_Fan_1,Smart Ceiling Fan,Power State,On,Human,37.5,44.1,48.0,4.4,23.0,10.6,0,-355.3,-358.9,1,,,,,
2026-03-09 12:52:00,LivingRoom_Fan_1,Smart Ceiling Fan,Fan Speed,High,Human,36.4,39.3,55.0,13.2,10.0,9.5,0,-354.3,-359.9,1,,,,,
2026-03-09 18:03:00,LivingRoom_Fan_1,Smart Ceiling Fan,Power State,Off,Human,37.6,42.2,52.0,19.1,5.0,0.0,0,-43.3,-670.9,1,,,,,
2026-03-09 18:46:16,LivingRoom_Blinds_1,Smart Blinds / Shades,Open/Close Percentage,10,Human,32.9,42.2,39.0,20.3,5.0,0.0,0,0.0,-714.2,1,,,,,
2026-03-09 18:55:16,LivingRoom_LED_1,Smart LED Bulb,Power State,On,Human,34.2,40.8,38.0,16.7,20.0,0.0,0,9.0,-720.0,0,,,,,
2026-03-09 18:56:16,LivingRoom_LED_1,Smart LED Bulb,Brightness,70,Human,35.8,39.1,44.0,16.7,22.0,0.0,0,10.0,-720.0,0,,,,,
2026-03-09 18:57:16,LivingRoom_LED_1,Smart LED Bulb,Color Temperature,3000,Human,33.8,46.9,46.0,10.3,12.0,0.0,0,11.0,-720.0,0,,,,,
2026-03-09 19:20:16,TV_Plug_1,Smart Plug / Outlet,Switch State,On,Human,32.2,43.9,40.0,13.0,20.0,0.0,0,34.0,-720.0,0,,,,,
2026-03-09 22:00:00,Bedroom_LED_2,Smart LED Bulb,Power State,On,Human,32.1,45.2,42.0,16.5,5.0,0.0,0,193.7,-720.0,0,,,,,
2026-03-09 22:01:00,Bedroom_LED_2,Smart LED Bulb,Brightness,40,Human,34.6,40.3,56.0,19.5,21.0,0.0,0,194.7,-720.0,0,,,,,
2026-03-09 22:02:00,Bedroom_LED_2,Smart LED Bulb,Color Temperature,2700,Human,33.3,43.4,35.0,16.8,9.0,0.0,0,195.7,-720.0,0,,,,,
2026-03-09 22:19:00,Bedroom_AC_2,Smart Air Conditioner,Target Temperature,19,Human,32.5,38.9,39.0,12.5,20.0,0.0,0,212.7,-720.0,0,,,,,
2026-03-09 22:20:00,Bedroom_AC_2,Smart Air Conditioner,Operation Mode,Cool,Human,40.7,40.3,55.0,12.6,10.0,0.0,0,213.7,-720.0,0,,,,,
2026-03-09 22:47:00,LivingRoom_LED_1,Smart LED Bulb,Power State,Off,Human,36.8,40.9,57.0,10.4,14.0,0.0,0,240.7,-720.0,0,,,,,
2026-03-09 22:48:00,FrontDoor_Cam_1,Security Camera,Privacy Mode,Enabled,Human,34.2,45.4,51.0,14.9,9.0,0.0,0,241.7,-720.0,0,,,,,
2026-03-09 22:49:00,TV_Plug_1,Smart Plug / Outlet,Switch State,Off,Human,35.1,39.6,36.0,7.1,11.0,0.0,0,242.7,-720.0,0,,,,,
2026-03-09 22:50:00,Bedroom_Plug_1,Smart Plug / Outlet,Switch State,Off,Human,35.5,36.0,37.0,12.4,21.0,0.0,0,243.7,-720.0,0,,,,,
2026-03-10 06:36:00,Garden_Irrigation_1,Smart Irrigation Controller,Zone 1 State,On,Human,37.4,42.4,49.0,8.2,12.0,0.0,0,-720.0,15.3,0,,,,,
2026-03-10 07:02:00,LivingRoom_AC_1,Smart Air Conditioner,Target Temperature,19,Human,33.6,38.5,55.0,20.4,16.0,0.0,0,-704.6,-10.7,1,,,,,
2026-03-10 07:02:15,LivingRoom_Blinds_1,Smart Blinds / Shades,Open/Close Percentage,80,Human,39.6,40.8,36.0,11.5,9.0,0.0,0,-704.3,-11.0,1,,,,,
2026-03-10 07:03:00,LivingRoom_AC_1,Smart Air Conditioner,Operation Mode,Cool,Human,33.2,41.9,45.0,8.4,20.0,0.0,0,-703.6,-11.7,1,,,,,
2026-03-10 07:04:00,LivingRoom_AC_1,Smart Air Conditioner,Fan Speed,Low,Human,33.6,42.3,41.0,5.8,5.0,0.0,0,-702.6,-12.7,1,,,,,
2026-03-10 08:02:00,Kitchen_Speaker_1,Smart Speaker / Receiver,Playback State,Play,Human,38.0,41.3,45.0,9.5,9.0,9.5,0,-644.6,-70.7,1,,,,,
2026-03-10 08:03:00,Kitchen_Speaker_1,Smart Speaker / Receiver,Volume Level,40,Human,38.7,40.2,47.0,25.4,23.0,9.1,0,-643.6,-71.7,1,,,,,
2026-03-10 08:51:00,Kitchen_Speaker_1,Smart Speaker / Receiver,Playback State,Stop,Human,38.1,42.7,39.0,20.3,23.0,10.6,0,-595.6,-119.7,1,,,,,
2026-03-10 13:25:00,LivingRoom_Fan_1,Smart Ceiling Fan,Power State,On,Human,36.7,40.3,45.0,14.0,6.0,8.9,0,-321.6,-393.7,1,,,,,
2026-03-10 13:26:00,LivingRoom_Fan_1,Smart Ceiling Fan,Fan Speed,High,Human,43.3,37.4,57.0,17.4,13.0,8.9,0,-320.6,-394.7,1,,,,,
2026-03-10 17:56:00,LivingRoom_Fan_1,Smart Ceiling Fan,Power State,Off,Human,42.0,46.6,45.0,18.5,24.0,10.5,0,-50.6,-664.7,1,,,,,
2026-03-10 18:44:33,LivingRoom_Blinds_1,Smart Blinds / Shades,Open/Close Percentage,0,Human,37.3,43.3,53.0,16.5,13.0,0.0,0,-2.0,-713.3,1,,,,,
2026-03-10 19:01:33,LivingRoom_LED_1,Smart LED Bulb,Power State,On,Human,35.9,42.1,37.0,10.2,17.0,0.0,0,15.0,-720.0,0,,,,,
2026-03-10 19:02:33,LivingRoom_LED_1,Smart LED Bulb,Brightness,70,Human,36.3,43.7,42.0,12.5,5.0,0.0,0,16.0,-720.0,0,,,,,
2026-03-10 19:03:33,LivingRoom_LED_1,Smart LED Bulb,Color Temperature,3500,Human,33.5,42.9,48.0,24.4,24.0,0.0,0,17.0,-720.0,0,,,,,
2026-03-10 19:36:33,TV_Plug_1,Smart Plug / Outlet,Switch State,On,Human,31.9,44.1,53.0,5.6,14.0,0.0,0,50.0,-720.0,0,,,,,
2026-03-10 21:58:00,Bedroom_LED_2,Smart LED Bulb,Power State,On,Human,35.7,41.0,36.0,14.5,9.0,0.0,0,191.4,-720.0,0,,,,,
2026-03-10 21:59:00,Bedroom_LED_2,Smart LED Bulb,Brightness,30,Human,36.5,47.0,45.0,16.0,19.0,0.0,0,192.4,-720.0,0,,,,,
2026-03-10 22:00:00,Bedroom_LED_2,Smart LED Bulb,Color Temperature,2700,Human,37.7,43.8,35.0,11.1,14.0,0.0,0,193.4,-720.0,0,,,,,
2026-03-10 22:21:00,Bedroom_AC_2,Smart Air Conditioner,Target Temperature,19,Human,33.5,43.2,51.0,14.2,18.0,0.0,0,214.4,-720.0,0,,,,,
2026-03-10 22:22:00,Bedroom_AC_2,Smart Air Conditioner,Operation Mode,Cool,Human,34.7,44.0,51.0,10.3,16.0,0.0,0,215.4,-720.0,0,,,,,
2026-03-10 22:35:00,FrontDoor_Cam_1,Security Camera,Privacy Mode,Enabled,Human,36.9,36.2,45.0,11.2,11.0,0.0,0,228.4,-720.0,0,,,,,
2026-03-10 22:46:00,LivingRoom_LED_1,Smart LED Bulb,Power State,Off,Human,37.7,43.5,38.0,15.5,6.0,0.0,0,239.4,-720.0,0,,,,,
2026-03-10 22:48:00,TV_Plug_1,Smart Plug / Outlet,Switch State,Off,Human,34.6,38.2,42.0,11.5,13.0,0.0,0,241.4,-720.0,0,,,,,
2026-03-10 22:49:00,Bedroom_Plug_1,Smart Plug / Outlet,Switch State,Off,Human,35.4,41.3,45.0,10.7,10.0,0.0,0,242.4,-720.0,0,,,,,
2026-03-11 06:39:00,Garden_Irrigation_1,Smart Irrigation Controller,Zone 1 State,On,Human,34.3,43.6,51.0,11.0,19.0,0.0,0,-720.0,11.5,0,,,,,
2026-03-11 06:54:00,LivingRoom_AC_1,Smart Air Conditioner,Target Temperature,20,Human,37.1,44.2,35.0,12.5,23.0,0.0,0,-712.8,-3.5,1,,,,,
2026-03-11 06:55:00,LivingRoom_AC_1,Smart Air Conditioner,Operation Mode,Cool,Human,37.7,42.7,48.0,10.2,19.0,0.0,0,-711.8,-4.5,1,,,,,
2026-03-11 06:56:00,LivingRoom_AC_1,Smart Air Conditioner,Fan Speed,Med,Human,36.1,39.7,37.0,15.4,10.0,0.0,0,-710.8,-5.5,1,,,,,
2026-03-11 07:15:27,LivingRoom_Blinds_1,Smart Blinds / Shades,Open/Close Percentage,82,Human,34.2,44.6,50.0,19.7,22.0,0.0,0,-691.4,-25.0,1,,,,,
2026-03-11 07:59:00,Kitchen_Speaker_1,Smart Speaker / Receiver,Playback State,Play,Human,37.5,40.0,50.0,12.1,15.0,0.0,0,-647.8,-68.5,1,,,,,
2026-03-11 08:00:00,Kitchen_Speaker_1,Smart Speaker / Receiver,Volume Level,35,Human,39.4,41.0,54.0,10.0,5.0,10.0,0,-646.8,-69.5,1,,,,,
2026-03-11 08:54:00,Kitchen_Speaker_1,Smart Speaker / Receiver,Playback State,Stop,Human,32.6,43.5,47.0,18.5,24.0,11.1,0,-592.8,-123.5,1,,,,,
2026-03-11 12:45:00,LivingRoom_Fan_1,Smart Ceiling Fan,Power State,On,Human,34.9,36.9,52.0,9.9,16.0,7.6,0,-361.8,-354.5,1,,,,,
2026-03-11 12:46:00,LivingRoom_Fan_1,Smart Ceiling Fan,Fan Speed,Low,Human,34.8,42.4,43.0,17.3,12.0,7.0,0,-360.8,-355.5,1,,,,,
2026-03-11 17:42:00,LivingRoom_Fan_1,Smart Ceiling Fan,Power State,Off,Human,36.4,44.6,35.0,23.7,15.0,10.2,0,-64.8,-651.5,1,,,,,
2026-03-11 18:35:50,LivingRoom_Blinds_1,Smart Blinds / Shades,Open/Close Percentage,0,Human,36.5,40.2,42.0,19.2,17.0,0.0,0,-11.0,-705.4,1,,,,,
2026-03-11 19:00:50,LivingRoom_LED_1,Smart LED Bulb,Power State,On,Human,35.9,51.8,56.0,16.0,5.0,0.0,0,14.0,-720.0,0,,,,,
2026-03-11 19:01:50,LivingRoom_LED_1,Smart LED Bulb,Brightness,65,Human,35.0,43.1,40.0,9.4,12.0,0.0,0,15.0,-720.0,0,,,,,
2026-03-11 19:02:50,LivingRoom_LED_1,Smart LED Bulb,Color Temperature,3500,Human,31.6,42.9,35.0,13.5,20.0,0.0,0,16.0,-720.0,0,,,,,
2026-03-11 19:41:50,TV_Plug_1,Smart Plug / Outlet,Switch State,On,Human,30.5,40.9,47.0,22.6,8.0,0.0,0,55.0,-720.0,0,,,,,
2026-03-11 21:57:00,Bedroom_LED_2,Smart LED Bulb,Power State,On,Human,38.2,41.7,53.0,9.1,15.0,0.0,0,190.2,-720.0,0,,,,,
2026-03-11 21:58:00,Bedroom_LED_2,Smart LED Bulb,Brightness,50,Human,34.8,37.1,55.0,16.5,10.0,0.0,0,191.2,-720.0,0,,,,,
2026-03-11 21:59:00,Bedroom_LED_2,Smart LED Bulb,Color Temperature,2700,Human,38.2,38.1,41.0,16.4,14.0,0.0,0,192.2,-720.0,0,,,,,
2026-03-11 22:30:00,Bedroom_AC_2,Smart Air Conditioner,Target Temperature,19,Human,39.0,44.5,52.0,10.6,23.0,0.0,0,223.2,-720.0,0,,,,,
2026-03-11 22:31:00,Bedroom_AC_2,Smart Air Conditioner,Operation Mode,Cool,Human,37.7,39.5,55.0,15.4,11.0,0.0,0,224.2,-720.0,0,,,,,
2026-03-11 22:51:00,FrontDoor_Cam_1,Security Camera,Privacy Mode,Enabled,Human,34.3,42.1,56.0,7.2,24.0,0.0,0,244.2,-720.0,0,,,,,
2026-03-11 22:53:00,LivingRoom_LED_1,Smart LED Bulb,Power State,Off,Human,31.8,43.4,56.0,2.9,16.0,0.0,0,246.2,-720.0,0,,,,,
2026-03-11 22:55:00,TV_Plug_1,Smart Plug / Outlet,Switch State,Off,Human,38.0,39.7,37.0,22.8,8.0,0.0,0,248.2,-720.0,0,,,,,
2026-03-11 22:56:00,Bedroom_Plug_1,Smart Plug / Outlet,Switch State,Off,Human,34.6,44.9,44.0,22.1,15.0,0.0,0,249.2,-720.0,0,,,,,
2026-03-12 06:36:00,Garden_Irrigation_1,Smart Irrigation Controller,Zone 1 State,On,Human,34.3,41.8,53.0,15.1,20.0,0.0,0,-720.0,13.7,0,,,,,
2026-03-12 06:49:00,LivingRoom_AC_1,Smart Air Conditioner,Target Temperature,21,Human,35.7,44.0,55.0,17.4,6.0,0.0,0,-718.1,0.7,0,,,,,
2026-03-12 06:50:00,LivingRoom_AC_1,Smart Air Conditioner,Operation Mode,Cool,Human,35.8,39.5,51.0,11.4,21.0,0.0,0,-717.1,-0.3,1,,,,,
2026-03-12 06:51:00,LivingRoom_AC_1,Smart Air Conditioner,Fan Speed,High,Human,31.9,42.4,56.0,12.0,21.0,0.0,0,-716.1,-1.3,1,,,,,
2026-03-12 07:13:39,LivingRoom_Blinds_1,Smart Blinds / Shades,Open/Close Percentage,84,Human,35.7,44.0,36.0,7.2,15.0,0.0,0,-693.5,-24.0,1,,,,,
2026-03-12 07:56:00,Kitchen_Speaker_1,Smart Speaker / Receiver,Playback State,Play,Human,36.0,38.2,54.0,11.5,9.0,0.0,0,-651.1,-66.3,1,,,,,
2026-03-12 07:57:00,Kitchen_Speaker_1,Smart Speaker / Receiver,Volume Level,30,Human,35.4,48.6,44.0,6.0,11.0,0.0,0,-650.1,-67.3,1,,,,,
2026-03-12 08:56:00,Kitchen_Speaker_1,Smart Speaker / Receiver,Playback State,Stop,Human,39.9,40.5,35.0,7.7,20.0,10.1,0,-591.1,-126.3,1,,,,,
2026-03-12 12:47:00,LivingRoom_Fan_1,Smart Ceiling Fan,Power State,On,Human,41.6,42.8,47.0,14.8,21.0,7.6,0,-360.1,-357.3,1,,,,,
2026-03-12 12:48:00,LivingRoom_Fan_1,Smart Ceiling Fan,Fan Speed,High,Human,35.9,39.2,50.0,15.4,8.0,10.4,0,-359.1,-358.3,1,,,,,
2026-03-12 17:50:00,LivingRoom_Fan_1,Smart Ceiling Fan,Power State,Off,Human,34.4,42.3,44.0,17.2,5.0,11.4,0,-57.1,-660.3,1,,,,,
2026-03-12 18:00:00,LivingRoom_LED_1,Smart LED Bulb,Brightness,50,Automation,37.3,41.1,35.0,10.3,22.0,0.0,0,-47.1,-670.3,1,,,,,
2026-03-12 18:41:07,LivingRoom_Blinds_1,Smart Blinds / Shades,Open/Close Percentage,0,Human,32.7,44.1,50.0,9.5,20.0,0.0,0,-6.0,-711.5,1,,,,,
2026-03-12 18:54:07,LivingRoom_LED_1,Smart LED Bulb,Power State,On,Human,37.8,39.2,35.0,20.7,22.0,0.0,0,7.0,-720.0,0,,,,,
2026-03-12 18:55:07,LivingRoom_LED_1,Smart LED Bulb,Brightness,70,Human,39.1,33.2,37.0,14.0,24.0,0.0,0,8.0,-720.0,0,,,,,
2026-03-12 18:56:07,LivingRoom_LED_1,Smart LED Bulb,Color Temperature,3000,Human,41.7,42.9,50.0,11.5,9.0,0.0,0,9.0,-720.0,0,,,,,
2026-03-12 19:17:07,TV_Plug_1,Smart Plug / Outlet,Switch State,On,Human,28.3,40.7,40.0,17.2,22.0,0.0,0,30.0,-720.0,0,,,,,
2026-03-12 22:05:00,Bedroom_LED_2,Smart LED Bulb,Power State,On,Human,35.6,43.1,54.0,13.7,17.0,0.0,0,197.9,-720.0,0,,,,,
2026-03-12 22:06:00,Bedroom_LED_2,Smart LED Bulb,Brightness,50,Human,37.3,45.5,36.0,12.2,11.0,0.0,0,198.9,-720.0,0,,,,,
2026-03-12 22:07:00,Bedroom_LED_2,Smart LED Bulb,Color Temperature,3000,Human,33.2,40.2,40.0,11.2,22.0,0.0,0,199.9,-720.0,0,,,,,
2026-03-12 22:41:00,Bedroom_AC_2,Smart Air Conditioner,Target Temperature,19,Human,35.0,42.1,51.0,14.6,22.0,0.0,0,233.9,-720.0,0,,,,,
2026-03-12 22:42:00,Bedroom_AC_2,Smart Air Conditioner,Operation Mode,Cool,Human,37.0,43.9,53.0,11.1,5.0,0.0,0,234.9,-720.0,0,,,,,
2026-03-12 22:50:00,FrontDoor_Cam_1,Security Camera,Privacy Mode,Enabled,Human,38.1,45.0,37.0,19.1,22.0,0.0,0,242.9,-720.0,0,,,,,
2026-03-12 23:03:00,LivingRoom_LED_1,Smart LED Bulb,Power State,Off,Human,31.8,44.7,36.0,11.0,11.0,0.0,0,255.9,-720.0,0,,,,,
2026-03-12 23:05:00,TV_Plug_1,Smart Plug / Outlet,Switch State,Off,Human,37.5,46.2,40.0,6.9,19.0,0.0,0,257.9,-720.0,0,,,,,
2026-03-12 23:06:00,Bedroom_Plug_1,Smart Plug / Outlet,Switch State,Off,Human,39.6,37.1,46.0,17.0,20.0,0.0,0,258.9,-720.0,0,,,,,
2026-03-13 06:32:00,Garden_Irrigation_1,Smart Irrigation Controller,Zone 1 State,On,Human,36.5,36.3,46.0,6.1,12.0,0.0,0,-720.0,16.8,0,,,,,
2026-03-13 07:05:50,LivingRoom_Blinds_1,Smart Blinds / Shades,Open/Close Percentage,86,Human,42.1,36.8,43.0,20.7,18.0,0.0,0,-701.6,-17.0,1,,,,,
2026-03-13 07:09:00,LivingRoom_AC_1,Smart Air Conditioner,Target Temperature,21,Human,32.3,44.3,45.0,16.0,14.0,0.0,0,-698.4,-20.2,1,,,,,
2026-03-13 07:10:00,LivingRoom_AC_1,Smart Air Conditioner,Operation Mode,Cool,Human,39.8,43.2,41.0,12.2,23.0,0.0,0,-697.4,-21.2,1,,,,,
2026-03-13 07:11:00,LivingRoom_AC_1,Smart Air Conditioner,Fan Speed,Med,Human,34.7,40.5,36.0,27.5,11.0,0.0,0,-696.4,-22.2,1,,,,,
2026-03-13 07:55:00,Kitchen_Speaker_1,Smart Speaker / Receiver,Playback State,Play,Human,35.5,43.0,36.0,7.4,18.0,0.0,0,-652.4,-66.2,1,,,,,
2026-03-13 07:56:00,Kitchen_Speaker_1,Smart Speaker / Receiver,Volume Level,35,Human,37.8,45.6,56.0,18.5,17.0,0.0,0,-651.4,-67.2,1,,,,,
2026-03-13 09:05:00,Kitchen_Speaker_1,Smart Speaker / Receiver,Playback State,Stop,Human,35.8,42.0,35.0,7.5,17.0,7.3,0,-582.4,-136.2,1,,,,,
2026-03-13 13:14:00,LivingRoom_Fan_1,Smart Ceiling Fan,Power State,On,Human,36.5,43.3,45.0,9.7,9.0,8.9,0,-333.4,-385.2,1,,,,,
2026-03-13 13:15:00,LivingRoom_Fan_1,Smart Ceiling Fan,Fan Speed,High,Human,33.0,45.9,47.0,8.1,16.0,9.3,0,-332.4,-386.2,1,,,,,
2026-03-13 17:41:00,LivingRoom_Fan_1,Smart Ceiling Fan,Power State,Off,Human,41.5,41.4,36.0,13.0,14.0,8.0,0,-66.4,-652.2,1,,,,,
2026-03-13 18:30:23,LivingRoom_Blinds_1,Smart Blinds / Shades,Open/Close Percentage,0,Human,33.8,39.6,54.0,13.0,18.0,0.0,0,-17.0,-701.6,1,,,,,
2026-03-13 19:03:23,LivingRoom_LED_1,Smart LED Bulb,Power State,On,Human,38.2,40.4,36.0,7.4,18.0,0.0,0,16.0,-720.0,0,,,,,
2026-03-13 19:04:23,LivingRoom_LED_1,Smart LED Bulb,Brightness,70,Human,33.7,38.1,41.0,14.6,12.0,0.0,0,17.0,-720.0,0,,,,,
2026-03-13 19:05:23,LivingRoom_LED_1,Smart LED Bulb,Color Temperature,3500,Human,38.7,39.2,42.0,10.1,24.0,0.0,0,18.0,-720.0,0,,,,,
2026-03-13 19:37:23,TV_Plug_1,Smart Plug / Outlet,Switch State,On,Human,37.2,42.3,45.0,17.2,5.0,0.0,0,50.0,-720.0,0,,,,,
2026-03-13 22:09:00,Bedroom_LED_2,Smart LED Bulb,Power State,On,Human,35.6,43.3,51.0,16.3,17.0,0.0,0,201.6,-720.0,0,,,,,
2026-03-13 22:10:00,Bedroom_LED_2,Smart LED Bulb,Brightness,50,Human,35.8,43.3,37.0,23.2,5.0,0.0,0,202.6,-720.0,0,,,,,
2026-03-13 22:11:00,Bedroom_LED_2,Smart LED Bulb,Color Temperature,2700,Human,33.8,41.4,36.0,19.0,10.0,0.0,0,203.6,-720.0,0,,,,,
2026-03-13 22:30:00,Bedroom_AC_2,Smart Air Conditioner,Target Temperature,19,Human,30.7,45.0,56.0,6.5,22.0,0.0,0,222.6,-720.0,0,,,,,
2026-03-13 22:31:00,Bedroom_AC_2,Smart Air Conditioner,Operation Mode,Fan,Human,32.8,43.0,36.0,16.1,15.0,0.0,0,223.6,-720.0,0,,,,,
2026-03-13 22:38:00,FrontDoor_Cam_1,Security Camera,Privacy Mode,Disabled,Human,33.7,47.7,57.0,18.9,7.0,0.0,0,230.6,-720.0,0,,,,,
2026-03-13 22:47:00,LivingRoom_LED_1,Smart LED Bulb,Power State,Off,Human,34.4,40.3,36.0,24.7,11.0,0.0,0,239.6,-720.0,0,,,,,
2026-03-13 22:49:00,TV_Plug_1,Smart Plug / Outlet,Switch State,Off,Human,35.7,40.8,46.0,14.9,12.0,0.0,0,241.6,-720.0,0,,,,,
2026-03-13 22:50:00,Bedroom_Plug_1,Smart Plug / Outlet,Switch State,Off,Human,37.6,36.8,56.0,10.9,24.0,0.0,0,242.6,-720.0,0,,,,,
2026-03-14 06:38:00,Garden_Irrigation_1,Smart Irrigation Controller,Zone 1 State,On,Human,33.2,44.6,35.0,11.2,24.0,0.0,0,-720.0,10.0,0,,,,,
2026-03-14 08:50:00,Hallway_Vacuum_1,Robot Vacuum,Cleaning State,Clean,Human,33.2,44.1,46.0,11.1,17.0,7.3,0,-597.7,-122.0,1,,,,,
2026-03-14 08:51:00,Hallway_Vacuum_1,Robot Vacuum,Suction Power,Standard,Human,33.4,39.4,54.0,12.9,15.0,10.3,0,-596.7,-123.0,1,,,,,
2026-03-14 13:17:00,LivingRoom_Fan_1,Smart Ceiling Fan,Power State,On,Human,34.3,42.8,41.0,13.7,10.0,9.0,0,-330.7,-389.0,1,,,,,
2026-03-14 13:18:00,LivingRoom_Fan_1,Smart Ceiling Fan,Fan Speed,Med,Human,34.1,43.7,41.0,8.1,13.0,8.8,0,-329.7,-390.0,1,,,,,
2026-03-14 14:24:00,LivingRoom_AC_1,Smart Air Conditioner,Target Temperature,19,Human,41.4,43.7,41.0,6.7,17.0,9.6,0,-263.7,-456.0,1,,,,,
2026-03-14 14:25:00,LivingRoom_AC_1,Smart Air Conditioner,Operation Mode,Cool,Human,36.8,38.9,36.0,24.9,13.0,8.8,0,-262.7,-457.0,1,,,,,
2026-03-14 18:18:00,LivingRoom_Fan_1,Smart Ceiling Fan,Power State,Off,Human,38.0,44.0,37.0,23.9,5.0,0.0,0,-29.7,-690.0,1,,,,,
2026-03-14 18:55:39,LivingRoom_LED_1,Smart LED Bulb,Power State,On,Human,34.9,43.6,47.0,15.8,17.0,0.0,0,8.0,-720.0,0,,,,,
2026-03-14 18:56:39,LivingRoom_LED_1,Smart LED Bulb,Brightness,70,Human,37.6,42.2,36.0,20.0,18.0,0.0,0,9.0,-720.0,0,,,,,
2026-03-14 18:57:39,LivingRoom_LED_1,Smart LED Bulb,Color Temperature,3000,Human,34.9,39.2,37.0,14.7,18.0,0.0,0,10.0,-720.0,0,,,,,
2026-03-14 19:25:39,TV_Plug_1,Smart Plug / Outlet,Switch State,On,Human,36.4,45.6,39.0,16.4,18.0,0.0,0,38.0,-720.0,0,,,,,
2026-03-14 21:50:00,Bedroom_LED_2,Smart LED Bulb,Power State,On,Human,38.9,38.8,48.0,17.8,6.0,0.0,0,182.3,-720.0,0,,,,,
2026-03-14 21:51:00,Bedroom_LED_2,Smart LED Bulb,Brightness,50,Human,34.9,43.0,47.0,19.2,18.0,0.0,0,183.3,-720.0,0,,,,,
2026-03-14 21:52:00,Bedroom_LED_2,Smart LED Bulb,Color Temperature,3000,Human,40.5,40.4,44.0,8.7,7.0,0.0,0,184.3,-720.0,0,,,,,
2026-03-14 22:37:00,FrontDoor_Cam_1,Security Camera,Privacy Mode,Enabled,Human,31.6,42.4,51.0,7.8,18.0,0.0,0,229.3,-720.0,0,,,,,
2026-03-14 22:40:00,Bedroom_AC_2,Smart Air Conditioner,Target Temperature,19,Human,44.2,51.7,54.0,14.4,7.0,0.0,0,232.3,-720.0,0,,,,,
2026-03-14 22:41:00,Bedroom_AC_2,Smart Air Conditioner,Operation Mode,Cool,Human,38.6,45.7,45.0,8.5,7.0,0.0,0,233.3,-720.0,0,,,,,
2026-03-14 22:54:00,LivingRoom_LED_1,Smart LED Bulb,Power State,Off,Human,33.0,41.4,49.0,18.3,22.0,0.0,0,246.3,-720.0,0,,,,,
2026-03-14 22:56:00,TV_Plug_1,Smart Plug / Outlet,Switch State,Off,Human,39.9,41.9,37.0,12.5,22.0,0.0,0,248.3,-720.0,0,,,,,
2026-03-14 22:57:00,Bedroom_Plug_1,Smart Plug / Outlet,Switch State,Off,Human,33.1,45.3,50.0,9.2,8.0,0.0,0,249.3,-720.0,0,,,,,
2026-03-15 06:30:00,Garden_Irrigation_1,Smart Irrigation Controller,Zone 1 State,On,Human,32.7,42.3,51.0,13.4,6.0,0.0,0,-720.0,17.2,0,,,,,
2026-03-15 12:41:00,LivingRoom_Fan_1,Smart Ceiling Fan,Power State,On,Human,39.0,40.0,36.0,3.9,11.0,8.3,0,-366.9,-353.8,1,,,,,
2026-03-15 12:42:00,LivingRoom_Fan_1,Smart Ceiling Fan,Fan Speed,Med,Human,38.3,43.5,51.0,18.4,20.0,10.4,0,-365.9,-354.8,1,,,,,
2026-03-15 14:17:00,LivingRoom_AC_1,Smart Air Conditioner,Target Temperature,19,Human,36.0,40.0,57.0,6.5,13.0,9.8,0,-270.9,-449.8,1,,,,,
2026-03-15 14:18:00,LivingRoom_AC_1,Smart Air Conditioner,Operation Mode,Cool,Human,35.0,40.4,37.0,15.4,17.0,10.7,0,-269.9,-450.8,1,,,,,
2026-03-15 18:01:00,LivingRoom_Fan_1,Smart Ceiling Fan,Power State,Off,Human,35.3,40.4,52.0,24.6,5.0,0.0,0,-46.9,-673.8,1,,,,,
2026-03-15 18:57:55,LivingRoom_LED_1,Smart LED Bulb,Power State,On,Human,33.5,44.1,57.0,26.7,11.0,0.0,0,10.0,-720.0,0,,,,,
2026-03-15 18:58:55,LivingRoom_LED_1,Smart LED Bulb,Brightness,60,Human,37.8,39.9,42.0,12.1,6.0,0.0,0,11.0,-720.0,0,,,,,
2026-03-15 18:59:55,LivingRoom_LED_1,Smart LED Bulb,Color Temperature,2700,Human,37.8,45.4,41.0,6.2,16.0,0.0,0,12.0,-720.0,0,,,,,
2026-03-15 19:27:55,TV_Plug_1,Smart Plug / Outlet,Switch State,On,Human,38.0,43.5,57.0,7.3,17.0,0.0,0,40.0,-720.0,0,,,,,
2026-03-15 22:02:00,Bedroom_LED_2,Smart LED Bulb,Power State,On,Human,40.9,38.1,48.0,20.7,11.0,0.0,0,194.1,-720.0,0,,,,,
2026-03-15 22:03:00,Bedroom_LED_2,Smart LED Bulb,Brightness,50,Human,36.2,41.7,36.0,17.8,13.0,0.0,0,195.1,-720.0,0,,,,,
2026-03-15 22:04:00,Bedroom_LED_2,Smart LED Bulb,Color Temperature,3000,Human,37.1,37.6,47.0,15.1,24.0,0.0,0,196.1,-720.0,0,,,,,
2026-03-15 22:39:00,Bedroom_AC_2,Smart Air Conditioner,Target Temperature,19,Human,38.5,42.2,54.0,11.2,16.0,0.0,0,231.1,-720.0,0,,,,,
2026-03-15 22:40:00,Bedroom_AC_2,Smart Air Conditioner,Operation Mode,Cool,Human,35.0,41.3,51.0,8.8,17.0,0.0,0,232.1,-720.0,0,,,,,
2026-03-15 22:42:00,FrontDoor_Cam_1,Security Camera,Privacy Mode,Enabled,Human,38.4,40.8,39.0,9.6,5.0,0.0,0,234.1,-720.0,0,,,,,
2026-03-15 22:47:00,LivingRoom_LED_1,Smart LED Bulb,Power State,Off,Human,33.2,43.4,56.0,18.2,23.0,0.0,0,239.1,-720.0,0,,,,,
2026-03-15 22:49:00,TV_Plug_1,Smart Plug / Outlet,Switch State,Off,Human,35.5,43.3,37.0,14.0,24.0,0.0,0,241.1,-720.0,0,,,,,
2026-03-15 22:50:00,Bedroom_Plug_1,Smart Plug / Outlet,Switch State,Off,Human,37.0,43.4,49.0,8.9,17.0,0.0,0,242.1,-720.0,0,,,,,
2026-03-16 06:23:00,Garden_Irrigation_1,Smart Irrigation Controller,Zone 1 State,On,Human,37.0,41.6,49.0,8.1,10.0,0.0,0,-720.0,23.4,0,,,,,
2026-03-16 07:00:00,LivingRoom_AC_1,Smart Air Conditioner,Target Temperature,21,Human,33.5,41.5,48.0,20.3,11.0,0.0,0,-708.2,-13.6,1,,,,,
2026-03-16 07:01:00,LivingRoom_AC_1,Smart Air Conditioner,Operation Mode,Cool,Human,30.8,39.0,38.0,11.6,20.0,0.0,0,-707.2,-14.6,1,,,,,
2026-03-16 07:02:00,LivingRoom_AC_1,Smart Air Conditioner,Fan Speed,Med,Human,40.0,37.7,35.0,18.0,8.0,0.0,0,-706.2,-15.6,1,,,,,
2026-03-16 07:03:21,LivingRoom_Blinds_1,Smart Blinds / Shades,Open/Close Percentage,86,Human,35.9,40.1,43.0,15.0,12.0,0.0,0,-704.8,-17.0,1,,,,,
2026-03-16 08:01:00,Kitchen_Speaker_1,Smart Speaker / Receiver,Playback State,Play,Human,36.5,43.2,40.0,18.9,23.0,10.0,0,-647.2,-74.6,1,,,,,
2026-03-16 08:02:00,Kitchen_Speaker_1,Smart Speaker / Receiver,Volume Level,35,Human,39.4,42.2,46.0,15.7,15.0,8.8,0,-646.2,-75.6,1,,,,,
2026-03-16 08:53:00,Kitchen_Speaker_1,Smart Speaker / Receiver,Playback State,Stop,Human,39.5,41.1,57.0,13.2,9.0,10.0,0,-595.2,-126.6,1,,,,,
2026-03-16 13:22:00,LivingRoom_Fan_1,Smart Ceiling Fan,Power State,On,Human,38.8,40.8,39.0,9.4,16.0,10.7,0,-326.2,-395.6,1,,,,,
2026-03-16 13:23:00,LivingRoom_Fan_1,Smart Ceiling Fan,Fan Speed,High,Human,31.2,45.2,51.0,17.1,5.0,10.2,0,-325.2,-396.6,1,,,,,
2026-03-16 18:08:00,LivingRoom_Fan_1,Smart Ceiling Fan,Power State,Off,Human,33.5,41.6,43.0,21.1,20.0,0.0,0,-40.2,-681.6,1,,,,,
2026-03-16 18:44:11,LivingRoom_Blinds_1,Smart Blinds / Shades,Open/Close Percentage,0,Human,34.4,40.1,47.0,16.8,20.0,0.0,0,-4.0,-717.8,1,,,,,
2026-03-16 19:07:11,LivingRoom_LED_1,Smart LED Bulb,Power State,On,Human,35.8,42.3,41.0,4.1,15.0,0.0,0,19.0,-720.0,0,,,,,
2026-03-16 19:08:11,LivingRoom_LED_1,Smart LED Bulb,Brightness,70,Human,35.3,46.7,38.0,13.4,7.0,0.0,0,20.0,-720.0,0,,,,,
2026-03-16 19:09:11,LivingRoom_LED_1,Smart LED Bulb,Color Temperature,3000,Human,37.1,42.9,39.0,12.1,19.0,0.0,0,21.0,-720.0,0,,,,,
2026-03-16 19:32:11,TV_Plug_1,Smart Plug / Outlet,Switch State,On,Human,35.9,43.3,54.0,2.9,7.0,0.0,0,44.0,-720.0,0,,,,,
2026-03-16 21:50:00,Bedroom_LED_2,Smart LED Bulb,Power State,On,Human,33.3,43.1,43.0,6.3,5.0,0.0,0,181.8,-720.0,0,,,,,
2026-03-16 21:51:00,Bedroom_LED_2,Smart LED Bulb,Brightness,30,Human,34.3,42.1,44.0,11.0,11.0,0.0,0,182.8,-720.0,0,,,,,
2026-03-16 21:52:00,Bedroom_LED_2,Smart LED Bulb,Color Temperature,2700,Human,37.0,42.4,54.0,14.0,24.0,0.0,0,183.8,-720.0,0,,,,,
2026-03-16 22:25:00,Bedroom_AC_2,Smart Air Conditioner,Target Temperature,19,Human,37.3,40.2,48.0,3.2,20.0,0.0,0,216.8,-720.0,0,,,,,
2026-03-16 22:26:00,Bedroom_AC_2,Smart Air Conditioner,Operation Mode,Cool,Human,35.1,37.1,51.0,13.5,6.0,0.0,0,217.8,-720.0,0,,,,,
2026-03-16 22:48:00,FrontDoor_Cam_1,Security Camera,Privacy Mode,Enabled,Human,37.2,37.3,45.0,8.5,23.0,0.0,0,239.8,-720.0,0,,,,,
2026-03-16 23:04:00,LivingRoom_LED_1,Smart LED Bulb,Power State,Off,Human,30.9,47.3,48.0,13.7,8.0,0.0,0,255.8,-720.0,0,,,,,
2026-03-16 23:06:00,TV_Plug_1,Smart Plug / Outlet,Switch State,Off,Human,37.1,42.8,55.0,8.7,5.0,0.0,0,257.8,-720.0,0,,,,,
2026-03-16 23:07:00,Bedroom_Plug_1,Smart Plug / Outlet,Switch State,Off,Human,38.3,39.8,56.0,7.9,15.0,0.0,0,258.8,-720.0,0,,,,,
2026-03-17 06:27:00,Garden_Irrigation_1,Smart Irrigation Controller,Zone 1 State,On,Human,28.3,41.2,53.0,18.3,24.0,0.0,0,-720.0,18.5,0,,,,,
2026-03-17 07:07:00,LivingRoom_AC_1,Smart Air Conditioner,Target Temperature,19,Human,33.9,38.1,54.0,11.8,10.0,0.0,0,-701.5,-21.5,1,,,,,
2026-03-17 07:08:00,LivingRoom_AC_1,Smart Air Conditioner,Operation Mode,Cool,Human,37.7,44.0,51.0,18.6,20.0,0.0,0,-700.5,-22.5,1,,,,,
2026-03-17 07:09:00,LivingRoom_AC_1,Smart Air Conditioner,Fan Speed,Med,Human,39.2,44.8,38.0,8.9,9.0,0.0,0,-699.5,-23.5,1,,,,,
2026-03-17 07:13:32,LivingRoom_Blinds_1,Smart Blinds / Shades,Open/Close Percentage,100,Human,32.4,41.7,51.0,12.1,20.0,0.0,0,-694.9,-28.0,1,,,,,
2026-03-17 08:00:00,Kitchen_Speaker_1,Smart Speaker / Receiver,Playback State,Play,Human,36.8,44.5,46.0,13.6,20.0,8.1,0,-648.5,-74.5,1,,,,,
2026-03-17 08:01:00,Kitchen_Speaker_1,Smart Speaker / Receiver,Volume Level,40,Human,38.1,34.8,42.0,13.1,24.0,10.0,0,-647.5,-75.5,1,,,,,
2026-03-17 08:53:00,Kitchen_Speaker_1,Smart Speaker / Receiver,Playback State,Stop,Human,42.3,40.8,43.0,15.0,7.0,9.0,0,-595.5,-127.5,1,,,,,
2026-03-17 13:01:00,LivingRoom_Fan_1,Smart Ceiling Fan,Power State,On,Human,34.8,42.2,39.0,15.7,11.0,11.9,0,-347.5,-375.5,1,,,,,
2026-03-17 13:02:00,LivingRoom_Fan_1,Smart Ceiling Fan,Fan Speed,High,Human,35.0,42.8,56.0,21.6,15.0,11.3,0,-346.5,-376.5,1,,,,,
2026-03-17 18:01:00,LivingRoom_Fan_1,Smart Ceiling Fan,Power State,Off,Human,32.7,42.7,44.0,15.1,8.0,0.0,0,-47.5,-675.5,1,,,,,
2026-03-17 18:34:27,LivingRoom_Blinds_1,Smart Blinds / Shades,Open/Close Percentage,0,Human,35.1,39.1,56.0,16.5,7.0,0.0,0,-14.0,-708.9,1,,,,,
2026-03-17 18:54:27,LivingRoom_LED_1,Smart LED Bulb,Power State,On,Human,33.9,43.3,38.0,13.3,9.0,0.0,0,6.0,-720.0,0,,,,,
2026-03-17 18:55:27,LivingRoom_LED_1,Smart LED Bulb,Brightness,65,Human,33.1,41.4,53.0,14.1,18.0,0.0,0,7.0,-720.0,0,,,,,
2026-03-17 18:56:27,LivingRoom_LED_1,Smart LED Bulb,Color Temperature,3000,Human,35.5,42.9,53.0,10.2,12.0,0.0,0,8.0,-720.0,0,,,,,
2026-03-17 19:32:27,TV_Plug_1,Smart Plug / Outlet,Switch State,On,Human,34.1,44.8,36.0,13.7,10.0,0.0,0,44.0,-720.0,0,,,,,
2026-03-17 22:02:00,Bedroom_LED_2,Smart LED Bulb,Power State,On,Human,35.3,45.2,35.0,18.0,8.0,0.0,0,193.5,-720.0,0,,,,,
2026-03-17 22:03:00,Bedroom_LED_2,Smart LED Bulb,Brightness,50,Human,34.7,38.8,51.0,20.0,10.0,0.0,0,194.5,-720.0,0,,,,,
2026-03-17 22:04:00,Bedroom_LED_2,Smart LED Bulb,Color Temperature,2700,Human,38.3,45.7,43.0,16.9,13.0,0.0,0,195.5,-720.0,0,,,,,
2026-03-17 22:33:00,Bedroom_AC_2,Smart Air Conditioner,Target Temperature,19,Human,39.5,42.2,41.0,15.3,8.0,0.0,0,224.5,-720.0,0,,,,,
2026-03-17 22:34:00,Bedroom_AC_2,Smart Air Conditioner,Operation Mode,Fan,Human,34.3,45.7,40.0,13.1,24.0,0.0,0,225.5,-720.0,0,,,,,
2026-03-17 22:40:00,FrontDoor_Cam_1,Security Camera,Privacy Mode,Disabled,Human,39.7,38.8,36.0,17.1,5.0,0.0,0,231.5,-720.0,0,,,,,
2026-03-17 22:47:00,LivingRoom_LED_1,Smart LED Bulb,Power State,Off,Human,34.7,42.0,48.0,4.3,16.0,0.0,0,238.5,-720.0,0,,,,,
2026-03-17 22:49:00,TV_Plug_1,Smart Plug / Outlet,Switch State,Off,Human,32.3,41.8,49.0,11.3,9.0,0.0,0,240.5,-720.0,0,,,,,
2026-03-17 22:50:00,Bedroom_Plug_1,Smart Plug / Outlet,Switch State,Off,Human,37.6,42.9,43.0,16.4,23.0,0.0,0,241.5,-720.0,0,,,,,
2026-03-18 06:23:00,Garden_Irrigation_1,Smart Irrigation Controller,Zone 1 State,On,Human,37.7,37.9,51.0,20.1,5.0,0.0,0,-720.0,21.7,0,,,,,
2026-03-18 06:50:00,LivingRoom_AC_1,Smart Air Conditioner,Target Temperature,20,Human,32.3,40.5,54.0,11.9,8.0,0.0,0,-718.7,-5.3,1,,,,,
2026-03-18 06:51:00,LivingRoom_AC_1,Smart Air Conditioner,Operation Mode,Cool,Human,35.3,40.2,35.0,15.9,10.0,0.0,0,-717.7,-6.3,1,,,,,
2026-03-18 06:52:00,LivingRoom_AC_1,Smart Air Conditioner,Fan Speed,Med,Human,38.4,40.6,51.0,17.8,12.0,0.0,0,-716.7,-7.3,1,,,,,
2026-03-18 07:03:41,LivingRoom_Blinds_1,Smart Blinds / Shades,Open/Close Percentage,100,Human,39.6,40.3,37.0,15.0,7.0,0.0,0,-705.0,-19.0,1,,,,,
2026-03-18 07:58:00,Kitchen_Speaker_1,Smart Speaker / Receiver,Playback State,Play,Human,33.9,37.7,35.0,21.7,22.0,0.0,0,-650.7,-73.3,1,,,,,
2026-03-18 07:59:00,Kitchen_Speaker_1,Smart Speaker / Receiver,Volume Level,40,Human,38.0,41.6,36.0,21.2,22.0,0.0,0,-649.7,-74.3,1,,,,,
2026-03-18 09:07:00,Kitchen_Speaker_1,Smart Speaker / Receiver,Playback State,Stop,Human,32.6,42.5,52.0,18.6,18.0,8.7,0,-581.7,-142.3,1,,,,,
2026-03-18 13:15:00,LivingRoom_Fan_1,Smart Ceiling Fan,Power State,On,Human,31.7,42.1,43.0,25.1,14.0,11.2,0,-333.7,-390.3,1,,,,,
2026-03-18 13:16:00,LivingRoom_Fan_1,Smart Ceiling Fan,Fan Speed,High,Human,33.2,40.9,46.0,21.7,7.0,9.8,0,-332.7,-391.3,1,,,,,
2026-03-18 17:53:00,LivingRoom_Fan_1,Smart Ceiling Fan,Power State,Off,Human,33.0,45.7,50.0,11.6,14.0,7.1,0,-55.7,-668.3,1,,,,,
2026-03-18 18:32:42,LivingRoom_Blinds_1,Smart Blinds / Shades,Open/Close Percentage,0,Human,31.5,41.0,40.0,18.3,5.0,0.0,0,-16.0,-708.0,1,,,,,
2026-03-18 18:58:42,LivingRoom_LED_1,Smart LED Bulb,Power State,On,Human,31.2,41.5,53.0,3.6,17.0,0.0,0,10.0,-720.0,0,,,,,
2026-03-18 18:59:42,LivingRoom_LED_1,Smart LED Bulb,Brightness,65,Human,34.3,44.5,38.0,11.2,24.0,0.0,0,11.0,-720.0,0,,,,,
2026-03-18 19:00:42,LivingRoom_LED_1,Smart LED Bulb,Color Temperature,3000,Human,40.9,48.1,36.0,7.6,18.0,0.0,0,12.0,-720.0,0,,,,,
2026-03-18 19:46:42,TV_Plug_1,Smart Plug / Outlet,Switch State,On,Human,38.3,41.6,54.0,14.9,21.0,0.0,0,58.0,-720.0,0,,,,,
2026-03-18 22:07:00,Bedroom_LED_2,Smart LED Bulb,Power State,On,Human,31.6,45.1,41.0,13.7,5.0,0.0,0,198.3,-720.0,0,,,,,
2026-03-18 22:08:00,Bedroom_LED_2,Smart LED Bulb,Brightness,30,Human,36.1,43.1,49.0,24.1,8.0,0.0,0,199.3,-720.0,0,,,,,
2026-03-18 22:09:00,Bedroom_LED_2,Smart LED Bulb,Color Temperature,2700,Human,36.4,48.5,50.0,19.0,24.0,0.0,0,200.3,-720.0,0,,,,,
2026-03-18 22:25:00,Bedroom_AC_2,Smart Air Conditioner,Target Temperature,19,Human,30.6,43.2,49.0,15.1,7.0,0.0,0,216.3,-720.0,0,,,,,
2026-03-18 22:26:00,Bedroom_AC_2,Smart Air Conditioner,Operation Mode,Cool,Human,36.1,41.3,40.0,4.5,17.0,0.0,0,217.3,-720.0,0,,,,,
2026-03-18 22:52:00,FrontDoor_Cam_1,Security Camera,Privacy Mode,Disabled,Human,36.7,41.6,39.0,12.7,8.0,0.0,0,243.3,-720.0,0,,,,,
2026-03-18 23:07:00,LivingRoom_LED_1,Smart LED Bulb,Power State,Off,Human,35.3,45.9,36.0,12.1,22.0,0.0,0,258.3,-720.0,0,,,,,
2026-03-18 23:09:00,TV_Plug_1,Smart Plug / Outlet,Switch State,Off,Human,42.3,35.4,46.0,18.1,6.0,0.0,0,260.3,-720.0,0,,,,,
2026-03-18 23:10:00,Bedroom_Plug_1,Smart Plug / Outlet,Switch State,Off,Human,35.7,38.3,38.0,9.2,8.0,0.0,0,261.3,-720.0,0,,,,,
2026-03-19 06:20:00,Garden_Irrigation_1,Smart Irrigation Controller,Zone 1 State,On,Human,35.5,42.6,43.0,12.2,7.0,0.0,0,-720.0,23.9,0,,,,,
2026-03-19 06:59:51,LivingRoom_Blinds_1,Smart Blinds / Shades,Open/Close Percentage,97,Human,37.3,39.4,49.0,15.4,19.0,0.0,0,-709.1,-16.0,1,,,,,
2026-03-19 07:07:00,LivingRoom_AC_1,Smart Air Conditioner,Target Temperature,20,Human,35.2,44.9,53.0,15.4,21.0,0.0,0,-702.0,-23.1,1,,,,,
2026-03-19 07:08:00,LivingRoom_AC_1,Smart Air Conditioner,Operation Mode,Cool,Human,31.6,39.0,50.0,10.4,18.0,0.0,0,-701.0,-24.1,1,,,,,
2026-03-19 07:09:00,LivingRoom_AC_1,Smart Air Conditioner,Fan Speed,High,Human,36.7,44.1,36.0,19.6,6.0,0.0,0,-700.0,-25.1,1,,,,,
2026-03-19 07:50:00,Kitchen_Speaker_1,Smart Speaker / Receiver,Playback State,Play,Human,34.8,41.4,50.0,18.1,5.0,0.0,0,-659.0,-66.1,1,,,,,
2026-03-19 07:51:00,Kitchen_Speaker_1,Smart Speaker / Receiver,Volume Level,40,Human,37.5,39.1,42.0,11.6,15.0,0.0,0,-658.0,-67.1,1,,,,,
2026-03-19 08:59:00,Kitchen_Speaker_1,Smart Speaker / Receiver,Playback State,Stop,Human,37.5,45.5,48.0,13.3,16.0,9.2,0,-590.0,-135.1,1,,,,,
2026-03-19 13:04:00,LivingRoom_Fan_1,Smart Ceiling Fan,Power State,On,Human,38.5,44.3,47.0,8.4,15.0,8.2,0,-345.0,-380.1,1,,,,,
2026-03-19 13:05:00,LivingRoom_Fan_1,Smart Ceiling Fan,Fan Speed,High,Human,38.2,42.7,40.0,11.9,18.0,7.3,0,-344.0,-381.1,1,,,,,
2026-03-19 17:54:00,LivingRoom_Fan_1,Smart Ceiling Fan,Power State,Off,Human,35.1,46.3,52.0,11.5,17.0,11.1,0,-55.0,-670.1,1,,,,,
2026-03-19 18:00:00,LivingRoom_LED_1,Smart LED Bulb,Brightness,50,Automation,35.7,46.5,35.0,8.5,21.0,0.0,0,-49.0,-676.1,1,,,,,
2026-03-19 18:45:57,LivingRoom_Blinds_1,Smart Blinds / Shades,Open/Close Percentage,0,Human,30.1,37.0,45.0,14.9,16.0,0.0,0,-3.0,-720.0,1,,,,,
2026-03-19 18:53:57,LivingRoom_LED_1,Smart LED Bulb,Power State,On,Human,39.3,43.8,54.0,6.4,20.0,0.0,0,5.0,-720.0,0,,,,,
2026-03-19 18:54:57,LivingRoom_LED_1,Smart LED Bulb,Brightness,60,Human,38.7,36.4,43.0,14.2,7.0,0.0,0,6.0,-720.0,0,,,,,
2026-03-19 18:55:57,LivingRoom_LED_1,Smart LED Bulb,Color Temperature,2700,Human,33.4,39.6,36.0,12.0,20.0,0.0,0,7.0,-720.0,0,,,,,
2026-03-19 19:38:57,TV_Plug_1,Smart Plug / Outlet,Switch State,On,Human,34.0,38.3,39.0,19.0,8.0,0.0,0,50.0,-720.0,0,,,,,
2026-03-19 21:56:00,Bedroom_LED_2,Smart LED Bulb,Power State,On,Human,44.8,43.2,49.0,10.9,15.0,0.0,0,187.0,-720.0,0,,,,,
2026-03-19 21:57:00,Bedroom_LED_2,Smart LED Bulb,Brightness,30,Human,37.3,40.0,39.0,10.8,11.0,0.0,0,188.0,-720.0,0,,,,,
2026-03-19 21:58:00,Bedroom_LED_2,Smart LED Bulb,Color Temperature,2700,Human,37.7,48.2,54.0,17.2,10.0,0.0,0,189.0,-720.0,0,,,,,
2026-03-19 22:19:00,Bedroom_AC_2,Smart Air Conditioner,Target Temperature,19,Human,34.3,42.5,36.0,8.6,15.0,0.0,0,210.0,-720.0,0,,,,,
2026-03-19 22:20:00,Bedroom_AC_2,Smart Air Conditioner,Operation Mode,Cool,Human,34.6,43.2,35.0,24.3,13.0,0.0,0,211.0,-720.0,0,,,,,
2026-03-19 22:36:00,FrontDoor_Cam_1,Security Camera,Privacy Mode,Disabled,Human,35.2,40.9,35.0,11.0,13.0,0.0,0,227.0,-720.0,0,,,,,
2026-03-19 23:02:00,LivingRoom_LED_1,Smart LED Bulb,Power State,Off,Human,38.8,47.1,35.0,10.6,24.0,0.0,0,253.0,-720.0,0,,,,,
2026-03-19 23:04:00,TV_Plug_1,Smart Plug / Outlet,Switch State,Off,Human,38.0,38.6,55.0,13.6,18.0,0.0,0,255.0,-720.0,0,,,,,
2026-03-19 23:05:00,Bedroom_Plug_1,Smart Plug / Outlet,Switch State,Off,Human,35.4,41.3,45.0,21.0,12.0,0.0,0,256.0,-720.0,0,,,,,
2026-03-20 06:39:00,Garden_Irrigation_1,Smart Irrigation Controller,Zone 1 State,On,Human,38.3,40.7,40.0,9.8,5.0,0.0,0,-720.0,4.0,0,,,,,
2026-03-20 06:59:00,LivingRoom_AC_1,Smart Air Conditioner,Target Temperature,21,Human,34.3,41.4,38.0,18.8,15.0,0.0,0,-710.2,-16.0,1,,,,,
2026-03-20 07:00:00,LivingRoom_AC_1,Smart Air Conditioner,Operation Mode,Cool,Human,33.6,44.4,42.0,11.4,12.0,0.0,0,-709.2,-17.0,1,,,,,
2026-03-20 07:01:00,LivingRoom_AC_1,Smart Air Conditioner,Fan Speed,Low,Human,34.9,43.7,38.0,14.6,12.0,0.0,0,-708.2,-18.0,1,,,,,
2026-03-20 07:12:01,LivingRoom_Blinds_1,Smart Blinds / Shades,Open/Close Percentage,83,Human,39.4,42.6,47.0,21.2,22.0,0.0,0,-697.2,-29.0,1,,,,,
2026-03-20 07:53:00,Kitchen_Speaker_1,Smart Speaker / Receiver,Playback State,Play,Human,35.7,37.3,47.0,11.6,15.0,0.0,0,-656.2,-70.0,1,,,,,
2026-03-20 07:54:00,Kitchen_Speaker_1,Smart Speaker / Receiver,Volume Level,40,Human,34.9,42.6,45.0,13.6,10.0,0.0,0,-655.2,-71.0,1,,,,,
2026-03-20 09:08:00,Kitchen_Speaker_1,Smart Speaker / Receiver,Playback State,Stop,Human,35.7,34.5,44.0,16.0,21.0,9.5,0,-581.2,-145.0,1,,,,,
2026-03-20 12:00:00,LivingRoom_AC_1,Smart Air Conditioner,Target Temperature,26,Automation,34.1,44.4,39.0,16.8,21.0,10.5,0,-409.2,-317.0,1,,,,,
2026-03-20 12:57:00,LivingRoom_Fan_1,Smart Ceiling Fan,Power State,On,Human,35.3,40.0,44.0,15.8,19.0,9.2,0,-352.2,-374.0,1,,,,,
2026-03-20 12:58:00,LivingRoom_Fan_1,Smart Ceiling Fan,Fan Speed,Med,Human,35.6,41.7,49.0,22.8,16.0,10.2,0,-351.2,-375.0,1,,,,,
2026-03-20 18:00:00,LivingRoom_Fan_1,Smart Ceiling Fan,Power State,Off,Human,37.7,43.8,39.0,16.4,19.0,0.0,0,-49.2,-677.0,1,,,,,
2026-03-20 18:47:12,LivingRoom_Blinds_1,Smart Blinds / Shades,Open/Close Percentage,0,Human,42.5,41.6,40.0,21.8,19.0,0.0,0,-2.0,-720.0,1,,,,,
2026-03-20 19:08:12,LivingRoom_LED_1,Smart LED Bulb,Power State,On,Human,41.9,40.2,38.0,10.0,15.0,0.0,0,19.0,-720.0,0,,,,,
2026-03-20 19:09:12,LivingRoom_LED_1,Smart LED Bulb,Brightness,70,Human,37.3,45.0,53.0,4.3,22.0,0.0,0,20.0,-720.0,0,,,,,
2026-03-20 19:10:12,LivingRoom_LED_1,Smart LED Bulb,Color Temperature,3000,Human,37.8,43.1,56.0,9.4,19.0,0.0,0,21.0,-720.0,0,,,,,
2026-03-20 19:33:12,TV_Plug_1,Smart Plug / Outlet,Switch State,On,Human,35.0,40.4,53.0,16.6,21.0,0.0,0,44.0,-720.0,0,,,,,
2026-03-20 22:08:00,Bedroom_LED_2,Smart LED Bulb,Power State,On,Human,36.5,44.0,41.0,7.2,6.0,0.0,0,198.8,-720.0,0,,,,,
2026-03-20 22:09:00,Bedroom_LED_2,Smart LED Bulb,Brightness,40,Human,34.8,36.9,35.0,11.0,20.0,0.0,0,199.8,-720.0,0,,,,,
2026-03-20 22:10:00,Bedroom_LED_2,Smart LED Bulb,Color Temperature,3000,Human,36.1,47.4,41.0,12.0,12.0,0.0,0,200.8,-720.0,0,,,,,
2026-03-20 22:21:00,Bedroom_AC_2,Smart Air Conditioner,Target Temperature,19,Human,36.9,40.9,44.0,17.1,19.0,0.0,0,211.8,-720.0,0,,,,,
2026-03-20 22:22:00,Bedroom_AC_2,Smart Air Conditioner,Operation Mode,Cool,Human,35.0,45.9,41.0,17.2,22.0,0.0,0,212.8,-720.0,0,,,,,
2026-03-20 22:39:00,FrontDoor_Cam_1,Security Camera,Privacy Mode,Disabled,Human,33.2,39.5,57.0,10.5,10.0,0.0,0,229.8,-720.0,0,,,,,
2026-03-20 22:59:00,LivingRoom_LED_1,Smart LED Bulb,Power State,Off,Human,37.6,34.9,48.0,24.3,16.0,0.0,0,249.8,-720.0,0,,,,,
2026-03-20 23:01:00,TV_Plug_1,Smart Plug / Outlet,Switch State,Off,Human,38.9,43.4,57.0,18.4,24.0,0.0,0,251.8,-720.0,0,,,,,
2026-03-20 23:02:00,Bedroom_Plug_1,Smart Plug / Outlet,Switch State,Off,Human,40.1,36.9,49.0,8.7,9.0,0.0,0,252.8,-720.0,0,,,,,
2026-03-21 06:31:00,Garden_Irrigation_1,Smart Irrigation Controller,Zone 1 State,On,Human,30.8,43.8,35.0,13.5,5.0,0.0,0,-720.0,11.2,0,,,,,
2026-03-21 09:06:00,Hallway_Vacuum_1,Robot Vacuum,Cleaning State,Clean,Human,38.5,41.6,42.0,18.8,11.0,7.9,0,-583.5,-143.8,1,,,,,
2026-03-21 09:07:00,Hallway_Vacuum_1,Robot Vacuum,Suction Power,Standard,Human,35.3,45.9,44.0,12.1,7.0,7.9,0,-582.5,-144.8,1,,,,,
2026-03-21 12:00:00,LivingRoom_AC_1,Smart Air Conditioner,Target Temperature,26,Automation,31.3,44.6,51.0,12.0,13.0,7.7,0,-409.5,-317.8,1,,,,,
2026-03-21 12:43:00,LivingRoom_Fan_1,Smart Ceiling Fan,Power State,On,Human,35.6,46.2,50.0,9.8,21.0,9.7,0,-366.5,-360.8,1,,,,,
2026-03-21 12:44:00,LivingRoom_Fan_1,Smart Ceiling Fan,Fan Speed,Med,Human,35.0,41.3,39.0,14.6,15.0,7.6,0,-365.5,-361.8,1,,,,,
2026-03-21 14:46:00,LivingRoom_AC_1,Smart Air Conditioner,Target Temperature,21,Human,32.3,40.7,45.0,4.3,21.0,8.5,0,-243.5,-483.8,1,,,,,
2026-03-21 14:47:00,LivingRoom_AC_1,Smart Air Conditioner,Operation Mode,Fan,Human,39.4,42.4,57.0,11.0,18.0,10.3,0,-242.5,-484.8,1,,,,,
2026-03-21 18:04:00,LivingRoom_Fan_1,Smart Ceiling Fan,Power State,Off,Human,31.6,40.8,43.0,17.1,9.0,0.0,0,-45.5,-681.8,1,,,,,
2026-03-21 18:56:27,LivingRoom_LED_1,Smart LED Bulb,Power State,On,Human,32.0,45.6,51.0,22.6,12.0,0.0,0,7.0,-720.0,0,,,,,
2026-03-21 18:57:27,LivingRoom_LED_1,Smart LED Bulb,Brightness,70,Human,36.5,47.9,46.0,7.5,19.0,0.0,0,8.0,-720.0,0,,,,,
2026-03-21 18:58:27,LivingRoom_LED_1,Smart LED Bulb,Color Temperature,3000,Human,39.6,43.4,48.0,13.6,17.0,0.0,0,9.0,-720.0,0,,,,,
2026-03-21 19:35:27,TV_Plug_1,Smart Plug / Outlet,Switch State,On,Human,35.0,39.2,48.0,15.0,20.0,0.0,0,46.0,-720.0,0,,,,,
2026-03-21 21:59:00,Bedroom_LED_2,Smart LED Bulb,Power State,On,Human,42.5,40.6,42.0,22.1,11.0,0.0,0,189.5,-720.0,0,,,,,
2026-03-21 22:00:00,Bedroom_LED_2,Smart LED Bulb,Brightness,50,Human,45.7,39.8,39.0,15.5,8.0,0.0,0,190.5,-720.0,0,,,,,
2026-03-21 22:01:00,Bedroom_LED_2,Smart LED Bulb,Color Temperature,2700,Human,35.5,39.4,50.0,17.7,13.0,0.0,0,191.5,-720.0,0,,,,,
2026-03-21 22:24:00,Bedroom_AC_2,Smart Air Conditioner,Target Temperature,19,Human,40.3,48.5,55.0,11.1,14.0,0.0,0,214.5,-720.0,0,,,,,
2026-03-21 22:25:00,Bedroom_AC_2,Smart Air Conditioner,Operation Mode,Fan,Human,34.4,46.8,54.0,8.0,6.0,0.0,0,215.5,-720.0,0,,,,,
2026-03-21 22:49:00,FrontDoor_Cam_1,Security Camera,Privacy Mode,Enabled,Human,43.6,39.0,38.0,20.9,17.0,0.0,0,239.5,-720.0,0,,,,,
2026-03-21 23:09:00,LivingRoom_LED_1,Smart LED Bulb,Power State,Off,Human,41.5,40.9,38.0,4.3,19.0,0.0,0,259.5,-720.0,0,,,,,
2026-03-21 23:11:00,TV_Plug_1,Smart Plug / Outlet,Switch State,Off,Human,37.8,43.0,45.0,13.5,17.0,0.0,0,261.5,-720.0,0,,,,,
2026-03-21 23:12:00,Bedroom_Plug_1,Smart Plug / Outlet,Switch State,Off,Human,35.7,42.5,42.0,20.0,15.0,0.0,0,262.5,-720.0,0,,,,,
2026-03-22 06:24:00,Garden_Irrigation_1,Smart Irrigation Controller,Zone 1 State,On,Human,35.7,46.2,55.0,11.8,18.0,0.0,0,-720.0,17.3,0,,,,,
2026-03-22 13:01:00,LivingRoom_Fan_1,Smart Ceiling Fan,Power State,On,Human,31.8,43.1,48.0,4.3,24.0,7.6,0,-348.7,-379.7,1,,,,,
2026-03-22 13:02:00,LivingRoom_Fan_1,Smart Ceiling Fan,Fan Speed,High,Human,39.0,43.9,47.0,16.3,12.0,11.3,0,-347.7,-380.7,1,,,,,
2026-03-22 14:14:00,LivingRoom_AC_1,Smart Air Conditioner,Target Temperature,19,Human,40.0,39.7,45.0,13.6,14.0,7.1,0,-275.7,-452.7,1,,,,,
2026-03-22 14:15:00,LivingRoom_AC_1,Smart Air Conditioner,Operation Mode,Cool,Human,35.6,41.1,37.0,12.3,22.0,11.7,0,-274.7,-453.7,1,,,,,
2026-03-22 17:48:00,LivingRoom_Fan_1,Smart Ceiling Fan,Power State,Off,Human,39.9,43.5,37.0,12.7,12.0,11.6,0,-61.7,-666.7,1,,,,,
2026-03-22 18:54:42,LivingRoom_LED_1,Smart LED Bulb,Power State,On,Human,33.4,46.9,49.0,14.2,24.0,0.0,0,5.0,-720.0,0,,,,,
2026-03-22 18:55:42,LivingRoom_LED_1,Smart LED Bulb,Brightness,65,Human,31.9,46.6,54.0,19.1,19.0,0.0,0,6.0,-720.0,0,,,,,
2026-03-22 18:56:42,LivingRoom_LED_1,Smart LED Bulb,Color Temperature,2700,Human,38.9,36.5,42.0,16.8,15.0,0.0,0,7.0,-720.0,0,,,,,
2026-03-22 19:40:42,TV_Plug_1,Smart Plug / Outlet,Switch State,On,Human,33.3,38.8,39.0,21.3,5.0,0.0,0,51.0,-720.0,0,,,,,
2026-03-22 21:57:00,Bedroom_LED_2,Smart LED Bulb,Power State,On,Human,36.3,40.8,52.0,4.1,5.0,0.0,0,187.3,-720.0,0,,,,,
2026-03-22 21:58:00,Bedroom_LED_2,Smart LED Bulb,Brightness,50,Human,35.6,43.3,39.0,10.4,17.0,0.0,0,188.3,-720.0,0,,,,,
2026-03-22 21:59:00,Bedroom_LED_2,Smart LED Bulb,Color Temperature,2700,Human,33.4,43.1,35.0,19.6,9.0,0.0,0,189.3,-720.0,0,,,,,
2026-03-22 22:40:00,Bedroom_AC_2,Smart Air Conditioner,Target Temperature,19,Human,31.4,38.2,51.0,5.2,13.0,0.0,0,230.3,-720.0,0,,,,,
2026-03-22 22:41:00,Bedroom_AC_2,Smart Air Conditioner,Operation Mode,Cool,Human,34.1,45.9,39.0,19.0,16.0,0.0,0,231.3,-720.0,0,,,,,
2026-03-22 22:53:00,LivingRoom_LED_1,Smart LED Bulb,Power State,Off,Human,36.8,37.3,39.0,11.5,12.0,0.0,0,243.3,-720.0,0,,,,,
2026-03-22 22:53:00,FrontDoor_Cam_1,Security Camera,Privacy Mode,Disabled,Human,29.3,40.4,37.0,9.6,7.0,0.0,0,243.3,-720.0,0,,,,,
2026-03-22 22:55:00,TV_Plug_1,Smart Plug / Outlet,Switch State,Off,Human,40.3,46.2,56.0,22.5,24.0,0.0,0,245.3,-720.0,0,,,,,
2026-03-22 22:56:00,Bedroom_Plug_1,Smart Plug / Outlet,Switch State,Off,Human,39.4,41.3,49.0,15.9,24.0,0.0,0,246.3,-720.0,0,,,,,
2026-03-23 06:21:00,Garden_Irrigation_1,Smart Irrigation Controller,Zone 1 State,On,Human,41.5,44.1,47.0,21.1,13.0,0.0,0,-720.0,19.5,0,,,,,
2026-03-23 06:53:29,LivingRoom_Blinds_1,Smart Blinds / Shades,Open/Close Percentage,92,Human,31.3,41.3,49.0,1.6,8.0,0.0,0,-716.5,-13.0,1,,,,,
2026-03-23 06:59:00,LivingRoom_AC_1,Smart Air Conditioner,Target Temperature,21,Human,31.6,40.9,40.0,6.4,17.0,0.0,0,-711.0,-18.5,1,,,,,
2026-03-23 07:00:00,LivingRoom_AC_1,Smart Air Conditioner,Operation Mode,Cool,Human,37.5,44.5,42.0,19.9,12.0,0.0,0,-710.0,-19.5,1,,,,,
2026-03-23 07:01:00,LivingRoom_AC_1,Smart Air Conditioner,Fan Speed,Med,Human,36.2,44.0,50.0,10.8,19.0,0.0,0,-709.0,-20.5,1,,,,,
2026-03-23 08:09:00,Kitchen_Speaker_1,Smart Speaker / Receiver,Playback State,Play,Human,35.9,44.1,35.0,11.5,10.0,10.6,0,-641.0,-88.5,1,,,,,
2026-03-23 08:10:00,Kitchen_Speaker_1,Smart Speaker / Receiver,Volume Level,30,Human,38.5,42.4,36.0,16.8,21.0,9.1,0,-640.0,-89.5,1,,,,,
2026-03-23 08:53:00,Kitchen_Speaker_1,Smart Speaker / Receiver,Playback State,Stop,Human,38.2,42.5,52.0,18.0,7.0,10.7,0,-597.0,-132.5,1,,,,,
2026-03-23 12:56:00,LivingRoom_Fan_1,Smart Ceiling Fan,Power State,On,Human,34.5,42.3,36.0,18.9,17.0,8.2,0,-354.0,-375.5,1,,,,,
2026-03-23 12:57:00,LivingRoom_Fan_1,Smart Ceiling Fan,Fan Speed,High,Human,39.7,43.3,44.0,18.9,17.0,11.8,0,-353.0,-376.5,1,,,,,
2026-03-23 17:54:00,LivingRoom_Fan_1,Smart Ceiling Fan,Power State,Off,Human,36.1,41.2,41.0,13.3,17.0,9.2,0,-56.0,-673.5,1,,,,,
2026-03-23 18:35:57,LivingRoom_Blinds_1,Smart Blinds / Shades,Open/Close Percentage,0,Human,38.4,44.9,37.0,9.2,13.0,0.0,0,-14.0,-715.5,1,,,,,
2026-03-23 19:02:57,LivingRoom_LED_1,Smart LED Bulb,Power State,On,Human,37.5,41.4,54.0,15.0,24.0,0.0,0,13.0,-720.0,0,,,,,
2026-03-23 19:03:57,LivingRoom_LED_1,Smart LED Bulb,Brightness,75,Human,38.1,44.9,55.0,11.5,7.0,0.0,0,14.0,-720.0,0,,,,,
2026-03-23 19:04:57,LivingRoom_LED_1,Smart LED Bulb,Color Temperature,3000,Human,38.0,39.2,50.0,14.9,11.0,0.0,0,15.0,-720.0,0,,,,,
2026-03-23 19:21:57,TV_Plug_1,Smart Plug / Outlet,Switch State,On,Human,34.3,44.8,56.0,18.1,23.0,0.0,0,32.0,-720.0,0,,,,,
2026-03-23 22:01:00,Bedroom_LED_2,Smart LED Bulb,Power State,On,Human,34.9,44.9,51.0,1.1,19.0,0.0,0,191.0,-720.0,0,,,,,
2026-03-23 22:02:00,Bedroom_LED_2,Smart LED Bulb,Brightness,30,Human,30.5,38.6,37.0,20.1,13.0,0.0,0,192.0,-720.0,0,,,,,
2026-03-23 22:03:00,Bedroom_LED_2,Smart LED Bulb,Color Temperature,2700,Human,38.0,43.5,47.0,19.5,7.0,0.0,0,193.0,-720.0,0,,,,,
2026-03-23 22:28:00,Bedroom_AC_2,Smart Air Conditioner,Target Temperature,19,Human,34.1,45.3,36.0,11.0,19.0,0.0,0,218.0,-720.0,0,,,,,
2026-03-23 22:29:00,Bedroom_AC_2,Smart Air Conditioner,Operation Mode,Cool,Human,36.0,38.9,51.0,16.2,13.0,0.0,0,219.0,-720.0,0,,,,,
2026-03-23 22:40:00,FrontDoor_Cam_1,Security Camera,Privacy Mode,Disabled,Human,30.1,43.7,53.0,20.9,7.0,0.0,0,230.0,-720.0,0,,,,,
2026-03-23 23:06:00,LivingRoom_LED_1,Smart LED Bulb,Power State,Off,Human,38.6,38.3,39.0,7.3,9.0,0.0,0,256.0,-720.0,0,,,,,
2026-03-23 23:08:00,TV_Plug_1,Smart Plug / Outlet,Switch State,Off,Human,38.1,39.3,50.0,12.4,24.0,0.0,0,258.0,-720.0,0,,,,,
2026-03-23 23:09:00,Bedroom_Plug_1,Smart Plug / Outlet,Switch State,Off,Human,35.3,40.7,53.0,19.9,20.0,0.0,0,259.0,-720.0,0,,,,,
2026-03-24 06:29:00,Garden_Irrigation_1,Smart Irrigation Controller,Zone 1 State,On,Human,39.3,41.0,55.0,9.0,17.0,0.0,0,-720.0,10.6,0,,,,,
2026-03-24 06:51:38,LivingRoom_Blinds_1,Smart Blinds / Shades,Open/Close Percentage,93,Human,31.4,45.2,48.0,11.0,16.0,0.0,0,-718.6,-12.0,1,,,,,
2026-03-24 07:03:00,LivingRoom_AC_1,Smart Air Conditioner,Target Temperature,20,Human,34.4,44.4,49.0,15.6,21.0,0.0,0,-707.2,-23.4,1,,,,,
2026-03-24 07:04:00,LivingRoom_AC_1,Smart Air Conditioner,Operation Mode,Cool,Human,37.9,46.6,52.0,8.7,7.0,0.0,0,-706.2,-24.4,1,,,,,
2026-03-24 07:05:00,LivingRoom_AC_1,Smart Air Conditioner,Fan Speed,High,Human,35.5,48.0,56.0,13.4,19.0,0.0,0,-705.2,-25.4,1,,,,,
2026-03-24 08:01:00,Kitchen_Speaker_1,Smart Speaker / Receiver,Playback State,Play,Human,39.2,44.8,40.0,11.7,7.0,9.8,0,-649.2,-81.4,1,,,,,
2026-03-24 08:02:00,Kitchen_Speaker_1,Smart Speaker / Receiver,Volume Level,40,Human,40.5,44.3,55.0,3.7,12.0,11.9,0,-648.2,-82.4,1,,,,,
2026-03-24 09:05:00,Kitchen_Speaker_1,Smart Speaker / Receiver,Playback State,Stop,Human,39.3,41.1,49.0,22.0,20.0,7.9,0,-585.2,-145.4,1,,,,,
2026-03-24 12:40:00,LivingRoom_Fan_1,Smart Ceiling Fan,Power State,On,Human,31.6,39.2,53.0,16.8,12.0,8.3,0,-370.2,-360.4,1,,,,,
2026-03-24 12:41:00,LivingRoom_Fan_1,Smart Ceiling Fan,Fan Speed,High,Human,39.0,44.9,56.0,10.5,13.0,8.9,0,-369.2,-361.4,1,,,,,
2026-03-24 17:48:00,LivingRoom_Fan_1,Smart Ceiling Fan,Power State,Off,Human,35.2,45.5,49.0,8.1,9.0,7.3,0,-62.2,-668.4,1,,,,,
2026-03-24 18:39:12,LivingRoom_Blinds_1,Smart Blinds / Shades,Open/Close Percentage,0,Human,33.4,41.8,48.0,8.7,10.0,0.0,0,-11.0,-719.6,1,,,,,
2026-03-24 18:58:12,LivingRoom_LED_1,Smart LED Bulb,Power State,On,Human,36.5,40.3,39.0,15.5,12.0,0.0,0,8.0,-720.0,0,,,,,
2026-03-24 18:59:12,LivingRoom_LED_1,Smart LED Bulb,Brightness,75,Human,40.1,39.3,56.0,20.6,17.0,0.0,0,9.0,-720.0,0,,,,,
2026-03-24 19:00:12,LivingRoom_LED_1,Smart LED Bulb,Color Temperature,2700,Human,36.4,45.3,53.0,8.5,7.0,0.0,0,10.0,-720.0,0,,,,,
2026-03-24 19:32:12,TV_Plug_1,Smart Plug / Outlet,Switch State,On,Human,35.4,44.9,57.0,9.7,10.0,0.0,0,42.0,-720.0,0,,,,,
2026-03-24 22:09:00,Bedroom_LED_2,Smart LED Bulb,Power State,On,Human,32.3,51.7,55.0,13.6,17.0,0.0,0,198.8,-720.0,0,,,,,
2026-03-24 22:10:00,Bedroom_LED_2,Smart LED Bulb,Brightness,40,Human,35.2,39.4,39.0,15.1,12.0,0.0,0,199.8,-720.0,0,,,,,
2026-03-24 22:11:00,Bedroom_LED_2,Smart LED Bulb,Color Temperature,3000,Human,38.7,46.5,48.0,15.1,20.0,0.0,0,200.8,-720.0,0,,,,,
2026-03-24 22:18:00,Bedroom_AC_2,Smart Air Conditioner,Target Temperature,19,Human,35.2,45.7,43.0,10.9,20.0,0.0,0,207.8,-720.0,0,,,,,
2026-03-24 22:19:00,Bedroom_AC_2,Smart Air Conditioner,Operation Mode,Fan,Human,33.3,41.7,53.0,18.3,13.0,0.0,0,208.8,-720.0,0,,,,,
2026-03-24 22:39:00,FrontDoor_Cam_1,Security Camera,Privacy Mode,Enabled,Human,41.6,41.8,54.0,1.4,17.0,0.0,0,228.8,-720.0,0,,,,,
2026-03-24 22:45:00,LivingRoom_LED_1,Smart LED Bulb,Power State,Off,Human,30.2,41.0,39.0,13.0,18.0,0.0,0,234.8,-720.0,0,,,,,
2026-03-24 22:47:00,TV_Plug_1,Smart Plug / Outlet,Switch State,Off,Human,39.5,37.5,40.0,21.6,20.0,0.0,0,236.8,-720.0,0,,,,,
2026-03-24 22:48:00,Bedroom_Plug_1,Smart Plug / Outlet,Switch State,Off,Human,32.6,43.1,52.0,14.3,14.0,0.0,0,237.8,-720.0,0,,,,,
2026-03-25 06:37:00,Garden_Irrigation_1,Smart Irrigation Controller,Zone 1 State,On,Human,39.7,42.7,35.0,12.7,6.0,0.0,0,-720.0,1.8,0,,,,,
2026-03-25 07:02:47,LivingRoom_Blinds_1,Smart Blinds / Shades,Open/Close Percentage,97,Human,36.3,40.8,49.0,18.9,14.0,0.0,0,-707.7,-24.0,1,,,,,
2026-03-25 07:11:00,LivingRoom_AC_1,Smart Air Conditioner,Target Temperature,19,Human,36.9,36.2,54.0,16.0,15.0,0.0,0,-699.4,-32.2,1,,,,,
2026-03-25 07:12:00,LivingRoom_AC_1,Smart Air Conditioner,Operation Mode,Cool,Human,35.0,40.8,36.0,6.5,23.0,0.0,0,-698.4,-33.2,1,,,,,
2026-03-25 07:13:00,LivingRoom_AC_1,Smart Air Conditioner,Fan Speed,High,Human,34.3,42.1,37.0,18.6,19.0,0.0,0,-697.4,-34.2,1,,,,,
2026-03-25 07:58:00,Kitchen_Speaker_1,Smart Speaker / Receiver,Playback State,Play,Human,37.7,41.8,50.0,11.7,22.0,0.0,0,-652.4,-79.2,1,,,,,
2026-03-25 07:59:00,Kitchen_Speaker_1,Smart Speaker / Receiver,Volume Level,30,Human,31.8,42.1,44.0,9.5,14.0,0.0,0,-651.4,-80.2,1,,,,,
2026-03-25 08:53:00,Kitchen_Speaker_1,Smart Speaker / Receiver,Playback State,Stop,Human,37.3,41.6,41.0,12.2,19.0,10.4,0,-597.4,-134.2,1,,,,,
2026-03-25 13:00:00,LivingRoom_Fan_1,Smart Ceiling Fan,Power State,On,Human,42.5,42.0,42.0,2.9,20.0,8.1,0,-350.4,-381.2,1,,,,,
2026-03-25 13:01:00,LivingRoom_Fan_1,Smart Ceiling Fan,Fan Speed,Med,Human,38.1,44.5,40.0,11.3,9.0,8.7,0,-349.4,-382.2,1,,,,,
2026-03-25 18:02:00,LivingRoom_Fan_1,Smart Ceiling Fan,Power State,Off,Human,37.2,37.9,47.0,8.1,18.0,0.0,0,-48.4,-683.2,1,,,,,
2026-03-25 18:43:26,LivingRoom_Blinds_1,Smart Blinds / Shades,Open/Close Percentage,0,Human,34.6,43.1,43.0,13.9,7.0,0.0,0,-7.0,-720.0,1,,,,,
2026-03-25 18:56:26,LivingRoom_LED_1,Smart LED Bulb,Power State,On,Human,36.0,43.0,41.0,10.0,13.0,0.0,0,6.0,-720.0,0,,,,,
2026-03-25 18:57:26,LivingRoom_LED_1,Smart LED Bulb,Brightness,70,Human,36.3,38.3,38.0,5.7,24.0,0.0,0,7.0,-720.0,0,,,,,
2026-03-25 18:58:26,LivingRoom_LED_1,Smart LED Bulb,Color Temperature,3000,Human,36.2,47.1,56.0,17.4,6.0,0.0,0,8.0,-720.0,0,,,,,
2026-03-25 19:46:26,TV_Plug_1,Smart Plug / Outlet,Switch State,On,Human,40.5,42.7,56.0,10.7,13.0,0.0,0,56.0,-720.0,0,,,,,
2026-03-25 21:52:00,Bedroom_LED_2,Smart LED Bulb,Power State,On,Human,38.9,41.3,48.0,8.2,19.0,0.0,0,181.6,-720.0,0,,,,,
2026-03-25 21:53:00,Bedroom_LED_2,Smart LED Bulb,Brightness,50,Human,36.7,43.5,42.0,10.8,24.0,0.0,0,182.6,-720.0,0,,,,,
2026-03-25 21:54:00,Bedroom_LED_2,Smart LED Bulb,Color Temperature,2700,Human,37.4,42.6,36.0,7.0,23.0,0.0,0,183.6,-720.0,0,,,,,
2026-03-25 22:27:00,Bedroom_AC_2,Smart Air Conditioner,Target Temperature,19,Human,41.8,39.3,44.0,4.4,21.0,0.0,0,216.6,-720.0,0,,,,,
2026-03-25 22:28:00,Bedroom_AC_2,Smart Air Conditioner,Operation Mode,Cool,Human,41.2,44.2,35.0,11.7,19.0,0.0,0,217.6,-720.0,0,,,,,
2026-03-25 22:43:00,FrontDoor_Cam_1,Security Camera,Privacy Mode,Enabled,Human,34.6,43.2,48.0,21.5,11.0,0.0,0,232.6,-720.0,0,,,,,
2026-03-25 22:58:00,LivingRoom_LED_1,Smart LED Bulb,Power State,Off,Human,32.4,41.8,40.0,6.6,5.0,0.0,0,247.6,-720.0,0,,,,,
2026-03-25 23:00:00,TV_Plug_1,Smart Plug / Outlet,Switch State,Off,Human,38.0,35.0,35.0,12.1,5.0,0.0,0,249.6,-720.0,0,,,,,
2026-03-25 23:01:00,Bedroom_Plug_1,Smart Plug / Outlet,Switch State,Off,Human,39.1,43.9,39.0,2.4,17.0,0.0,0,250.6,-720.0,0,,,,,
2026-03-26 06:31:00,Garden_Irrigation_1,Smart Irrigation Controller,Zone 1 State,On,Human,36.5,38.8,57.0,18.9,11.0,0.0,0,-720.0,7.0,0,,,,,
2026-03-26 06:57:00,LivingRoom_AC_1,Smart Air Conditioner,Target Temperature,19,Human,32.8,45.2,51.0,2.3,6.0,0.0,0,-713.7,-19.0,1,,,,,
2026-03-26 06:58:00,LivingRoom_AC_1,Smart Air Conditioner,Operation Mode,Cool,Human,38.1,40.3,43.0,12.5,14.0,0.0,0,-712.7,-20.0,1,,,,,
2026-03-26 06:59:00,LivingRoom_AC_1,Smart Air Conditioner,Fan Speed,Med,Human,31.9,43.0,56.0,15.7,19.0,0.0,0,-711.7,-21.0,1,,,,,
2026-03-26 07:00:57,LivingRoom_Blinds_1,Smart Blinds / Shades,Open/Close Percentage,88,Human,32.0,45.4,46.0,6.4,21.0,0.0,0,-709.7,-23.0,1,,,,,
2026-03-26 07:50:00,Kitchen_Speaker_1,Smart Speaker / Receiver,Playback State,Play,Human,35.9,38.8,54.0,14.2,10.0,0.0,0,-660.7,-72.0,1,,,,,
2026-03-26 07:51:00,Kitchen_Speaker_1,Smart Speaker / Receiver,Volume Level,30,Human,38.3,42.4,47.0,10.1,19.0,0.0,0,-659.7,-73.0,1,,,,,
2026-03-26 09:03:00,Kitchen_Speaker_1,Smart Speaker / Receiver,Playback State,Stop,Human,34.3,42.6,50.0,12.8,9.0,11.2,0,-587.7,-145.0,1,,,,,
2026-03-26 13:16:00,LivingRoom_Fan_1,Smart Ceiling Fan,Power State,On,Human,38.8,36.5,57.0,9.8,10.0,8.6,0,-334.7,-398.0,1,,,,,
2026-03-26 13:17:00,LivingRoom_Fan_1,Smart Ceiling Fan,Fan Speed,High,Human,37.6,43.5,36.0,9.9,10.0,8.4,0,-333.7,-399.0,1,,,,,
2026-03-26 18:17:00,LivingRoom_Fan_1,Smart Ceiling Fan,Power State,Off,Human,35.6,45.8,52.0,5.8,5.0,0.0,0,-33.7,-699.0,1,,,,,
2026-03-26 18:43:41,LivingRoom_Blinds_1,Smart Blinds / Shades,Open/Close Percentage,0,Human,36.5,43.1,53.0,16.0,12.0,0.0,0,-7.0,-720.0,1,,,,,
2026-03-26 19:05:41,LivingRoom_LED_1,Smart LED Bulb,Power State,On,Human,33.8,45.5,35.0,18.9,9.0,0.0,0,15.0,-720.0,0,,,,,
2026-03-26 19:06:41,LivingRoom_LED_1,Smart LED Bulb,Brightness,65,Human,34.8,40.8,45.0,5.3,18.0,0.0,0,16.0,-720.0,0,,,,,
2026-03-26 19:07:41,LivingRoom_LED_1,Smart LED Bulb,Color Temperature,2700,Human,35.1,43.6,35.0,10.0,18.0,0.0,0,17.0,-720.0,0,,,,,
2026-03-26 19:48:41,TV_Plug_1,Smart Plug / Outlet,Switch State,On,Human,42.4,44.1,44.0,6.8,22.0,0.0,0,58.0,-720.0,0,,,,,
2026-03-26 22:07:00,Bedroom_LED_2,Smart LED Bulb,Power State,On,Human,37.0,38.7,47.0,28.0,18.0,0.0,0,196.3,-720.0,0,,,,,
2026-03-26 22:08:00,Bedroom_LED_2,Smart LED Bulb,Brightness,40,Human,34.6,40.9,47.0,14.2,7.0,0.0,0,197.3,-720.0,0,,,,,
2026-03-26 22:09:00,Bedroom_LED_2,Smart LED Bulb,Color Temperature,2700,Human,34.9,46.1,48.0,13.8,20.0,0.0,0,198.3,-720.0,0,,,,,
2026-03-26 22:32:00,Bedroom_AC_2,Smart Air Conditioner,Target Temperature,19,Human,34.0,43.3,44.0,7.9,11.0,0.0,0,221.3,-720.0,0,,,,,
2026-03-26 22:33:00,Bedroom_AC_2,Smart Air Conditioner,Operation Mode,Fan,Human,36.6,38.8,49.0,17.0,11.0,0.0,0,222.3,-720.0,0,,,,,
2026-03-26 22:46:00,FrontDoor_Cam_1,Security Camera,Privacy Mode,Enabled,Human,38.0,42.7,43.0,18.1,18.0,0.0,0,235.3,-720.0,0,,,,,
2026-03-26 23:10:00,LivingRoom_LED_1,Smart LED Bulb,Power State,Off,Human,36.2,45.4,37.0,24.0,10.0,0.0,0,259.3,-720.0,0,,,,,
2026-03-26 23:12:00,TV_Plug_1,Smart Plug / Outlet,Switch State,Off,Human,33.8,42.1,52.0,9.6,17.0,0.0,0,261.3,-720.0,0,,,,,
2026-03-26 23:13:00,Bedroom_Plug_1,Smart Plug / Outlet,Switch State,Off,Human,41.3,42.4,41.0,19.1,11.0,0.0,0,262.3,-720.0,0,,,,,
2026-03-27 06:26:00,Garden_Irrigation_1,Smart Irrigation Controller,Zone 1 State,On,Human,31.3,44.2,49.0,19.6,13.0,0.0,0,-720.0,11.1,0,,,,,
2026-03-27 06:48:06,LivingRoom_Blinds_1,Smart Blinds / Shades,Open/Close Percentage,100,Human,38.0,37.1,52.0,8.7,13.0,0.0,0,-720.0,-11.0,1,,,,,
2026-03-27 07:10:00,LivingRoom_AC_1,Smart Air Conditioner,Target Temperature,19,Human,40.0,39.7,53.0,14.0,21.0,0.0,0,-700.9,-32.9,1,,,,,
2026-03-27 07:11:00,LivingRoom_AC_1,Smart Air Conditioner,Operation Mode,Cool,Human,42.2,46.3,51.0,8.6,13.0,0.0,0,-699.9,-33.9,1,,,,,
2026-03-27 07:12:00,LivingRoom_AC_1,Smart Air Conditioner,Fan Speed,Med,Human,39.6,43.2,42.0,16.3,13.0,0.0,0,-698.9,-34.9,1,,,,,
2026-03-27 08:09:00,Kitchen_Speaker_1,Smart Speaker / Receiver,Playback State,Play,Human,41.3,45.4,55.0,17.4,23.0,8.2,0,-641.9,-91.9,1,,,,,
2026-03-27 08:10:00,Kitchen_Speaker_1,Smart Speaker / Receiver,Volume Level,40,Human,41.4,45.3,48.0,18.3,18.0,7.3,0,-640.9,-92.9,1,,,,,
2026-03-27 09:05:00,Kitchen_Speaker_1,Smart Speaker / Receiver,Playback State,Stop,Human,36.8,41.2,53.0,17.7,18.0,10.8,0,-585.9,-147.9,1,,,,,
2026-03-27 12:58:00,LivingRoom_Fan_1,Smart Ceiling Fan,Power State,On,Human,36.0,40.4,57.0,15.0,8.0,10.9,0,-352.9,-380.9,1,,,,,
2026-03-27 12:59:00,LivingRoom_Fan_1,Smart Ceiling Fan,Fan Speed,Med,Human,31.5,39.8,35.0,12.0,16.0,8.1,0,-351.9,-381.9,1,,,,,
2026-03-27 18:02:00,LivingRoom_Fan_1,Smart Ceiling Fan,Power State,Off,Human,36.6,37.9,47.0,11.1,5.0,0.0,0,-48.9,-684.9,1,,,,,
2026-03-27 18:46:56,LivingRoom_Blinds_1,Smart Blinds / Shades,Open/Close Percentage,0,Human,38.6,38.9,48.0,15.2,18.0,0.0,0,-4.0,-720.0,1,,,,,
2026-03-27 18:58:56,LivingRoom_LED_1,Smart LED Bulb,Power State,On,Human,41.0,46.3,56.0,6.3,11.0,0.0,0,8.0,-720.0,0,,,,,
2026-03-27 18:59:56,LivingRoom_LED_1,Smart LED Bulb,Brightness,60,Human,36.2,38.1,51.0,13.2,7.0,0.0,0,9.0,-720.0,0,,,,,
2026-03-27 19:00:56,LivingRoom_LED_1,Smart LED Bulb,Color Temperature,3000,Human,33.5,38.4,37.0,16.8,11.0,0.0,0,10.0,-720.0,0,,,,,
2026-03-27 19:31:56,TV_Plug_1,Smart Plug / Outlet,Switch State,On,Human,35.4,41.3,35.0,16.4,18.0,0.0,0,41.0,-720.0,0,,,,,
2026-03-27 22:04:00,Bedroom_LED_2,Smart LED Bulb,Power State,On,Human,33.9,42.4,46.0,6.2,6.0,0.0,0,193.1,-720.0,0,,,,,
2026-03-27 22:05:00,Bedroom_LED_2,Smart LED Bulb,Brightness,30,Human,35.0,41.0,35.0,8.4,23.0,0.0,0,194.1,-720.0,0,,,,,
2026-03-27 22:06:00,Bedroom_LED_2,Smart LED Bulb,Color Temperature,2700,Human,38.1,46.1,47.0,11.1,22.0,0.0,0,195.1,-720.0,0,,,,,
2026-03-27 22:21:00,Bedroom_AC_2,Smart Air Conditioner,Target Temperature,19,Human,32.7,36.7,57.0,10.9,11.0,0.0,0,210.1,-720.0,0,,,,,
2026-03-27 22:22:00,Bedroom_AC_2,Smart Air Conditioner,Operation Mode,Cool,Human,35.5,42.6,42.0,14.2,7.0,0.0,0,211.1,-720.0,0,,,,,
2026-03-27 22:48:00,FrontDoor_Cam_1,Security Camera,Privacy Mode,Enabled,Human,35.4,41.7,46.0,11.9,14.0,0.0,0,237.1,-720.0,0,,,,,
2026-03-27 23:09:00,LivingRoom_LED_1,Smart LED Bulb,Power State,Off,Human,32.6,39.7,56.0,13.6,15.0,0.0,0,258.1,-720.0,0,,,,,
2026-03-27 23:11:00,TV_Plug_1,Smart Plug / Outlet,Switch State,Off,Human,36.8,43.2,36.0,13.0,17.0,0.0,0,260.1,-720.0,0,,,,,
2026-03-27 23:12:00,Bedroom_Plug_1,Smart Plug / Outlet,Switch State,Off,Human,30.7,43.8,55.0,21.4,23.0,0.0,0,261.1,-720.0,0,,,,,
2026-03-28 06:28:00,Garden_Irrigation_1,Smart Irrigation Controller,Zone 1 State,On,Human,32.9,42.3,50.0,15.5,18.0,0.0,0,-720.0,8.3,0,,,,,
2026-03-28 09:06:00,Hallway_Vacuum_1,Robot Vacuum,Cleaning State,Clean,Human,40.2,41.6,40.0,9.1,13.0,11.7,0,-585.2,-149.7,1,,,,,
2026-03-28 09:07:00,Hallway_Vacuum_1,Robot Vacuum,Suction Power,Max,Human,33.0,42.1,46.0,14.2,24.0,9.9,0,-584.2,-150.7,1,,,,,
2026-03-28 13:12:00,LivingRoom_Fan_1,Smart Ceiling Fan,Power State,On,Human,33.7,46.3,41.0,10.1,16.0,11.8,0,-339.2,-395.7,1,,,,,
2026-03-28 13:13:00,LivingRoom_Fan_1,Smart Ceiling Fan,Fan Speed,High,Human,42.6,41.5,57.0,16.6,15.0,10.3,0,-338.2,-396.7,1,,,,,
2026-03-28 14:27:00,LivingRoom_AC_1,Smart Air Conditioner,Target Temperature,19,Human,43.3,44.1,53.0,13.7,22.0,9.1,0,-264.2,-470.7,1,,,,,
2026-03-28 14:28:00,LivingRoom_AC_1,Smart Air Conditioner,Operation Mode,Cool,Human,38.4,41.8,45.0,13.4,24.0,8.5,0,-263.2,-471.7,1,,,,,
2026-03-28 17:55:00,LivingRoom_Fan_1,Smart Ceiling Fan,Power State,Off,Human,36.8,38.8,50.0,15.4,20.0,7.5,0,-56.2,-678.7,1,,,,,
2026-03-28 19:06:10,LivingRoom_LED_1,Smart LED Bulb,Power State,On,Human,36.4,46.8,39.0,8.1,8.0,0.0,0,15.0,-720.0,0,,,,,
2026-03-28 19:07:10,LivingRoom_LED_1,Smart LED Bulb,Brightness,70,Human,31.6,40.8,38.0,20.9,6.0,0.0,0,16.0,-720.0,0,,,,,
2026-03-28 19:08:10,LivingRoom_LED_1,Smart LED Bulb,Color Temperature,3500,Human,33.6,48.9,52.0,13.2,12.0,0.0,0,17.0,-720.0,0,,,,,
2026-03-28 19:24:10,TV_Plug_1,Smart Plug / Outlet,Switch State,On,Human,34.0,39.0,48.0,9.7,9.0,0.0,0,33.0,-720.0,0,,,,,
2026-03-28 21:53:00,Bedroom_LED_2,Smart LED Bulb,Power State,On,Human,38.4,40.8,56.0,13.9,18.0,0.0,0,181.8,-720.0,0,,,,,
2026-03-28 21:54:00,Bedroom_LED_2,Smart LED Bulb,Brightness,30,Human,38.6,37.6,56.0,13.7,16.0,0.0,0,182.8,-720.0,0,,,,,
2026-03-28 21:55:00,Bedroom_LED_2,Smart LED Bulb,Color Temperature,2700,Human,32.6,49.4,46.0,8.9,18.0,0.0,0,183.8,-720.0,0,,,,,
2026-03-28 22:38:00,FrontDoor_Cam_1,Security Camera,Privacy Mode,Disabled,Human,36.6,37.8,40.0,13.1,7.0,0.0,0,226.8,-720.0,0,,,,,
2026-03-28 22:44:00,Bedroom_AC_2,Smart Air Conditioner,Target Temperature,19,Human,38.1,45.5,45.0,19.4,18.0,0.0,0,232.8,-720.0,0,,,,,
2026-03-28 22:45:00,Bedroom_AC_2,Smart Air Conditioner,Operation Mode,Fan,Human,39.0,42.8,51.0,9.9,19.0,0.0,0,233.8,-720.0,0,,,,,
2026-03-28 23:12:00,LivingRoom_LED_1,Smart LED Bulb,Power State,Off,Human,33.2,41.9,36.0,14.2,17.0,0.0,0,260.8,-720.0,0,,,,,
2026-03-28 23:14:00,TV_Plug_1,Smart Plug / Outlet,Switch State,Off,Human,33.5,39.2,41.0,22.7,19.0,0.0,0,262.8,-720.0,0,,,,,
2026-03-28 23:15:00,Bedroom_Plug_1,Smart Plug / Outlet,Switch State,Off,Human,33.9,41.7,49.0,10.1,15.0,0.0,0,263.8,-720.0,0,,,,,
2026-03-29 06:24:00,Garden_Irrigation_1,Smart Irrigation Controller,Zone 1 State,On,Human,38.5,43.8,38.0,15.2,24.0,0.0,0,-720.0,11.4,0,,,,,
2026-03-29 13:16:00,LivingRoom_Fan_1,Smart Ceiling Fan,Power State,On,Human,36.6,39.5,36.0,15.5,16.0,12.0,0,-335.4,-400.6,1,,,,,
2026-03-29 13:17:00,LivingRoom_Fan_1,Smart Ceiling Fan,Fan Speed,Med,Human,36.8,42.6,38.0,24.7,13.0,11.2,0,-334.4,-401.6,1,,,,,
2026-03-29 14:20:00,LivingRoom_AC_1,Smart Air Conditioner,Target Temperature,21,Human,34.0,41.8,40.0,14.5,8.0,7.9,0,-271.4,-464.6,1,,,,,
2026-03-29 14:21:00,LivingRoom_AC_1,Smart Air Conditioner,Operation Mode,Cool,Human,34.9,43.8,43.0,19.6,15.0,11.8,0,-270.4,-465.6,1,,,,,
2026-03-29 17:56:00,LivingRoom_Fan_1,Smart Ceiling Fan,Power State,Off,Human,37.5,39.5,37.0,14.9,5.0,11.9,0,-55.4,-680.6,1,,,,,
2026-03-29 19:00:25,LivingRoom_LED_1,Smart LED Bulb,Power State,On,Human,34.9,45.6,44.0,7.0,19.0,0.0,0,9.0,-720.0,0,,,,,
2026-03-29 19:01:25,LivingRoom_LED_1,Smart LED Bulb,Brightness,60,Human,41.8,38.7,35.0,21.6,22.0,0.0,0,10.0,-720.0,0,,,,,
2026-03-29 19:02:25,LivingRoom_LED_1,Smart LED Bulb,Color Temperature,3500,Human,34.7,37.1,40.0,12.3,18.0,0.0,0,11.0,-720.0,0,,,,,
2026-03-29 19:33:25,TV_Plug_1,Smart Plug / Outlet,Switch State,On,Human,33.5,40.5,52.0,1.7,19.0,0.0,0,42.0,-720.0,0,,,,,
2026-03-29 22:08:00,Bedroom_LED_2,Smart LED Bulb,Power State,On,Human,37.3,41.1,35.0,14.2,23.0,0.0,0,196.6,-720.0,0,,,,,
2026-03-29 22:09:00,Bedroom_LED_2,Smart LED Bulb,Brightness,50,Human,37.3,42.1,44.0,11.2,24.0,0.0,0,197.6,-720.0,0,,,,,
2026-03-29 22:10:00,Bedroom_LED_2,Smart LED Bulb,Color Temperature,2700,Human,36.4,41.8,39.0,18.7,15.0,0.0,0,198.6,-720.0,0,,,,,
2026-03-29 22:21:00,Bedroom_AC_2,Smart Air Conditioner,Target Temperature,19,Human,37.5,46.2,52.0,18.4,22.0,0.0,0,209.6,-720.0,0,,,,,
2026-03-29 22:22:00,Bedroom_AC_2,Smart Air Conditioner,Operation Mode,Cool,Human,34.0,42.1,48.0,18.6,13.0,0.0,0,210.6,-720.0,0,,,,,
2026-03-29 22:40:00,FrontDoor_Cam_1,Security Camera,Privacy Mode,Enabled,Human,31.0,40.1,53.0,14.8,14.0,0.0,0,228.6,-720.0,0,,,,,
2026-03-29 23:01:00,LivingRoom_LED_1,Smart LED Bulb,Power State,Off,Human,35.2,45.3,44.0,12.0,18.0,0.0,0,249.6,-720.0,0,,,,,
2026-03-29 23:03:00,TV_Plug_1,Smart Plug / Outlet,Switch State,Off,Human,36.2,38.3,39.0,21.7,15.0,0.0,0,251.6,-720.0,0,,,,,
2026-03-29 23:04:00,Bedroom_Plug_1,Smart Plug / Outlet,Switch State,Off,Human,38.8,41.3,38.0,7.0,23.0,0.0,0,252.6,-720.0,0,,,,,
2026-03-30 06:29:00,Garden_Irrigation_1,Smart Irrigation Controller,Zone 1 State,On,Human,30.5,37.6,53.0,9.3,17.0,0.0,0,-720.0,5.6,0,,,,,
2026-03-30 06:44:34,LivingRoom_Blinds_1,Smart Blinds / Shades,Open/Close Percentage,88,Human,31.7,42.6,55.0,18.5,21.0,0.0,0,-720.0,-10.0,1,,,,,
2026-03-30 07:09:00,LivingRoom_AC_1,Smart Air Conditioner,Target Temperature,20,Human,29.5,41.9,41.0,2.7,17.0,0.0,0,-702.7,-34.4,1,,,,,
2026-03-30 07:10:00,LivingRoom_AC_1,Smart Air Conditioner,Operation Mode,Cool,Human,32.3,39.3,54.0,15.3,24.0,0.0,0,-701.7,-35.4,1,,,,,
2026-03-30 07:11:00,LivingRoom_AC_1,Smart Air Conditioner,Fan Speed,Med,Human,42.5,42.9,46.0,14.3,13.0,0.0,0,-700.7,-36.4,1,,,,,
2026-03-30 07:59:00,Kitchen_Speaker_1,Smart Speaker / Receiver,Playback State,Play,Human,31.3,39.6,41.0,15.6,14.0,0.0,0,-652.7,-84.4,1,,,,,
2026-03-30 08:00:00,Kitchen_Speaker_1,Smart Speaker / Receiver,Volume Level,35,Human,39.0,43.0,49.0,15.5,5.0,8.7,0,-651.7,-85.4,1,,,,,
2026-03-30 08:55:00,Kitchen_Speaker_1,Smart Speaker / Receiver,Playback State,Stop,Human,38.2,46.0,43.0,17.2,14.0,7.1,0,-596.7,-140.4,1,,,,,
2026-03-30 12:37:00,LivingRoom_Fan_1,Smart Ceiling Fan,Power State,On,Human,37.1,44.7,40.0,14.8,19.0,10.2,0,-374.7,-362.4,1,,,,,
2026-03-30 12:38:00,LivingRoom_Fan_1,Smart Ceiling Fan,Fan Speed,Med,Human,34.3,43.3,35.0,13.4,14.0,10.8,0,-373.7,-363.4,1,,,,,
2026-03-30 17:44:00,LivingRoom_Fan_1,Smart Ceiling Fan,Power State,Off,Human,40.2,43.0,55.0,11.9,20.0,7.4,0,-67.7,-669.4,1,,,,,
2026-03-30 18:50:39,LivingRoom_Blinds_1,Smart Blinds / Shades,Open/Close Percentage,0,Human,27.8,44.1,41.0,18.6,7.0,0.0,0,-1.0,-720.0,1,,,,,
2026-03-30 19:04:39,LivingRoom_LED_1,Smart LED Bulb,Power State,On,Human,40.9,41.1,48.0,10.4,20.0,0.0,0,13.0,-720.0,0,,,,,
2026-03-30 19:05:39,LivingRoom_LED_1,Smart LED Bulb,Brightness,70,Human,32.8,41.2,38.0,16.1,18.0,0.0,0,14.0,-720.0,0,,,,,
2026-03-30 19:06:39,LivingRoom_LED_1,Smart LED Bulb,Color Temperature,3000,Human,33.6,44.0,43.0,5.1,17.0,0.0,0,15.0,-720.0,0,,,,,
2026-03-30 19:38:39,TV_Plug_1,Smart Plug / Outlet,Switch State,On,Human,30.5,39.2,56.0,18.3,23.0,0.0,0,47.0,-720.0,0,,,,,
2026-03-30 22:08:00,Bedroom_LED_2,Smart LED Bulb,Power State,On,Human,35.4,35.4,52.0,5.1,19.0,0.0,0,196.3,-720.0,0,,,,,
2026-03-30 22:09:00,Bedroom_LED_2,Smart LED Bulb,Brightness,50,Human,41.9,42.9,57.0,10.7,22.0,0.0,0,197.3,-720.0,0,,,,,
2026-03-30 22:10:00,Bedroom_LED_2,Smart LED Bulb,Color Temperature,2700,Human,35.2,42.2,46.0,17.9,12.0,0.0,0,198.3,-720.0,0,,,,,
2026-03-30 22:29:00,Bedroom_AC_2,Smart Air Conditioner,Target Temperature,20,Human,34.9,40.3,46.0,13.6,24.0,0.0,0,217.3,-720.0,0,,,,,
2026-03-30 22:30:00,Bedroom_AC_2,Smart Air Conditioner,Operation Mode,Cool,Human,33.0,41.9,42.0,11.6,13.0,0.0,0,218.3,-720.0,0,,,,,
2026-03-30 22:49:00,FrontDoor_Cam_1,Security Camera,Privacy Mode,Enabled,Human,39.5,38.1,45.0,7.0,6.0,0.0,0,237.3,-720.0,0,,,,,
2026-03-30 22:49:00,LivingRoom_LED_1,Smart LED Bulb,Power State,Off,Human,35.8,41.7,38.0,13.5,17.0,0.0,0,237.3,-720.0,0,,,,,
2026-03-30 22:51:00,TV_Plug_1,Smart Plug / Outlet,Switch State,Off,Human,39.2,40.2,55.0,10.6,23.0,0.0,0,239.3,-720.0,0,,,,,
2026-03-30 22:52:00,Bedroom_Plug_1,Smart Plug / Outlet,Switch State,Off,Human,39.7,42.5,51.0,10.0,11.0,0.0,0,240.3,-720.0,0,,,,,
2026-03-31 06:30:00,Garden_Irrigation_1,Smart Irrigation Controller,Zone 1 State,On,Human,36.4,40.7,51.0,25.3,20.0,0.0,0,-720.0,3.7,0,,,,,
2026-03-31 07:00:44,LivingRoom_Blinds_1,Smart Blinds / Shades,Open/Close Percentage,96,Human,36.1,39.7,41.0,21.6,17.0,0.0,0,-711.2,-27.0,1,,,,,
2026-03-31 07:11:00,LivingRoom_AC_1,Smart Air Conditioner,Target Temperature,21,Human,36.9,39.5,50.0,15.4,21.0,0.0,0,-700.9,-37.3,1,,,,,
2026-03-31 07:12:00,LivingRoom_AC_1,Smart Air Conditioner,Operation Mode,Cool,Human,35.1,41.2,55.0,17.6,11.0,0.0,0,-699.9,-38.3,1,,,,,
2026-03-31 07:13:00,LivingRoom_AC_1,Smart Air Conditioner,Fan Speed,Med,Human,36.0,41.0,47.0,14.4,5.0,0.0,0,-698.9,-39.3,1,,,,,
2026-03-31 08:06:00,Kitchen_Speaker_1,Smart Speaker / Receiver,Playback State,Play,Human,38.1,43.7,45.0,16.9,13.0,11.1,0,-645.9,-92.3,1,,,,,
2026-03-31 08:07:00,Kitchen_Speaker_1,Smart Speaker / Receiver,Volume Level,40,Human,37.6,39.5,56.0,6.6,18.0,7.8,0,-644.9,-93.3,1,,,,,
2026-03-31 08:55:00,Kitchen_Speaker_1,Smart Speaker / Receiver,Playback State,Stop,Human,39.1,44.3,49.0,19.2,15.0,9.4,0,-596.9,-141.3,1,,,,,
2026-03-31 13:01:00,LivingRoom_Fan_1,Smart Ceiling Fan,Power State,On,Human,40.1,39.8,38.0,17.7,5.0,11.5,0,-350.9,-387.3,1,,,,,
2026-03-31 13:02:00,LivingRoom_Fan_1,Smart Ceiling Fan,Fan Speed,High,Human,36.0,42.2,41.0,13.5,24.0,11.9,0,-349.9,-388.3,1,,,,,
2026-03-31 17:43:00,LivingRoom_Fan_1,Smart Ceiling Fan,Power State,Off,Human,40.3,38.3,47.0,13.1,21.0,11.1,0,-68.9,-669.3,1,,,,,
2026-03-31 18:36:54,LivingRoom_Blinds_1,Smart Blinds / Shades,Open/Close Percentage,0,Human,36.2,36.8,50.0,14.4,20.0,0.0,0,-15.0,-720.0,1,,,,,
2026-03-31 19:03:54,LivingRoom_LED_1,Smart LED Bulb,Power State,On,Human,37.5,42.2,45.0,16.3,20.0,0.0,0,12.0,-720.0,0,,,,,
2026-03-31 19:04:54,LivingRoom_LED_1,Smart LED Bulb,Brightness,60,Human,34.8,40.5,41.0,13.2,21.0,0.0,0,13.0,-720.0,0,,,,,
2026-03-31 19:05:54,LivingRoom_LED_1,Smart LED Bulb,Color Temperature,3500,Human,37.3,38.3,40.0,15.0,10.0,0.0,0,14.0,-720.0,0,,,,,
2026-03-31 19:23:54,TV_Plug_1,Smart Plug / Outlet,Switch State,On,Human,39.5,38.6,37.0,11.2,11.0,0.0,0,32.0,-720.0,0,,,,,
2026-03-31 22:04:00,Bedroom_LED_2,Smart LED Bulb,Power State,On,Human,41.1,49.5,42.0,15.2,21.0,0.0,0,192.1,-720.0,0,,,,,
2026-03-31 22:05:00,Bedroom_LED_2,Smart LED Bulb,Brightness,40,Human,37.9,38.6,49.0,19.8,18.0,0.0,0,193.1,-720.0,0,,,,,
2026-03-31 22:06:00,Bedroom_LED_2,Smart LED Bulb,Color Temperature,2700,Human,36.5,41.0,41.0,20.8,14.0,0.0,0,194.1,-720.0,0,,,,,
2026-03-31 22:17:00,Bedroom_AC_2,Smart Air Conditioner,Target Temperature,19,Human,36.1,40.5,39.0,11.7,7.0,0.0,0,205.1,-720.0,0,,,,,
2026-03-31 22:18:00,Bedroom_AC_2,Smart Air Conditioner,Operation Mode,Cool,Human,36.2,46.8,45.0,20.5,6.0,0.0,0,206.1,-720.0,0,,,,,
2026-03-31 22:46:00,FrontDoor_Cam_1,Security Camera,Privacy Mode,Disabled,Human,33.7,39.0,39.0,19.5,19.0,0.0,0,234.1,-720.0,0,,,,,
2026-03-31 22:55:00,LivingRoom_LED_1,Smart LED Bulb,Power State,Off,Human,36.5,41.8,51.0,25.7,14.0,0.0,0,243.1,-720.0,0,,,,,
2026-03-31 22:57:00,TV_Plug_1,Smart Plug / Outlet,Switch State,Off,Human,38.8,45.8,49.0,18.8,15.0,0.0,0,245.1,-720.0,0,,,,,
2026-03-31 22:58:00,Bedroom_Plug_1,Smart Plug / Outlet,Switch State,Off,Human,34.8,43.2,47.0,13.8,20.0,0.0,0,246.1,-720.0,0,,,,,
2026-04-01 06:20:00,Garden_Irrigation_1,Smart Irrigation Controller,Zone 1 State,On,Human,37.4,44.8,54.0,12.4,24.0,0.0,0,-720.0,12.9,0,,,,,
2026-04-01 06:59:53,LivingRoom_Blinds_1,Smart Blinds / Shades,Open/Close Percentage,89,Human,33.7,42.7,38.0,17.5,23.0,0.0,0,-712.2,-27.0,1,,,,,
2026-04-01 07:09:00,LivingRoom_AC_1,Smart Air Conditioner,Target Temperature,19,Human,40.0,42.8,56.0,14.5,9.0,0.0,0,-703.1,-36.1,1,,,,,
2026-04-01 07:10:00,LivingRoom_AC_1,Smart Air Conditioner,Operation Mode,Cool,Human,32.7,45.2,47.0,16.7,16.0,0.0,0,-702.1,-37.1,1,,,,,
2026-04-01 07:11:00,LivingRoom_AC_1,Smart Air Conditioner,Fan Speed,Low,Human,39.5,43.6,47.0,15.0,12.0,0.0,0,-701.1,-38.1,1,,,,,
2026-04-01 08:08:00,Kitchen_Speaker_1,Smart Speaker / Receiver,Playback State,Play,Human,30.8,41.7,47.0,10.9,20.0,7.5,0,-644.1,-95.1,1,,,,,
2026-04-01 08:09:00,Kitchen_Speaker_1,Smart Speaker / Receiver,Volume Level,30,Human,33.2,39.9,40.0,8.0,9.0,11.6,0,-643.1,-96.1,1,,,,,
2026-04-01 08:56:00,Kitchen_Speaker_1,Smart Speaker / Receiver,Playback State,Stop,Human,38.7,43.1,40.0,13.4,11.0,10.1,0,-596.1,-143.1,1,,,,,
2026-04-01 12:00:00,LivingRoom_AC_1,Smart Air Conditioner,Target Temperature,26,Automation,34.2,39.8,51.0,22.0,10.0,10.3,0,-412.1,-327.1,1,,,,,
2026-04-01 13:07:00,LivingRoom_Fan_1,Smart Ceiling Fan,Power State,On,Human,42.1,40.0,48.0,6.1,8.0,11.6,0,-345.1,-394.1,1,,,,,
2026-04-01 13:08:00,LivingRoom_Fan_1,Smart Ceiling Fan,Fan Speed,Med,Human,41.5,37.8,53.0,20.7,6.0,9.8,0,-344.1,-395.1,1,,,,,
2026-04-01 17:44:00,LivingRoom_Fan_1,Smart Ceiling Fan,Power State,Off,Human,32.0,41.5,49.0,19.9,15.0,11.7,0,-68.1,-671.1,1,,,,,
2026-04-01 18:34:08,LivingRoom_Blinds_1,Smart Blinds / Shades,Open/Close Percentage,0,Human,31.5,38.8,42.0,10.7,22.0,0.0,0,-18.0,-720.0,1,,,,,
2026-04-01 18:59:08,LivingRoom_LED_1,Smart LED Bulb,Power State,On,Human,39.0,40.9,40.0,8.6,20.0,0.0,0,7.0,-720.0,0,,,,,
2026-04-01 19:00:08,LivingRoom_LED_1,Smart LED Bulb,Brightness,75,Human,33.8,41.0,42.0,13.6,10.0,0.0,0,8.0,-720.0,0,,,,,
2026-04-01 19:01:08,LivingRoom_LED_1,Smart LED Bulb,Color Temperature,3500,Human,37.3,44.5,53.0,14.8,21.0,0.0,0,9.0,-720.0,0,,,,,
2026-04-01 19:29:08,TV_Plug_1,Smart Plug / Outlet,Switch State,On,Human,40.5,38.4,35.0,14.7,17.0,0.0,0,37.0,-720.0,0,,,,,
2026-04-01 22:07:00,Bedroom_LED_2,Smart LED Bulb,Power State,On,Human,34.7,43.7,42.0,6.1,13.0,0.0,0,194.9,-720.0,0,,,,,
2026-04-01 22:08:00,Bedroom_LED_2,Smart LED Bulb,Brightness,40,Human,32.6,35.2,53.0,24.4,10.0,0.0,0,195.9,-720.0,0,,,,,
2026-04-01 22:09:00,Bedroom_LED_2,Smart LED Bulb,Color Temperature,3000,Human,43.1,39.2,37.0,22.8,16.0,0.0,0,196.9,-720.0,0,,,,,
2026-04-01 22:22:00,Bedroom_AC_2,Smart Air Conditioner,Target Temperature,19,Human,38.6,39.6,52.0,21.4,17.0,0.0,0,209.9,-720.0,0,,,,,
2026-04-01 22:23:00,Bedroom_AC_2,Smart Air Conditioner,Operation Mode,Cool,Human,35.0,41.9,45.0,14.9,17.0,0.0,0,210.9,-720.0,0,,,,,
2026-04-01 22:43:00,FrontDoor_Cam_1,Security Camera,Privacy Mode,Enabled,Human,39.3,38.2,55.0,8.8,17.0,0.0,0,230.9,-720.0,0,,,,,
2026-04-01 22:53:00,LivingRoom_LED_1,Smart LED Bulb,Power State,Off,Human,30.7,45.1,44.0,16.6,10.0,0.0,0,240.9,-720.0,0,,,,,
2026-04-01 22:55:00,TV_Plug_1,Smart Plug / Outlet,Switch State,Off,Human,30.3,45.2,49.0,2.9,19.0,0.0,0,242.9,-720.0,0,,,,,
2026-04-01 22:56:00,Bedroom_Plug_1,Smart Plug / Outlet,Switch State,Off,Human,40.6,46.0,42.0,13.4,7.0,0.0,0,243.9,-720.0,0,,,,,
2026-04-02 06:24:00,Garden_Irrigation_1,Smart Irrigation Controller,Zone 1 State,On,Human,36.8,39.3,53.0,14.9,8.0,0.0,0,-720.0,8.1,0,,,,,
2026-04-02 06:44:03,LivingRoom_Blinds_1,Smart Blinds / Shades,Open/Close Percentage,98,Human,36.6,41.7,40.0,18.8,7.0,0.0,0,-720.0,-12.0,1,,,,,
2026-04-02 06:57:00,LivingRoom_AC_1,Smart Air Conditioner,Target Temperature,22,Human,36.4,44.4,57.0,11.2,12.0,0.0,0,-715.4,-24.9,1,,,,,
2026-04-02 06:58:00,LivingRoom_AC_1,Smart Air Conditioner,Operation Mode,Cool,Human,34.8,41.2,44.0,14.5,10.0,0.0,0,-714.4,-25.9,1,,,,,
2026-04-02 06:59:00,LivingRoom_AC_1,Smart Air Conditioner,Fan Speed,Med,Human,43.4,43.6,35.0,16.8,16.0,0.0,0,-713.4,-26.9,1,,,,,
2026-04-02 08:01:00,Kitchen_Speaker_1,Smart Speaker / Receiver,Playback State,Play,Human,37.0,36.8,41.0,14.7,23.0,11.5,0,-651.4,-88.9,1,,,,,
2026-04-02 08:02:00,Kitchen_Speaker_1,Smart Speaker / Receiver,Volume Level,30,Human,33.9,39.7,47.0,6.1,7.0,8.4,0,-650.4,-89.9,1,,,,,
2026-04-02 09:08:00,Kitchen_Speaker_1,Smart Speaker / Receiver,Playback State,Stop,Human,39.6,42.6,35.0,21.0,5.0,11.4,0,-584.4,-155.9,1,,,,,
2026-04-02 12:00:00,LivingRoom_AC_1,Smart Air Conditioner,Target Temperature,26,Automation,36.7,41.6,49.0,15.0,5.0,10.6,0,-412.4,-327.9,1,,,,,
2026-04-02 13:15:00,LivingRoom_Fan_1,Smart Ceiling Fan,Power State,On,Human,33.2,43.0,45.0,18.7,9.0,7.9,0,-337.4,-402.9,1,,,,,
2026-04-02 13:16:00,LivingRoom_Fan_1,Smart Ceiling Fan,Fan Speed,Med,Human,41.6,46.3,43.0,16.9,13.0,10.8,0,-336.4,-403.9,1,,,,,
2026-04-02 18:03:00,LivingRoom_Fan_1,Smart Ceiling Fan,Power State,Off,Human,33.6,39.3,54.0,19.2,21.0,0.0,0,-49.4,-690.9,1,,,,,
2026-04-02 18:50:23,LivingRoom_Blinds_1,Smart Blinds / Shades,Open/Close Percentage,10,Human,30.7,44.8,54.0,11.6,13.0,0.0,0,-2.0,-720.0,1,,,,,
2026-04-02 19:11:23,LivingRoom_LED_1,Smart LED Bulb,Power State,On,Human,36.1,42.1,41.0,19.4,15.0,0.0,0,19.0,-720.0,0,,,,,
2026-04-02 19:12:23,LivingRoom_LED_1,Smart LED Bulb,Brightness,70,Human,31.7,40.1,49.0,17.1,18.0,0.0,0,20.0,-720.0,0,,,,,
2026-04-02 19:13:23,LivingRoom_LED_1,Smart LED Bulb,Color Temperature,2700,Human,37.3,40.9,55.0,8.7,11.0,0.0,0,21.0,-720.0,0,,,,,
2026-04-02 19:24:23,TV_Plug_1,Smart Plug / Outlet,Switch State,On,Human,35.4,43.3,49.0,12.5,21.0,0.0,0,32.0,-720.0,0,,,,,
2026-04-02 21:57:00,Bedroom_LED_2,Smart LED Bulb,Power State,On,Human,31.3,43.5,49.0,11.2,20.0,0.0,0,184.6,-720.0,0,,,,,
2026-04-02 21:58:00,Bedroom_LED_2,Smart LED Bulb,Brightness,40,Human,30.2,44.6,35.0,19.3,7.0,0.0,0,185.6,-720.0,0,,,,,
2026-04-02 21:59:00,Bedroom_LED_2,Smart LED Bulb,Color Temperature,2700,Human,35.2,41.4,47.0,21.5,7.0,0.0,0,186.6,-720.0,0,,,,,
2026-04-02 22:39:00,Bedroom_AC_2,Smart Air Conditioner,Target Temperature,19,Human,42.6,42.1,41.0,22.2,14.0,0.0,0,226.6,-720.0,0,,,,,
2026-04-02 22:40:00,Bedroom_AC_2,Smart Air Conditioner,Operation Mode,Cool,Human,34.5,41.2,56.0,14.2,18.0,0.0,0,227.6,-720.0,0,,,,,
2026-04-02 22:48:00,LivingRoom_LED_1,Smart LED Bulb,Power State,Off,Human,35.0,37.2,56.0,14.5,11.0,0.0,0,235.6,-720.0,0,,,,,
2026-04-02 22:50:00,TV_Plug_1,Smart Plug / Outlet,Switch State,Off,Human,35.8,43.5,49.0,17.2,7.0,0.0,0,237.6,-720.0,0,,,,,
2026-04-02 22:51:00,Bedroom_Plug_1,Smart Plug / Outlet,Switch State,Off,Human,36.7,38.1,47.0,13.8,14.0,0.0,0,238.6,-720.0,0,,,,,
2026-04-02 22:51:00,FrontDoor_Cam_1,Security Camera,Privacy Mode,Disabled,Human,34.0,43.3,41.0,9.9,20.0,0.0,0,238.6,-720.0,0,,,,,
2026-04-03 06:38:00,Garden_Irrigation_1,Smart Irrigation Controller,Zone 1 State,On,Human,32.7,42.5,43.0,10.7,12.0,0.0,0,-720.0,-6.8,1,,,,,
2026-04-03 06:50:00,LivingRoom_AC_1,Smart Air Conditioner,Target Temperature,20,Human,39.0,42.4,35.0,10.8,17.0,0.0,0,-720.0,-18.8,1,,,,,
2026-04-03 06:51:00,LivingRoom_AC_1,Smart Air Conditioner,Operation Mode,Cool,Human,36.7,43.8,40.0,14.9,13.0,0.0,0,-720.0,-19.8,1,,,,,
2026-04-03 06:52:00,LivingRoom_AC_1,Smart Air Conditioner,Fan Speed,Med,Human,37.4,42.9,56.0,17.8,21.0,0.0,0,-720.0,-20.8,1,,,,,
2026-04-03 06:58:13,LivingRoom_Blinds_1,Smart Blinds / Shades,Open/Close Percentage,83,Human,36.3,42.5,44.0,14.3,19.0,0.0,0,-714.4,-27.0,1,,,,,
2026-04-03 07:51:00,Kitchen_Speaker_1,Smart Speaker / Receiver,Playback State,Play,Human,41.6,42.9,55.0,19.0,12.0,0.0,0,-661.6,-79.8,1,,,,,
2026-04-03 07:52:00,Kitchen_Speaker_1,Smart Speaker / Receiver,Volume Level,30,Human,38.8,46.7,38.0,16.3,21.0,0.0,0,-660.6,-80.8,1,,,,,
2026-04-03 08:56:00,Kitchen_Speaker_1,Smart Speaker / Receiver,Playback State,Stop,Human,33.0,40.8,37.0,9.8,8.0,7.3,0,-596.6,-144.8,1,,,,,
2026-04-03 13:18:00,LivingRoom_Fan_1,Smart Ceiling Fan,Power State,On,Human,38.9,44.4,40.0,15.5,14.0,9.2,0,-334.6,-406.8,1,,,,,
2026-04-03 13:19:00,LivingRoom_Fan_1,Smart Ceiling Fan,Fan Speed,High,Human,33.9,43.2,42.0,15.6,22.0,7.7,0,-333.6,-407.8,1,,,,,
2026-04-03 17:46:00,LivingRoom_Fan_1,Smart Ceiling Fan,Power State,Off,Human,34.9,46.4,37.0,20.9,23.0,11.3,0,-66.6,-674.8,1,,,,,
2026-04-03 18:33:38,LivingRoom_Blinds_1,Smart Blinds / Shades,Open/Close Percentage,0,Human,32.0,41.0,41.0,12.6,20.0,0.0,0,-19.0,-720.0,1,,,,,
2026-04-03 19:10:38,LivingRoom_LED_1,Smart LED Bulb,Power State,On,Human,40.3,44.9,35.0,11.8,7.0,0.0,0,18.0,-720.0,0,,,,,
2026-04-03 19:11:38,LivingRoom_LED_1,Smart LED Bulb,Brightness,70,Human,36.3,45.2,54.0,20.1,13.0,0.0,0,19.0,-720.0,0,,,,,
2026-04-03 19:12:38,LivingRoom_LED_1,Smart LED Bulb,Color Temperature,3000,Human,28.9,38.0,49.0,15.0,20.0,0.0,0,20.0,-720.0,0,,,,,
2026-04-03 19:51:38,TV_Plug_1,Smart Plug / Outlet,Switch State,On,Human,30.6,44.7,42.0,15.9,23.0,0.0,0,59.0,-720.0,0,,,,,
2026-04-03 21:51:00,Bedroom_LED_2,Smart LED Bulb,Power State,On,Human,39.7,39.2,54.0,14.9,23.0,0.0,0,178.4,-720.0,0,,,,,
2026-04-03 21:52:00,Bedroom_LED_2,Smart LED Bulb,Brightness,50,Human,36.2,41.4,38.0,12.4,16.0,0.0,0,179.4,-720.0,0,,,,,
2026-04-03 21:53:00,Bedroom_LED_2,Smart LED Bulb,Color Temperature,2700,Human,31.6,43.6,37.0,12.9,22.0,0.0,0,180.4,-720.0,0,,,,,
2026-04-03 22:34:00,Bedroom_AC_2,Smart Air Conditioner,Target Temperature,19,Human,31.2,40.2,48.0,12.3,15.0,0.0,0,221.4,-720.0,0,,,,,
2026-04-03 22:35:00,Bedroom_AC_2,Smart Air Conditioner,Operation Mode,Fan,Human,34.3,38.9,45.0,22.6,9.0,0.0,0,222.4,-720.0,0,,,,,
2026-04-03 22:41:00,FrontDoor_Cam_1,Security Camera,Privacy Mode,Enabled,Human,33.6,42.7,38.0,22.4,17.0,0.0,0,228.4,-720.0,0,,,,,
2026-04-03 22:47:00,LivingRoom_LED_1,Smart LED Bulb,Power State,Off,Human,36.9,43.9,43.0,4.9,12.0,0.0,0,234.4,-720.0,0,,,,,
2026-04-03 22:49:00,TV_Plug_1,Smart Plug / Outlet,Switch State,Off,Human,33.1,43.3,40.0,22.0,15.0,0.0,0,236.4,-720.0,0,,,,,
2026-04-03 22:50:00,Bedroom_Plug_1,Smart Plug / Outlet,Switch State,Off,Human,36.3,42.7,39.0,22.2,20.0,0.0,0,237.4,-720.0,0,,,,,
2026-04-04 06:22:00,Garden_Irrigation_1,Smart Irrigation Controller,Zone 1 State,On,Human,41.7,44.3,45.0,13.2,23.0,0.0,0,-720.0,8.4,0,,,,,
2026-04-04 09:01:00,Hallway_Vacuum_1,Robot Vacuum,Cleaning State,Clean,Human,37.8,41.1,43.0,9.3,7.0,8.3,0,-591.9,-150.6,1,,,,,
2026-04-04 09:02:00,Hallway_Vacuum_1,Robot Vacuum,Suction Power,Standard,Human,39.3,41.8,56.0,9.5,18.0,11.2,0,-590.9,-151.6,1,,,,,
2026-04-04 12:00:00,LivingRoom_AC_1,Smart Air Conditioner,Target Temperature,26,Automation,35.5,38.5,47.0,19.6,7.0,10.2,0,-412.9,-329.6,1,,,,,
2026-04-04 12:51:00,LivingRoom_Fan_1,Smart Ceiling Fan,Power State,On,Human,40.8,42.2,46.0,9.3,8.0,10.0,0,-361.9,-380.6,1,,,,,
2026-04-04 12:52:00,LivingRoom_Fan_1,Smart Ceiling Fan,Fan Speed,Med,Human,36.4,42.3,39.0,20.4,24.0,8.8,0,-360.9,-381.6,1,,,,,
2026-04-04 14:24:00,LivingRoom_AC_1,Smart Air Conditioner,Target Temperature,19,Human,38.2,38.9,45.0,17.8,22.0,7.3,0,-268.9,-473.6,1,,,,,
2026-04-04 14:25:00,LivingRoom_AC_1,Smart Air Conditioner,Operation Mode,Cool,Human,35.8,42.8,55.0,16.0,17.0,7.1,0,-267.9,-474.6,1,,,,,
2026-04-04 17:52:00,LivingRoom_Fan_1,Smart Ceiling Fan,Power State,Off,Human,39.6,38.1,46.0,8.9,19.0,9.0,0,-60.9,-681.6,1,,,,,
2026-04-04 19:02:52,LivingRoom_LED_1,Smart LED Bulb,Power State,On,Human,41.9,45.5,48.0,10.0,20.0,0.0,0,10.0,-720.0,0,,,,,
2026-04-04 19:03:52,LivingRoom_LED_1,Smart LED Bulb,Brightness,70,Human,31.8,40.4,39.0,15.4,24.0,0.0,0,11.0,-720.0,0,,,,,
2026-04-04 19:04:52,LivingRoom_LED_1,Smart LED Bulb,Color Temperature,3000,Human,36.9,44.0,47.0,8.9,10.0,0.0,0,12.0,-720.0,0,,,,,
2026-04-04 19:30:52,TV_Plug_1,Smart Plug / Outlet,Switch State,On,Human,31.3,42.6,48.0,11.6,9.0,0.0,0,38.0,-720.0,0,,,,,
2026-04-04 22:07:00,Bedroom_LED_2,Smart LED Bulb,Power State,On,Human,37.3,45.0,53.0,14.4,11.0,0.0,0,194.1,-720.0,0,,,,,
2026-04-04 22:08:00,Bedroom_LED_2,Smart LED Bulb,Brightness,40,Human,34.2,44.5,37.0,9.0,13.0,0.0,0,195.1,-720.0,0,,,,,
2026-04-04 22:09:00,Bedroom_LED_2,Smart LED Bulb,Color Temperature,2700,Human,39.3,43.9,56.0,20.7,13.0,0.0,0,196.1,-720.0,0,,,,,
2026-04-04 22:27:00,Bedroom_AC_2,Smart Air Conditioner,Target Temperature,19,Human,35.7,41.7,40.0,19.4,5.0,0.0,0,214.1,-720.0,0,,,,,
2026-04-04 22:28:00,Bedroom_AC_2,Smart Air Conditioner,Operation Mode,Cool,Human,31.6,43.1,43.0,20.8,9.0,0.0,0,215.1,-720.0,0,,,,,
2026-04-04 22:35:00,FrontDoor_Cam_1,Security Camera,Privacy Mode,Disabled,Human,37.4,38.8,55.0,14.2,5.0,0.0,0,222.1,-720.0,0,,,,,
2026-04-04 22:53:00,LivingRoom_LED_1,Smart LED Bulb,Power State,Off,Human,41.6,41.2,39.0,12.9,17.0,0.0,0,240.1,-720.0,0,,,,,
2026-04-04 22:55:00,TV_Plug_1,Smart Plug / Outlet,Switch State,Off,Human,39.4,43.9,44.0,14.6,11.0,0.0,0,242.1,-720.0,0,,,,,
2026-04-04 22:56:00,Bedroom_Plug_1,Smart Plug / Outlet,Switch State,Off,Human,40.5,48.1,48.0,20.9,20.0,0.0,0,243.1,-720.0,0,,,,,
2026-04-05 06:26:00,Garden_Irrigation_1,Smart Irrigation Controller,Zone 1 State,On,Human,37.4,35.5,39.0,12.0,20.0,0.0,0,-720.0,3.6,0,,,,,
2026-04-05 12:00:00,LivingRoom_AC_1,Smart Air Conditioner,Target Temperature,26,Automation,38.4,42.1,55.0,11.7,10.0,8.0,0,-413.1,-330.4,1,,,,,
2026-04-05 13:15:00,LivingRoom_Fan_1,Smart Ceiling Fan,Power State,On,Human,33.3,37.2,38.0,7.8,20.0,8.4,0,-338.1,-405.4,1,,,,,
2026-04-05 13:16:00,LivingRoom_Fan_1,Smart Ceiling Fan,Fan Speed,High,Human,34.3,43.7,50.0,23.3,12.0,10.9,0,-337.1,-406.4,1,,,,,
2026-04-05 14:29:00,LivingRoom_AC_1,Smart Air Conditioner,Target Temperature,21,Human,38.9,46.2,41.0,12.9,16.0,11.1,0,-264.1,-479.4,1,,,,,
2026-04-05 14:30:00,LivingRoom_AC_1,Smart Air Conditioner,Operation Mode,Cool,Human,35.5,38.3,39.0,11.3,20.0,11.5,0,-263.1,-480.4,1,,,,,
2026-04-05 18:03:00,LivingRoom_Fan_1,Smart Ceiling Fan,Power State,Off,Human,38.3,43.6,42.0,3.0,6.0,0.0,0,-50.1,-693.4,1,,,,,
2026-04-05 19:12:07,LivingRoom_LED_1,Smart LED Bulb,Power State,On,Human,39.5,44.6,48.0,11.6,6.0,0.0,0,19.0,-720.0,0,,,,,
2026-04-05 19:13:07,LivingRoom_LED_1,Smart LED Bulb,Brightness,70,Human,35.1,44.0,48.0,10.1,10.0,0.0,0,20.0,-720.0,0,,,,,
2026-04-05 19:14:07,LivingRoom_LED_1,Smart LED Bulb,Color Temperature,3000,Human,34.5,40.2,46.0,11.9,15.0,0.0,0,21.0,-720.0,0,,,,,
2026-04-05 19:33:07,TV_Plug_1,Smart Plug / Outlet,Switch State,On,Human,34.5,33.3,50.0,14.5,18.0,0.0,0,40.0,-720.0,0,,,,,
2026-04-05 21:52:00,Bedroom_LED_2,Smart LED Bulb,Power State,On,Human,35.4,45.4,52.0,5.3,5.0,0.0,0,178.9,-720.0,0,,,,,
2026-04-05 21:53:00,Bedroom_LED_2,Smart LED Bulb,Brightness,40,Human,35.6,37.8,55.0,13.2,9.0,0.0,0,179.9,-720.0,0,,,,,
2026-04-05 21:54:00,Bedroom_LED_2,Smart LED Bulb,Color Temperature,2700,Human,34.3,43.4,50.0,14.9,8.0,0.0,0,180.9,-720.0,0,,,,,
2026-04-05 22:44:00,Bedroom_AC_2,Smart Air Conditioner,Target Temperature,19,Human,32.9,40.4,41.0,17.0,7.0,0.0,0,230.9,-720.0,0,,,,,
2026-04-05 22:45:00,Bedroom_AC_2,Smart Air Conditioner,Operation Mode,Fan,Human,38.0,44.3,35.0,17.2,7.0,0.0,0,231.9,-720.0,0,,,,,
2026-04-05 22:49:00,FrontDoor_Cam_1,Security Camera,Privacy Mode,Enabled,Human,38.7,41.8,42.0,11.9,8.0,0.0,0,235.9,-720.0,0,,,,,
2026-04-05 22:54:00,LivingRoom_LED_1,Smart LED Bulb,Power State,Off,Human,35.1,42.1,57.0,22.7,15.0,0.0,0,240.9,-720.0,0,,,,,
2026-04-05 22:56:00,TV_Plug_1,Smart Plug / Outlet,Switch State,Off,Human,39.5,43.5,45.0,3.5,12.0,0.0,0,242.9,-720.0,0,,,,,
2026-04-05 22:57:00,Bedroom_Plug_1,Smart Plug / Outlet,Switch State,Off,Human,37.6,39.9,53.0,6.9,15.0,0.0,0,243.9,-720.0,0,,,,,
2026-04-06 06:35:00,Garden_Irrigation_1,Smart Irrigation Controller,Zone 1 State,On,Human,36.0,38.9,36.0,18.0,22.0,0.0,0,-720.0,-6.2,1,,,,,
2026-04-06 06:50:45,LivingRoom_Blinds_1,Smart Blinds / Shades,Open/Close Percentage,80,Human,39.1,43.5,49.0,4.4,15.0,0.0,0,-720.0,-22.0,1,,,,,
2026-04-06 07:01:00,LivingRoom_AC_1,Smart Air Conditioner,Target Temperature,20,Human,36.9,40.9,55.0,12.3,8.0,0.0,0,-712.4,-32.2,1,,,,,
2026-04-06 07:02:00,LivingRoom_AC_1,Smart Air Conditioner,Operation Mode,Cool,Human,46.2,45.3,38.0,9.3,23.0,0.0,0,-711.4,-33.2,1,,,,,
2026-04-06 07:03:00,LivingRoom_AC_1,Smart Air Conditioner,Fan Speed,Med,Human,37.1,46.5,55.0,15.1,6.0,0.0,0,-710.4,-34.2,1,,,,,
2026-04-06 08:03:00,Kitchen_Speaker_1,Smart Speaker / Receiver,Playback State,Play,Human,34.7,43.0,50.0,18.8,5.0,9.2,0,-650.4,-94.2,1,,,,,
2026-04-06 08:04:00,Kitchen_Speaker_1,Smart Speaker / Receiver,Volume Level,40,Human,37.5,41.4,35.0,9.6,10.0,10.5,0,-649.4,-95.2,1,,,,,
2026-04-06 09:00:00,Kitchen_Speaker_1,Smart Speaker / Receiver,Playback State,Stop,Human,30.7,42.3,52.0,18.9,24.0,7.9,0,-593.4,-151.2,1,,,,,
2026-04-06 13:21:00,LivingRoom_Fan_1,Smart Ceiling Fan,Power State,On,Human,31.1,40.0,40.0,12.4,10.0,10.3,0,-332.4,-412.2,1,,,,,
2026-04-06 13:22:00,LivingRoom_Fan_1,Smart Ceiling Fan,Fan Speed,High,Human,36.5,41.3,57.0,18.0,11.0,8.2,0,-331.4,-413.2,1,,,,,
2026-04-06 17:42:00,LivingRoom_Fan_1,Smart Ceiling Fan,Power State,Off,Human,32.6,45.4,52.0,21.1,14.0,8.3,0,-71.4,-673.2,1,,,,,
2026-04-06 18:42:22,LivingRoom_Blinds_1,Smart Blinds / Shades,Open/Close Percentage,10,Human,31.4,41.3,49.0,11.3,6.0,0.0,0,-11.0,-720.0,1,,,,,
2026-04-06 19:06:22,LivingRoom_LED_1,Smart LED Bulb,Power State,On,Human,34.1,41.4,43.0,12.2,15.0,0.0,0,13.0,-720.0,0,,,,,
2026-04-06 19:07:22,LivingRoom_LED_1,Smart LED Bulb,Brightness,60,Human,34.9,43.8,44.0,14.8,11.0,0.0,0,14.0,-720.0,0,,,,,
2026-04-06 19:08:22,LivingRoom_LED_1,Smart LED Bulb,Color Temperature,3000,Human,43.3,44.8,39.0,18.1,21.0,0.0,0,15.0,-720.0,0,,,,,
2026-04-06 19:23:22,TV_Plug_1,Smart Plug / Outlet,Switch State,On,Human,34.6,40.6,46.0,14.7,6.0,0.0,0,30.0,-720.0,0,,,,,
2026-04-06 22:04:00,Bedroom_LED_2,Smart LED Bulb,Power State,On,Human,37.7,40.3,46.0,15.3,17.0,0.0,0,190.6,-720.0,0,,,,,
2026-04-06 22:05:00,Bedroom_LED_2,Smart LED Bulb,Brightness,50,Human,38.1,43.4,43.0,16.6,24.0,0.0,0,191.6,-720.0,0,,,,,
2026-04-06 22:06:00,Bedroom_LED_2,Smart LED Bulb,Color Temperature,3000,Human,43.2,39.6,38.0,18.8,21.0,0.0,0,192.6,-720.0,0,,,,,
2026-04-06 22:26:00,Bedroom_AC_2,Smart Air Conditioner,Target Temperature,19,Human,32.8,39.8,41.0,11.2,11.0,0.0,0,212.6,-720.0,0,,,,,
2026-04-06 22:27:00,Bedroom_AC_2,Smart Air Conditioner,Operation Mode,Cool,Human,32.3,43.4,51.0,13.5,23.0,0.0,0,213.6,-720.0,0,,,,,
2026-04-06 22:49:00,FrontDoor_Cam_1,Security Camera,Privacy Mode,Enabled,Human,35.2,42.9,48.0,20.0,17.0,0.0,0,235.6,-720.0,0,,,,,
2026-04-06 22:55:00,LivingRoom_LED_1,Smart LED Bulb,Power State,Off,Human,34.8,41.6,56.0,11.8,9.0,0.0,0,241.6,-720.0,0,,,,,
2026-04-06 22:57:00,TV_Plug_1,Smart Plug / Outlet,Switch State,Off,Human,28.1,43.1,48.0,11.7,11.0,0.0,0,243.6,-720.0,0,,,,,
2026-04-06 22:58:00,Bedroom_Plug_1,Smart Plug / Outlet,Switch State,Off,Human,30.1,36.7,55.0,14.4,6.0,0.0,0,244.6,-720.0,0,,,,,
2026-04-07 06:31:00,Garden_Irrigation_1,Smart Irrigation Controller,Zone 1 State,On,Human,32.8,44.4,36.0,17.4,24.0,0.0,0,-720.0,-3.1,1,,,,,
2026-04-07 06:54:56,LivingRoom_Blinds_1,Smart Blinds / Shades,Open/Close Percentage,89,Human,34.3,45.2,49.0,15.9,6.0,0.0,0,-718.7,-27.0,1,,,,,
2026-04-07 07:04:00,LivingRoom_AC_1,Smart Air Conditioner,Target Temperature,20,Human,38.0,46.2,57.0,18.6,13.0,0.0,0,-709.6,-36.1,1,,,,,
2026-04-07 07:05:00,LivingRoom_AC_1,Smart Air Conditioner,Operation Mode,Cool,Human,41.9,42.0,56.0,22.2,13.0,0.0,0,-708.6,-37.1,1,,,,,
2026-04-07 07:06:00,LivingRoom_AC_1,Smart Air Conditioner,Fan Speed,Low,Human,37.3,42.4,39.0,14.0,24.0,0.0,0,-707.6,-38.1,1,,,,,
2026-04-07 07:56:00,Kitchen_Speaker_1,Smart Speaker / Receiver,Playback State,Play,Human,31.2,40.4,39.0,8.5,12.0,0.0,0,-657.6,-88.1,1,,,,,
2026-04-07 07:57:00,Kitchen_Speaker_1,Smart Speaker / Receiver,Volume Level,40,Human,35.2,41.1,40.0,12.8,5.0,0.0,0,-656.6,-89.1,1,,,,,
2026-04-07 09:07:00,Kitchen_Speaker_1,Smart Speaker / Receiver,Playback State,Stop,Human,34.4,37.5,56.0,17.2,24.0,11.0,0,-586.6,-159.1,1,,,,,
2026-04-07 12:39:00,LivingRoom_Fan_1,Smart Ceiling Fan,Power State,On,Human,35.4,42.0,56.0,15.4,5.0,10.3,0,-374.6,-371.1,1,,,,,
2026-04-07 12:40:00,LivingRoom_Fan_1,Smart Ceiling Fan,Fan Speed,High,Human,37.4,41.4,54.0,14.9,18.0,10.3,0,-373.6,-372.1,1,,,,,
2026-04-07 17:48:00,LivingRoom_Fan_1,Smart Ceiling Fan,Power State,Off,Human,37.2,44.7,36.0,22.6,18.0,11.8,0,-65.6,-680.1,1,,,,,
2026-04-07 18:45:37,LivingRoom_Blinds_1,Smart Blinds / Shades,Open/Close Percentage,0,Human,33.2,35.0,42.0,20.5,16.0,0.0,0,-8.0,-720.0,1,,,,,
2026-04-07 19:08:37,LivingRoom_LED_1,Smart LED Bulb,Power State,On,Human,38.4,48.2,44.0,9.8,5.0,0.0,0,15.0,-720.0,0,,,,,
2026-04-07 19:09:37,LivingRoom_LED_1,Smart LED Bulb,Brightness,65,Human,35.6,44.7,43.0,13.4,18.0,0.0,0,16.0,-720.0,0,,,,,
2026-04-07 19:10:37,LivingRoom_LED_1,Smart LED Bulb,Color Temperature,3500,Human,35.0,40.6,53.0,11.4,9.0,0.0,0,17.0,-720.0,0,,,,,
2026-04-07 19:43:37,TV_Plug_1,Smart Plug / Outlet,Switch State,On,Human,37.5,43.6,54.0,10.6,24.0,0.0,0,50.0,-720.0,0,,,,,
2026-04-07 22:01:00,Bedroom_LED_2,Smart LED Bulb,Power State,On,Human,36.3,39.3,56.0,8.4,20.0,0.0,0,187.4,-720.0,0,,,,,
2026-04-07 22:02:00,Bedroom_LED_2,Smart LED Bulb,Brightness,50,Human,31.9,41.4,39.0,12.4,8.0,0.0,0,188.4,-720.0,0,,,,,
2026-04-07 22:03:00,Bedroom_LED_2,Smart LED Bulb,Color Temperature,2700,Human,31.8,37.8,43.0,16.4,9.0,0.0,0,189.4,-720.0,0,,,,,
2026-04-07 22:21:00,Bedroom_AC_2,Smart Air Conditioner,Target Temperature,19,Human,32.6,48.0,49.0,21.0,20.0,0.0,0,207.4,-720.0,0,,,,,
2026-04-07 22:22:00,Bedroom_AC_2,Smart Air Conditioner,Operation Mode,Cool,Human,37.2,47.6,46.0,16.1,12.0,0.0,0,208.4,-720.0,0,,,,,
2026-04-07 22:37:00,FrontDoor_Cam_1,Security Camera,Privacy Mode,Enabled,Human,36.0,37.4,43.0,11.8,12.0,0.0,0,223.4,-720.0,0,,,,,
2026-04-07 23:12:00,LivingRoom_LED_1,Smart LED Bulb,Power State,Off,Human,39.3,36.8,47.0,25.7,11.0,0.0,0,258.4,-720.0,0,,,,,
2026-04-07 23:14:00,TV_Plug_1,Smart Plug / Outlet,Switch State,Off,Human,37.5,40.3,54.0,12.4,16.0,0.0,0,260.4,-720.0,0,,,,,
2026-04-07 23:15:00,Bedroom_Plug_1,Smart Plug / Outlet,Switch State,Off,Human,36.9,37.3,57.0,12.7,16.0,0.0,0,261.4,-720.0,0,,,,,
2026-04-08 06:37:00,Garden_Irrigation_1,Smart Irrigation Controller,Zone 1 State,On,Human,33.2,41.3,55.0,7.6,16.0,0.0,0,-720.0,-9.9,1,,,,,
2026-04-08 06:53:08,LivingRoom_Blinds_1,Smart Blinds / Shades,Open/Close Percentage,97,Human,38.1,40.3,48.0,16.2,9.0,0.0,0,-720.0,-26.0,1,,,,,
2026-04-08 07:09:00,LivingRoom_AC_1,Smart Air Conditioner,Target Temperature,21,Human,33.0,43.3,55.0,3.4,23.0,0.0,0,-704.9,-41.9,1,,,,,
2026-04-08 07:10:00,LivingRoom_AC_1,Smart Air Conditioner,Operation Mode,Cool,Human,37.3,42.7,39.0,20.5,24.0,0.0,0,-703.9,-42.9,1,,,,,
2026-04-08 07:11:00,LivingRoom_AC_1,Smart Air Conditioner,Fan Speed,Med,Human,35.7,46.7,38.0,22.0,16.0,0.0,0,-702.9,-43.9,1,,,,,
2026-04-08 07:52:00,Kitchen_Speaker_1,Smart Speaker / Receiver,Playback State,Play,Human,34.6,46.8,44.0,10.4,14.0,0.0,0,-661.9,-84.9,1,,,,,
2026-04-08 07:53:00,Kitchen_Speaker_1,Smart Speaker / Receiver,Volume Level,40,Human,38.0,47.7,57.0,11.3,16.0,0.0,0,-660.9,-85.9,1,,,,,
2026-04-08 08:51:00,Kitchen_Speaker_1,Smart Speaker / Receiver,Playback State,Stop,Human,36.9,40.8,49.0,13.2,11.0,10.4,0,-602.9,-143.9,1,,,,,
2026-04-08 12:34:00,LivingRoom_Fan_1,Smart Ceiling Fan,Power State,On,Human,35.4,36.8,47.0,9.6,16.0,11.3,0,-379.9,-366.9,1,,,,,
2026-04-08 12:35:00,LivingRoom_Fan_1,Smart Ceiling Fan,Fan Speed,High,Human,42.4,46.3,42.0,13.1,16.0,9.7,0,-378.9,-367.9,1,,,,,
2026-04-08 17:58:00,LivingRoom_Fan_1,Smart Ceiling Fan,Power State,Off,Human,38.3,41.6,54.0,17.5,19.0,8.4,0,-55.9,-690.9,1,,,,,
2026-04-08 18:49:53,LivingRoom_Blinds_1,Smart Blinds / Shades,Open/Close Percentage,0,Human,36.6,41.3,47.0,14.6,7.0,0.0,0,-4.0,-720.0,1,,,,,
2026-04-08 19:12:53,LivingRoom_LED_1,Smart LED Bulb,Power State,On,Human,36.2,44.2,57.0,13.2,5.0,0.0,0,19.0,-720.0,0,,,,,
2026-04-08 19:13:53,LivingRoom_LED_1,Smart LED Bulb,Brightness,80,Human,37.1,42.1,57.0,9.4,7.0,0.0,0,20.0,-720.0,0,,,,,
2026-04-08 19:14:53,LivingRoom_LED_1,Smart LED Bulb,Color Temperature,3000,Human,36.3,43.7,48.0,10.3,16.0,0.0,0,21.0,-720.0,0,,,,,
2026-04-08 19:37:53,TV_Plug_1,Smart Plug / Outlet,Switch State,On,Human,35.0,50.4,47.0,16.8,16.0,0.0,0,44.0,-720.0,0,,,,,
2026-04-08 22:08:00,Bedroom_LED_2,Smart LED Bulb,Power State,On,Human,37.0,37.2,42.0,15.1,15.0,0.0,0,194.1,-720.0,0,,,,,
2026-04-08 22:09:00,Bedroom_LED_2,Smart LED Bulb,Brightness,40,Human,35.5,37.3,57.0,8.7,22.0,0.0,0,195.1,-720.0,0,,,,,
2026-04-08 22:10:00,Bedroom_LED_2,Smart LED Bulb,Color Temperature,3000,Human,32.6,42.9,37.0,17.1,12.0,0.0,0,196.1,-720.0,0,,,,,
2026-04-08 22:44:00,Bedroom_AC_2,Smart Air Conditioner,Target Temperature,19,Human,33.7,42.4,46.0,17.5,18.0,0.0,0,230.1,-720.0,0,,,,,
2026-04-08 22:45:00,Bedroom_AC_2,Smart Air Conditioner,Operation Mode,Cool,Human,40.0,41.2,49.0,11.6,9.0,0.0,0,231.1,-720.0,0,,,,,
2026-04-08 22:47:00,FrontDoor_Cam_1,Security Camera,Privacy Mode,Enabled,Human,31.8,39.5,45.0,14.7,6.0,0.0,0,233.1,-720.0,0,,,,,
2026-04-08 22:51:00,LivingRoom_LED_1,Smart LED Bulb,Power State,Off,Human,35.3,47.4,52.0,23.6,23.0,0.0,0,237.1,-720.0,0,,,,,
2026-04-08 22:53:00,TV_Plug_1,Smart Plug / Outlet,Switch State,Off,Human,33.4,39.0,37.0,21.1,17.0,0.0,0,239.1,-720.0,0,,,,,
2026-04-08 22:54:00,Bedroom_Plug_1,Smart Plug / Outlet,Switch State,Off,Human,36.9,40.5,39.0,11.3,18.0,0.0,0,240.1,-720.0,0,,,,,
2026-04-09 06:22:00,Garden_Irrigation_1,Smart Irrigation Controller,Zone 1 State,On,Human,34.8,41.6,35.0,21.2,23.0,0.0,0,-720.0,4.3,0,,,,,
2026-04-09 06:54:20,LivingRoom_Blinds_1,Smart Blinds / Shades,Open/Close Percentage,88,Human,39.7,35.8,42.0,25.4,7.0,0.0,0,-719.8,-28.0,1,,,,,
2026-04-09 07:09:00,LivingRoom_AC_1,Smart Air Conditioner,Target Temperature,21,Human,33.4,44.6,56.0,15.8,5.0,0.0,0,-705.1,-42.7,1,,,,,
2026-04-09 07:10:00,LivingRoom_AC_1,Smart Air Conditioner,Operation Mode,Cool,Human,36.5,38.4,52.0,12.2,11.0,0.0,0,-704.1,-43.7,1,,,,,
2026-04-09 07:11:00,LivingRoom_AC_1,Smart Air Conditioner,Fan Speed,Med,Human,40.6,39.2,56.0,12.6,16.0,0.0,0,-703.1,-44.7,1,,,,,
2026-04-09 07:58:00,Kitchen_Speaker_1,Smart Speaker / Receiver,Playback State,Play,Human,37.6,43.9,35.0,17.8,17.0,0.0,0,-656.1,-91.7,1,,,,,
2026-04-09 07:59:00,Kitchen_Speaker_1,Smart Speaker / Receiver,Volume Level,40,Human,36.3,36.2,55.0,7.6,15.0,0.0,0,-655.1,-92.7,1,,,,,
2026-04-09 09:01:00,Kitchen_Speaker_1,Smart Speaker / Receiver,Playback State,Stop,Human,40.0,39.4,35.0,9.3,10.0,11.4,0,-593.1,-154.7,1,,,,,
2026-04-09 12:50:00,LivingRoom_Fan_1,Smart Ceiling Fan,Power State,On,Human,42.7,45.8,56.0,9.7,6.0,10.1,0,-364.1,-383.7,1,,,,,
2026-04-09 12:51:00,LivingRoom_Fan_1,Smart Ceiling Fan,Fan Speed,High,Human,39.1,46.6,54.0,10.0,17.0,9.0,0,-363.1,-384.7,1,,,,,
2026-04-09 17:51:00,LivingRoom_Fan_1,Smart Ceiling Fan,Power State,Off,Human,35.3,44.8,43.0,8.2,20.0,9.8,0,-63.1,-684.7,1,,,,,
2026-04-09 18:42:08,LivingRoom_Blinds_1,Smart Blinds / Shades,Open/Close Percentage,0,Human,33.3,45.0,40.0,14.7,14.0,0.0,0,-12.0,-720.0,1,,,,,
2026-04-09 18:59:08,LivingRoom_LED_1,Smart LED Bulb,Power State,On,Human,34.7,40.2,42.0,18.4,10.0,0.0,0,5.0,-720.0,0,,,,,
2026-04-09 19:00:08,LivingRoom_LED_1,Smart LED Bulb,Brightness,75,Human,32.0,39.6,41.0,4.2,18.0,0.0,0,6.0,-720.0,0,,,,,
2026-04-09 19:01:08,LivingRoom_LED_1,Smart LED Bulb,Color Temperature,2700,Human,35.5,41.1,40.0,27.7,16.0,0.0,0,7.0,-720.0,0,,,,,
2026-04-09 19:47:08,TV_Plug_1,Smart Plug / Outlet,Switch State,On,Human,38.7,44.1,36.0,27.2,11.0,0.0,0,53.0,-720.0,0,,,,,
2026-04-09 21:57:00,Bedroom_LED_2,Smart LED Bulb,Power State,On,Human,35.1,43.2,40.0,10.7,21.0,0.0,0,182.9,-720.0,0,,,,,
2026-04-09 21:58:00,Bedroom_LED_2,Smart LED Bulb,Brightness,30,Human,35.4,40.8,39.0,19.9,7.0,0.0,0,183.9,-720.0,0,,,,,
2026-04-09 21:59:00,Bedroom_LED_2,Smart LED Bulb,Color Temperature,2700,Human,37.1,41.5,40.0,11.9,8.0,0.0,0,184.9,-720.0,0,,,,,
2026-04-09 22:32:00,Bedroom_AC_2,Smart Air Conditioner,Target Temperature,19,Human,37.8,39.2,51.0,23.4,24.0,0.0,0,217.9,-720.0,0,,,,,
2026-04-09 22:33:00,Bedroom_AC_2,Smart Air Conditioner,Operation Mode,Cool,Human,34.7,43.3,42.0,11.3,15.0,0.0,0,218.9,-720.0,0,,,,,
2026-04-09 22:45:00,FrontDoor_Cam_1,Security Camera,Privacy Mode,Enabled,Human,38.1,42.8,35.0,7.2,17.0,0.0,0,230.9,-720.0,0,,,,,
2026-04-09 23:09:00,LivingRoom_LED_1,Smart LED Bulb,Power State,Off,Human,36.9,44.7,49.0,6.6,23.0,0.0,0,254.9,-720.0,0,,,,,
2026-04-09 23:11:00,TV_Plug_1,Smart Plug / Outlet,Switch State,Off,Human,33.7,43.3,54.0,2.9,19.0,0.0,0,256.9,-720.0,0,,,,,
2026-04-09 23:12:00,Bedroom_Plug_1,Smart Plug / Outlet,Switch State,Off,Human,39.6,38.1,41.0,14.5,7.0,0.0,0,257.9,-720.0,0,,,,,
2026-04-10 06:22:00,Garden_Irrigation_1,Smart Irrigation Controller,Zone 1 State,On,Human,41.4,42.8,45.0,21.6,9.0,0.0,0,-720.0,3.5,0,,,,,
2026-04-10 06:52:00,LivingRoom_AC_1,Smart Air Conditioner,Target Temperature,21,Human,33.6,41.8,39.0,17.9,13.0,0.0,0,-720.0,-26.5,1,,,,,
2026-04-10 06:53:00,LivingRoom_AC_1,Smart Air Conditioner,Operation Mode,Cool,Human,34.0,41.4,51.0,10.0,16.0,0.0,0,-720.0,-27.5,1,,,,,
2026-04-10 06:54:00,LivingRoom_AC_1,Smart Air Conditioner,Fan Speed,Low,Human,31.5,45.0,52.0,14.4,18.0,0.0,0,-720.0,-28.5,1,,,,,
2026-04-10 06:54:32,LivingRoom_Blinds_1,Smart Blinds / Shades,Open/Close Percentage,81,Human,34.0,38.0,57.0,12.0,24.0,0.0,0,-719.9,-29.0,1,,,,,
2026-04-10 08:05:00,Kitchen_Speaker_1,Smart Speaker / Receiver,Playback State,Play,Human,37.3,45.1,46.0,23.8,9.0,10.9,0,-649.4,-99.5,1,,,,,
2026-04-10 08:06:00,Kitchen_Speaker_1,Smart Speaker / Receiver,Volume Level,30,Human,38.2,40.3,50.0,4.2,9.0,11.1,0,-648.4,-100.5,1,,,,,
2026-04-10 08:59:00,Kitchen_Speaker_1,Smart Speaker / Receiver,Playback State,Stop,Human,36.6,42.0,39.0,13.7,9.0,11.2,0,-595.4,-153.5,1,,,,,
2026-04-10 13:04:00,LivingRoom_Fan_1,Smart Ceiling Fan,Power State,On,Human,37.4,40.3,37.0,6.5,22.0,10.2,0,-350.4,-398.5,1,,,,,
2026-04-10 13:05:00,LivingRoom_Fan_1,Smart Ceiling Fan,Fan Speed,High,Human,41.8,41.7,47.0,22.6,21.0,10.7,0,-349.4,-399.5,1,,,,,
2026-04-10 18:09:00,LivingRoom_Fan_1,Smart Ceiling Fan,Power State,Off,Human,36.1,42.8,47.0,19.4,18.0,0.0,0,-45.4,-703.5,1,,,,,
2026-04-10 18:36:23,LivingRoom_Blinds_1,Smart Blinds / Shades,Open/Close Percentage,0,Human,38.6,42.2,48.0,3.9,17.0,0.0,0,-18.0,-720.0,1,,,,,
2026-04-10 19:12:23,LivingRoom_LED_1,Smart LED Bulb,Power State,On,Human,36.4,42.7,50.0,11.5,22.0,0.0,0,18.0,-720.0,0,,,,,
2026-04-10 19:13:23,LivingRoom_LED_1,Smart LED Bulb,Brightness,65,Human,37.8,43.0,52.0,12.0,17.0,0.0,0,19.0,-720.0,0,,,,,
2026-04-10 19:14:23,LivingRoom_LED_1,Smart LED Bulb,Color Temperature,2700,Human,35.0,42.3,54.0,11.1,23.0,0.0,0,20.0,-720.0,0,,,,,
2026-04-10 19:35:23,TV_Plug_1,Smart Plug / Outlet,Switch State,On,Human,33.8,44.9,50.0,7.8,11.0,0.0,0,41.0,-720.0,0,,,,,
2026-04-10 21:55:00,Bedroom_LED_2,Smart LED Bulb,Power State,On,Human,34.7,41.6,35.0,22.5,23.0,0.0,0,180.6,-720.0,0,,,,,
2026-04-10 21:56:00,Bedroom_LED_2,Smart LED Bulb,Brightness,40,Human,37.2,41.8,53.0,21.8,20.0,0.0,0,181.6,-720.0,0,,,,,
2026-04-10 21:57:00,Bedroom_LED_2,Smart LED Bulb,Color Temperature,2700,Human,39.6,42.3,53.0,7.5,6.0,0.0,0,182.6,-720.0,0,,,,,
2026-04-10 22:31:00,Bedroom_AC_2,Smart Air Conditioner,Target Temperature,19,Human,34.8,40.9,51.0,12.9,20.0,0.0,0,216.6,-720.0,0,,,,,
2026-04-10 22:32:00,Bedroom_AC_2,Smart Air Conditioner,Operation Mode,Cool,Human,33.7,41.3,54.0,15.7,8.0,0.0,0,217.6,-720.0,0,,,,,
2026-04-10 22:39:00,FrontDoor_Cam_1,Security Camera,Privacy Mode,Enabled,Human,38.8,44.0,41.0,13.1,6.0,0.0,0,224.6,-720.0,0,,,,,
2026-04-10 23:14:00,LivingRoom_LED_1,Smart LED Bulb,Power State,Off,Human,34.7,43.6,44.0,16.2,9.0,0.0,0,259.6,-720.0,0,,,,,
2026-04-10 23:16:00,TV_Plug_1,Smart Plug / Outlet,Switch State,Off,Human,38.9,37.3,55.0,11.7,6.0,0.0,0,261.6,-720.0,0,,,,,
2026-04-10 23:17:00,Bedroom_Plug_1,Smart Plug / Outlet,Switch State,Off,Human,28.8,39.5,37.0,11.6,15.0,0.0,0,262.6,-720.0,0,,,,,
2026-04-11 06:23:00,Garden_Irrigation_1,Smart Irrigation Controller,Zone 1 State,On,Human,35.7,39.2,46.0,11.8,14.0,0.0,0,-720.0,1.8,0,,,,,
2026-04-11 09:03:00,Hallway_Vacuum_1,Robot Vacuum,Cleaning State,Clean,Human,37.5,43.4,50.0,13.0,5.0,11.3,0,-591.7,-158.2,1,,,,,
2026-04-11 09:04:00,Hallway_Vacuum_1,Robot Vacuum,Suction Power,Max,Human,38.3,44.3,53.0,6.2,6.0,8.8,0,-590.7,-159.2,1,,,,,
2026-04-11 13:00:00,LivingRoom_Fan_1,Smart Ceiling Fan,Power State,On,Human,41.9,38.6,52.0,19.8,5.0,10.9,0,-354.7,-395.2,1,,,,,
2026-04-11 13:01:00,LivingRoom_Fan_1,Smart Ceiling Fan,Fan Speed,High,Human,39.1,38.2,54.0,19.9,17.0,10.0,0,-353.7,-396.2,1,,,,,
2026-04-11 14:18:00,LivingRoom_AC_1,Smart Air Conditioner,Target Temperature,21,Human,36.5,46.2,42.0,18.1,7.0,10.6,0,-276.7,-473.2,1,,,,,
2026-04-11 14:19:00,LivingRoom_AC_1,Smart Air Conditioner,Operation Mode,Cool,Human,33.3,43.8,51.0,2.8,14.0,9.0,0,-275.7,-474.2,1,,,,,
2026-04-11 17:51:00,LivingRoom_Fan_1,Smart Ceiling Fan,Power State,Off,Human,32.1,45.2,53.0,12.4,22.0,7.0,0,-63.7,-686.2,1,,,,,
2026-04-11 19:00:39,LivingRoom_LED_1,Smart LED Bulb,Power State,On,Human,36.4,43.2,41.0,19.5,9.0,0.0,0,6.0,-720.0,0,,,,,
2026-04-11 19:01:39,LivingRoom_LED_1,Smart LED Bulb,Brightness,70,Human,45.3,38.4,52.0,15.5,7.0,0.0,0,7.0,-720.0,0,,,,,
2026-04-11 19:02:39,LivingRoom_LED_1,Smart LED Bulb,Color Temperature,3000,Human,35.6,39.5,42.0,15.5,19.0,0.0,0,8.0,-720.0,0,,,,,
2026-04-11 19:25:39,TV_Plug_1,Smart Plug / Outlet,Switch State,On,Human,36.1,41.5,52.0,11.3,24.0,0.0,0,31.0,-720.0,0,,,,,
2026-04-11 21:52:00,Bedroom_LED_2,Smart LED Bulb,Power State,On,Human,36.9,47.1,54.0,8.0,16.0,0.0,0,177.3,-720.0,0,,,,,
2026-04-11 21:53:00,Bedroom_LED_2,Smart LED Bulb,Brightness,30,Human,40.5,40.9,55.0,11.5,10.0,0.0,0,178.3,-720.0,0,,,,,
2026-04-11 21:54:00,Bedroom_LED_2,Smart LED Bulb,Color Temperature,2700,Human,39.7,40.3,45.0,13.8,5.0,0.0,0,179.3,-720.0,0,,,,,
2026-04-11 22:22:00,Bedroom_AC_2,Smart Air Conditioner,Target Temperature,19,Human,37.7,38.8,45.0,17.4,6.0,0.0,0,207.3,-720.0,0,,,,,
2026-04-11 22:23:00,Bedroom_AC_2,Smart Air Conditioner,Operation Mode,Cool,Human,37.8,37.4,36.0,14.1,12.0,0.0,0,208.3,-720.0,0,,,,,
2026-04-11 22:37:00,FrontDoor_Cam_1,Security Camera,Privacy Mode,Disabled,Human,30.9,44.0,52.0,22.9,21.0,0.0,0,222.3,-720.0,0,,,,,
2026-04-11 23:09:00,LivingRoom_LED_1,Smart LED Bulb,Power State,Off,Human,32.2,45.3,47.0,16.2,21.0,0.0,0,254.3,-720.0,0,,,,,
2026-04-11 23:11:00,TV_Plug_1,Smart Plug / Outlet,Switch State,Off,Human,32.8,33.3,47.0,7.4,13.0,0.0,0,256.3,-720.0,0,,,,,
2026-04-11 23:12:00,Bedroom_Plug_1,Smart Plug / Outlet,Switch State,Off,Human,36.5,39.4,47.0,23.0,21.0,0.0,0,257.3,-720.0,0,,,,,
2026-04-12 06:39:00,Garden_Irrigation_1,Smart Irrigation Controller,Zone 1 State,On,Human,29.6,41.4,49.0,21.6,19.0,0.0,0,-720.0,-15.0,1,,,,,
2026-04-12 12:30:00,LivingRoom_Fan_1,Smart Ceiling Fan,Power State,On,Human,36.8,46.5,36.0,6.8,13.0,7.7,0,-384.9,-366.0,1,,,,,
2026-04-12 12:31:00,LivingRoom_Fan_1,Smart Ceiling Fan,Fan Speed,High,Human,33.2,39.0,36.0,7.4,6.0,8.2,0,-383.9,-367.0,1,,,,,
2026-04-12 14:45:00,LivingRoom_AC_1,Smart Air Conditioner,Target Temperature,21,Human,33.9,38.9,45.0,23.4,6.0,10.1,0,-249.9,-501.0,1,,,,,
2026-04-12 14:46:00,LivingRoom_AC_1,Smart Air Conditioner,Operation Mode,Cool,Human,37.2,40.6,40.0,11.3,17.0,11.3,0,-248.9,-502.0,1,,,,,
2026-04-12 18:00:00,LivingRoom_LED_1,Smart LED Bulb,Brightness,50,Automation,35.5,41.4,37.0,6.4,10.0,0.0,0,-54.9,-696.0,1,,,,,
2026-04-12 18:02:00,LivingRoom_Fan_1,Smart Ceiling Fan,Power State,Off,Human,32.9,43.4,46.0,13.7,17.0,0.0,0,-52.9,-698.0,1,,,,,
2026-04-12 19:13:55,LivingRoom_LED_1,Smart LED Bulb,Power State,On,Human,34.8,43.6,39.0,17.7,14.0,0.0,0,19.0,-720.0,0,,,,,
2026-04-12 19:14:55,LivingRoom_LED_1,Smart LED Bulb,Brightness,60,Human,40.1,39.6,39.0,15.5,14.0,0.0,0,20.0,-720.0,0,,,,,
2026-04-12 19:15:55,LivingRoom_LED_1,Smart LED Bulb,Color Temperature,2700,Human,34.7,43.5,35.0,13.5,11.0,0.0,0,21.0,-720.0,0,,,,,
2026-04-12 19:30:55,TV_Plug_1,Smart Plug / Outlet,Switch State,On,Human,37.5,38.7,56.0,12.0,6.0,0.0,0,36.0,-720.0,0,,,,,
2026-04-12 22:02:00,Bedroom_LED_2,Smart LED Bulb,Power State,On,Human,37.0,46.1,46.0,18.3,15.0,0.0,0,187.1,-720.0,0,,,,,
2026-04-12 22:03:00,Bedroom_LED_2,Smart LED Bulb,Brightness,40,Human,37.2,38.9,50.0,12.2,15.0,0.0,0,188.1,-720.0,0,,,,,
2026-04-12 22:04:00,Bedroom_LED_2,Smart LED Bulb,Color Temperature,2700,Human,37.9,39.7,40.0,13.7,18.0,0.0,0,189.1,-720.0,0,,,,,
2026-04-12 22:29:00,Bedroom_AC_2,Smart Air Conditioner,Target Temperature,19,Human,37.0,45.4,57.0,17.6,12.0,0.0,0,214.1,-720.0,0,,,,,
2026-04-12 22:30:00,Bedroom_AC_2,Smart Air Conditioner,Operation Mode,Cool,Human,35.6,42.8,54.0,16.7,20.0,0.0,0,215.1,-720.0,0,,,,,
2026-04-12 22:40:00,FrontDoor_Cam_1,Security Camera,Privacy Mode,Disabled,Human,38.7,40.8,45.0,10.6,6.0,0.0,0,225.1,-720.0,0,,,,,
2026-04-12 23:13:00,LivingRoom_LED_1,Smart LED Bulb,Power State,Off,Human,34.1,42.6,51.0,13.6,21.0,0.0,0,258.1,-720.0,0,,,,,
2026-04-12 23:15:00,TV_Plug_1,Smart Plug / Outlet,Switch State,Off,Human,38.9,34.9,44.0,9.0,22.0,0.0,0,260.1,-720.0,0,,,,,
2026-04-12 23:16:00,Bedroom_Plug_1,Smart Plug / Outlet,Switch State,Off,Human,36.4,39.8,51.0,18.3,20.0,0.0,0,261.1,-720.0,0,,,,,
2026-04-13 06:23:00,Garden_Irrigation_1,Smart Irrigation Controller,Zone 1 State,On,Human,43.9,43.8,57.0,20.9,12.0,0.0,0,-720.0,0.2,0,,,,,
2026-04-13 06:39:11,LivingRoom_Blinds_1,Smart Blinds / Shades,Open/Close Percentage,94,Human,33.6,42.9,46.0,21.9,8.0,0.0,0,-720.0,-16.0,1,,,,,
2026-04-13 06:57:00,LivingRoom_AC_1,Smart Air Conditioner,Target Temperature,21,Human,40.9,40.1,41.0,10.7,12.0,0.0,0,-718.2,-33.8,1,,,,,
2026-04-13 06:58:00,LivingRoom_AC_1,Smart Air Conditioner,Operation Mode,Cool,Human,33.2,44.2,41.0,17.4,22.0,0.0,0,-717.2,-34.8,1,,,,,
2026-04-13 06:59:00,LivingRoom_AC_1,Smart Air Conditioner,Fan Speed,Low,Human,39.4,45.6,37.0,12.9,21.0,0.0,0,-716.2,-35.8,1,,,,,
2026-04-13 08:06:00,Kitchen_Speaker_1,Smart Speaker / Receiver,Playback State,Play,Human,39.6,43.5,39.0,13.6,5.0,8.5,0,-649.2,-102.8,1,,,,,
2026-04-13 08:07:00,Kitchen_Speaker_1,Smart Speaker / Receiver,Volume Level,35,Human,32.5,36.2,35.0,18.0,22.0,10.9,0,-648.2,-103.8,1,,,,,
2026-04-13 08:59:00,Kitchen_Speaker_1,Smart Speaker / Receiver,Playback State,Stop,Human,37.0,36.9,39.0,18.1,22.0,8.8,0,-596.2,-155.8,1,,,,,
2026-04-13 12:40:00,LivingRoom_Fan_1,Smart Ceiling Fan,Power State,On,Human,38.4,42.7,38.0,13.3,16.0,7.8,0,-375.2,-376.8,1,,,,,
2026-04-13 12:41:00,LivingRoom_Fan_1,Smart Ceiling Fan,Fan Speed,High,Human,37.9,39.7,37.0,23.3,15.0,9.2,0,-374.2,-377.8,1,,,,,
2026-04-13 17:40:00,LivingRoom_Fan_1,Smart Ceiling Fan,Power State,Off,Human,30.6,36.4,44.0,16.9,5.0,10.8,0,-75.2,-676.8,1,,,,,
2026-04-13 18:46:11,LivingRoom_Blinds_1,Smart Blinds / Shades,Open/Close Percentage,0,Human,37.7,39.5,41.0,15.5,6.0,0.0,0,-9.0,-720.0,1,,,,,
2026-04-13 19:00:11,LivingRoom_LED_1,Smart LED Bulb,Power State,On,Human,32.3,47.2,47.0,7.3,8.0,0.0,0,5.0,-720.0,0,,,,,
2026-04-13 19:01:11,LivingRoom_LED_1,Smart LED Bulb,Brightness,70,Human,40.9,39.9,47.0,13.5,18.0,0.0,0,6.0,-720.0,0,,,,,
2026-04-13 19:02:11,LivingRoom_LED_1,Smart LED Bulb,Color Temperature,3000,Human,32.6,44.0,55.0,20.4,5.0,0.0,0,7.0,-720.0,0,,,,,
2026-04-13 19:52:11,TV_Plug_1,Smart Plug / Outlet,Switch State,On,Human,37.7,39.4,42.0,13.2,12.0,0.0,0,57.0,-720.0,0,,,,,
2026-04-13 22:07:00,Bedroom_LED_2,Smart LED Bulb,Power State,On,Human,36.4,39.3,42.0,12.1,12.0,0.0,0,191.8,-720.0,0,,,,,
2026-04-13 22:08:00,Bedroom_LED_2,Smart LED Bulb,Brightness,40,Human,38.2,43.7,55.0,12.3,22.0,0.0,0,192.8,-720.0,0,,,,,
2026-04-13 22:09:00,Bedroom_LED_2,Smart LED Bulb,Color Temperature,2700,Human,32.5,42.4,38.0,17.7,10.0,0.0,0,193.8,-720.0,0,,,,,
2026-04-13 22:44:00,Bedroom_AC_2,Smart Air Conditioner,Target Temperature,19,Human,38.2,36.0,51.0,12.4,6.0,0.0,0,228.8,-720.0,0,,,,,
2026-04-13 22:45:00,Bedroom_AC_2,Smart Air Conditioner,Operation Mode,Cool,Human,35.9,39.0,54.0,10.7,19.0,0.0,0,229.8,-720.0,0,,,,,
2026-04-13 22:53:00,FrontDoor_Cam_1,Security Camera,Privacy Mode,Enabled,Human,38.1,39.9,41.0,5.2,15.0,0.0,0,237.8,-720.0,0,,,,,
2026-04-13 23:02:00,LivingRoom_LED_1,Smart LED Bulb,Power State,Off,Human,38.6,45.8,37.0,15.4,7.0,0.0,0,246.8,-720.0,0,,,,,
2026-04-13 23:04:00,TV_Plug_1,Smart Plug / Outlet,Switch State,Off,Human,37.2,36.7,56.0,9.5,10.0,0.0,0,248.8,-720.0,0,,,,,
2026-04-13 23:05:00,Bedroom_Plug_1,Smart Plug / Outlet,Switch State,Off,Human,33.7,42.8,40.0,11.9,9.0,0.0,0,249.8,-720.0,0,,,,,
2026-04-14 06:34:25,LivingRoom_Blinds_1,Smart Blinds / Shades,Open/Close Percentage,99,Human,38.6,45.9,47.0,13.6,10.0,0.0,0,-720.0,-12.0,1,,,,,
2026-04-14 06:36:00,Garden_Irrigation_1,Smart Irrigation Controller,Zone 1 State,On,Human,32.9,45.6,55.0,11.3,10.0,0.0,0,-720.0,-13.6,1,,,,,
2026-04-14 06:50:00,LivingRoom_AC_1,Smart Air Conditioner,Target Temperature,19,Human,35.9,41.9,48.0,15.3,9.0,0.0,0,-720.0,-27.6,1,,,,,
2026-04-14 06:51:00,LivingRoom_AC_1,Smart Air Conditioner,Operation Mode,Cool,Human,44.1,40.9,57.0,15.5,9.0,0.0,0,-720.0,-28.6,1,,,,,
2026-04-14 06:52:00,LivingRoom_AC_1,Smart Air Conditioner,Fan Speed,Low,Human,37.3,39.3,41.0,6.2,22.0,0.0,0,-720.0,-29.6,1,,,,,
2026-04-14 07:54:00,Kitchen_Speaker_1,Smart Speaker / Receiver,Playback State,Play,Human,39.5,44.2,54.0,16.6,20.0,0.0,0,-661.5,-91.6,1,,,,,
2026-04-14 07:55:00,Kitchen_Speaker_1,Smart Speaker / Receiver,Volume Level,30,Human,33.2,46.9,48.0,17.2,14.0,0.0,0,-660.5,-92.6,1,,,,,
2026-04-14 08:56:00,Kitchen_Speaker_1,Smart Speaker / Receiver,Playback State,Stop,Human,34.1,42.9,41.0,17.0,17.0,11.9,0,-599.5,-153.6,1,,,,,
2026-04-14 12:00:00,LivingRoom_AC_1,Smart Air Conditioner,Target Temperature,26,Automation,34.2,47.1,46.0,17.6,19.0,9.6,0,-415.5,-337.6,1,,,,,
2026-04-14 13:25:00,LivingRoom_Fan_1,Smart Ceiling Fan,Power State,On,Human,35.5,45.2,47.0,15.4,18.0,11.9,0,-330.5,-422.6,1,,,,,
2026-04-14 13:26:00,LivingRoom_Fan_1,Smart Ceiling Fan,Fan Speed,High,Human,35.5,48.8,56.0,9.1,16.0,10.7,0,-329.5,-423.6,1,,,,,
2026-04-14 17:53:00,LivingRoom_Fan_1,Smart Ceiling Fan,Power State,Off,Human,35.1,43.4,40.0,15.6,15.0,7.4,0,-62.5,-690.6,1,,,,,
2026-04-14 18:55:27,LivingRoom_Blinds_1,Smart Blinds / Shades,Open/Close Percentage,0,Human,35.9,45.9,48.0,14.6,19.0,0.0,0,0.0,-720.0,1,,,,,
2026-04-14 19:01:27,LivingRoom_LED_1,Smart LED Bulb,Power State,On,Human,31.7,36.4,44.0,16.2,8.0,0.0,0,6.0,-720.0,0,,,,,
2026-04-14 19:02:27,LivingRoom_LED_1,Smart LED Bulb,Brightness,65,Human,36.4,41.6,49.0,13.0,10.0,0.0,0,7.0,-720.0,0,,,,,
2026-04-14 19:03:27,LivingRoom_LED_1,Smart LED Bulb,Color Temperature,2700,Human,34.5,36.2,53.0,13.3,21.0,0.0,0,8.0,-720.0,0,,,,,
2026-04-14 19:35:27,TV_Plug_1,Smart Plug / Outlet,Switch State,On,Human,33.9,43.0,39.0,13.5,21.0,0.0,0,40.0,-720.0,0,,,,,
2026-04-14 21:58:00,Bedroom_LED_2,Smart LED Bulb,Power State,On,Human,37.4,41.4,45.0,17.2,7.0,0.0,0,182.5,-720.0,0,,,,,
2026-04-14 21:59:00,Bedroom_LED_2,Smart LED Bulb,Brightness,40,Human,36.5,40.7,54.0,28.3,9.0,0.0,0,183.5,-720.0,0,,,,,
2026-04-14 22:00:00,Bedroom_LED_2,Smart LED Bulb,Color Temperature,2700,Human,36.3,39.2,52.0,20.1,15.0,0.0,0,184.5,-720.0,0,,,,,
2026-04-14 22:16:00,Bedroom_AC_2,Smart Air Conditioner,Target Temperature,19,Human,41.9,38.0,42.0,14.6,15.0,0.0,0,200.5,-720.0,0,,,,,
2026-04-14 22:17:00,Bedroom_AC_2,Smart Air Conditioner,Operation Mode,Cool,Human,33.6,39.0,49.0,10.5,21.0,0.0,0,201.5,-720.0,0,,,,,
2026-04-14 22:37:00,FrontDoor_Cam_1,Security Camera,Privacy Mode,Enabled,Human,40.1,42.9,40.0,0.0,9.0,0.0,0,221.5,-720.0,0,,,,,
2026-04-14 22:58:00,LivingRoom_LED_1,Smart LED Bulb,Power State,Off,Human,38.3,45.9,36.0,17.3,19.0,0.0,0,242.5,-720.0,0,,,,,
2026-04-14 23:00:00,TV_Plug_1,Smart Plug / Outlet,Switch State,Off,Human,35.1,43.5,40.0,15.3,16.0,0.0,0,244.5,-720.0,0,,,,,
2026-04-14 23:01:00,Bedroom_Plug_1,Smart Plug / Outlet,Switch State,Off,Human,36.9,44.9,46.0,10.4,20.0,0.0,0,245.5,-720.0,0,,,,,
2026-04-15 06:33:00,Garden_Irrigation_1,Smart Irrigation Controller,Zone 1 State,On,Human,36.3,42.0,49.0,15.9,17.0,0.0,0,-720.0,-11.3,1,,,,,
2026-04-15 06:48:39,LivingRoom_Blinds_1,Smart Blinds / Shades,Open/Close Percentage,93,Human,33.9,40.8,36.0,4.2,24.0,0.0,0,-720.0,-27.0,1,,,,,
2026-04-15 06:56:00,LivingRoom_AC_1,Smart Air Conditioner,Target Temperature,20,Human,40.2,39.4,43.0,11.5,23.0,0.0,0,-719.7,-34.3,1,,,,,
2026-04-15 06:57:00,LivingRoom_AC_1,Smart Air Conditioner,Operation Mode,Cool,Human,31.1,45.2,52.0,10.1,23.0,0.0,0,-718.7,-35.3,1,,,,,
2026-04-15 06:58:00,LivingRoom_AC_1,Smart Air Conditioner,Fan Speed,Med,Human,33.4,40.3,55.0,15.6,19.0,0.0,0,-717.7,-36.3,1,,,,,
2026-04-15 08:03:00,Kitchen_Speaker_1,Smart Speaker / Receiver,Playback State,Play,Human,31.9,42.7,51.0,10.6,7.0,7.3,0,-652.7,-101.3,1,,,,,
2026-04-15 08:04:00,Kitchen_Speaker_1,Smart Speaker / Receiver,Volume Level,30,Human,35.8,36.5,50.0,11.8,24.0,9.4,0,-651.7,-102.3,1,,,,,
2026-04-15 08:52:00,Kitchen_Speaker_1,Smart Speaker / Receiver,Playback State,Stop,Human,39.5,43.0,51.0,7.2,16.0,9.6,0,-603.7,-150.3,1,,,,,
2026-04-15 12:56:00,LivingRoom_Fan_1,Smart Ceiling Fan,Power State,On,Human,30.6,39.8,45.0,8.8,19.0,8.6,0,-359.7,-394.3,1,,,,,
2026-04-15 12:57:00,LivingRoom_Fan_1,Smart Ceiling Fan,Fan Speed,High,Human,36.6,44.6,39.0,15.5,11.0,10.1,0,-358.7,-395.3,1,,,,,
2026-04-15 17:57:00,LivingRoom_Fan_1,Smart Ceiling Fan,Power State,Off,Human,34.9,43.7,52.0,4.6,6.0,8.6,0,-58.7,-695.3,1,,,,,
2026-04-15 18:43:43,LivingRoom_Blinds_1,Smart Blinds / Shades,Open/Close Percentage,0,Human,35.6,47.1,51.0,19.1,11.0,0.0,0,-12.0,-720.0,1,,,,,
2026-04-15 19:11:43,LivingRoom_LED_1,Smart LED Bulb,Power State,On,Human,36.8,42.8,54.0,24.0,24.0,0.0,0,16.0,-720.0,0,,,,,
2026-04-15 19:12:43,LivingRoom_LED_1,Smart LED Bulb,Brightness,75,Human,27.8,43.0,41.0,10.7,7.0,0.0,0,17.0,-720.0,0,,,,,
2026-04-15 19:13:43,LivingRoom_LED_1,Smart LED Bulb,Color Temperature,3000,Human,34.9,41.3,43.0,19.7,17.0,0.0,0,18.0,-720.0,0,,,,,
2026-04-15 19:32:43,TV_Plug_1,Smart Plug / Outlet,Switch State,On,Human,39.8,40.0,46.0,26.0,19.0,0.0,0,37.0,-720.0,0,,,,,
2026-04-15 21:53:00,Bedroom_LED_2,Smart LED Bulb,Power State,On,Human,29.6,39.7,44.0,4.8,6.0,0.0,0,177.3,-720.0,0,,,,,
2026-04-15 21:54:00,Bedroom_LED_2,Smart LED Bulb,Brightness,40,Human,32.2,47.0,50.0,14.6,10.0,0.0,0,178.3,-720.0,0,,,,,
2026-04-15 21:55:00,Bedroom_LED_2,Smart LED Bulb,Color Temperature,2700,Human,38.1,41.2,42.0,21.2,11.0,0.0,0,179.3,-720.0,0,,,,,
2026-04-15 22:15:00,Bedroom_AC_2,Smart Air Conditioner,Target Temperature,19,Human,32.1,36.6,43.0,11.5,13.0,0.0,0,199.3,-720.0,0,,,,,
2026-04-15 22:16:00,Bedroom_AC_2,Smart Air Conditioner,Operation Mode,Fan,Human,29.7,41.4,36.0,13.4,7.0,0.0,0,200.3,-720.0,0,,,,,
2026-04-15 22:38:00,FrontDoor_Cam_1,Security Camera,Privacy Mode,Disabled,Human,35.6,37.1,51.0,17.7,5.0,0.0,0,222.3,-720.0,0,,,,,
2026-04-15 22:47:00,LivingRoom_LED_1,Smart LED Bulb,Power State,Off,Human,31.3,42.1,43.0,9.2,16.0,0.0,0,231.3,-720.0,0,,,,,
2026-04-15 22:49:00,TV_Plug_1,Smart Plug / Outlet,Switch State,Off,Human,38.8,42.9,55.0,12.1,21.0,0.0,0,233.3,-720.0,0,,,,,
2026-04-15 22:50:00,Bedroom_Plug_1,Smart Plug / Outlet,Switch State,Off,Human,40.0,39.8,45.0,15.4,7.0,0.0,0,234.3,-720.0,0,,,,,
2026-04-16 06:33:54,LivingRoom_Blinds_1,Smart Blinds / Shades,Open/Close Percentage,85,Human,36.7,39.8,44.0,17.9,21.0,0.0,0,-720.0,-13.0,1,,,,,
2026-04-16 06:37:00,Garden_Irrigation_1,Smart Irrigation Controller,Zone 1 State,On,Human,40.8,42.4,44.0,21.6,8.0,0.0,0,-720.0,-16.1,1,,,,,
2026-04-16 07:08:00,LivingRoom_AC_1,Smart Air Conditioner,Target Temperature,21,Human,37.1,44.4,52.0,7.5,14.0,0.0,0,-708.0,-47.1,1,,,,,
2026-04-16 07:09:00,LivingRoom_AC_1,Smart Air Conditioner,Operation Mode,Cool,Human,41.0,41.1,41.0,14.5,8.0,0.0,0,-707.0,-48.1,1,,,,,
2026-04-16 07:10:00,LivingRoom_AC_1,Smart Air Conditioner,Fan Speed,Low,Human,35.6,41.1,47.0,3.8,11.0,0.0,0,-706.0,-49.1,1,,,,,
2026-04-16 07:51:00,Kitchen_Speaker_1,Smart Speaker / Receiver,Playback State,Play,Human,32.8,40.9,35.0,16.9,5.0,0.0,0,-665.0,-90.1,1,,,,,
2026-04-16 07:52:00,Kitchen_Speaker_1,Smart Speaker / Receiver,Volume Level,35,Human,38.0,40.8,36.0,22.6,19.0,0.0,0,-664.0,-91.1,1,,,,,
2026-04-16 09:04:00,Kitchen_Speaker_1,Smart Speaker / Receiver,Playback State,Stop,Human,30.2,40.9,53.0,6.6,11.0,8.3,0,-592.0,-163.1,1,,,,,
2026-04-16 13:03:00,LivingRoom_Fan_1,Smart Ceiling Fan,Power State,On,Human,36.2,40.2,42.0,14.1,21.0,8.0,0,-353.0,-402.1,1,,,,,
2026-04-16 13:04:00,LivingRoom_Fan_1,Smart Ceiling Fan,Fan Speed,High,Human,32.8,42.3,37.0,14.7,13.0,11.6,0,-352.0,-403.1,1,,,,,
2026-04-16 17:54:00,LivingRoom_Fan_1,Smart Ceiling Fan,Power State,Off,Human,37.4,42.5,43.0,5.0,17.0,9.2,0,-62.0,-693.1,1,,,,,
2026-04-16 18:56:00,LivingRoom_Blinds_1,Smart Blinds / Shades,Open/Close Percentage,10,Human,38.5,36.3,44.0,12.7,9.0,0.0,0,0.0,-720.0,1,,,,,
2026-04-16 19:01:00,LivingRoom_LED_1,Smart LED Bulb,Power State,On,Human,40.6,37.0,44.0,12.7,6.0,0.0,0,5.0,-720.0,0,,,,,
2026-04-16 19:02:00,LivingRoom_LED_1,Smart LED Bulb,Brightness,65,Human,39.6,43.6,37.0,18.1,17.0,0.0,0,6.0,-720.0,0,,,,,
2026-04-16 19:03:00,LivingRoom_LED_1,Smart LED Bulb,Color Temperature,3000,Human,30.1,41.3,55.0,13.2,12.0,0.0,0,7.0,-720.0,0,,,,,
2026-04-16 19:27:00,TV_Plug_1,Smart Plug / Outlet,Switch State,On,Human,37.2,43.5,57.0,15.9,19.0,0.0,0,31.0,-720.0,0,,,,,
2026-04-16 22:08:00,Bedroom_LED_2,Smart LED Bulb,Power State,On,Human,34.4,39.4,51.0,13.0,6.0,0.0,0,192.0,-720.0,0,,,,,
2026-04-16 22:09:00,Bedroom_LED_2,Smart LED Bulb,Brightness,50,Human,33.2,47.0,35.0,16.3,7.0,0.0,0,193.0,-720.0,0,,,,,
2026-04-16 22:10:00,Bedroom_LED_2,Smart LED Bulb,Color Temperature,2700,Human,36.1,41.4,43.0,15.6,21.0,0.0,0,194.0,-720.0,0,,,,,
2026-04-16 22:19:00,Bedroom_AC_2,Smart Air Conditioner,Target Temperature,19,Human,39.2,40.9,38.0,18.1,6.0,0.0,0,203.0,-720.0,0,,,,,
2026-04-16 22:20:00,Bedroom_AC_2,Smart Air Conditioner,Operation Mode,Cool,Human,30.8,40.0,47.0,13.0,5.0,0.0,0,204.0,-720.0,0,,,,,
2026-04-16 22:40:00,FrontDoor_Cam_1,Security Camera,Privacy Mode,Enabled,Human,32.5,41.8,51.0,15.2,9.0,0.0,0,224.0,-720.0,0,,,,,
2026-04-16 22:56:00,LivingRoom_LED_1,Smart LED Bulb,Power State,Off,Human,43.2,44.5,40.0,25.6,8.0,0.0,0,240.0,-720.0,0,,,,,
2026-04-16 22:58:00,TV_Plug_1,Smart Plug / Outlet,Switch State,Off,Human,33.7,41.7,52.0,14.4,17.0,0.0,0,242.0,-720.0,0,,,,,
2026-04-16 22:59:00,Bedroom_Plug_1,Smart Plug / Outlet,Switch State,Off,Human,37.4,38.7,40.0,11.7,18.0,0.0,0,243.0,-720.0,0,,,,,
2026-04-17 06:23:00,Garden_Irrigation_1,Smart Irrigation Controller,Zone 1 State,On,Human,33.4,40.4,39.0,10.3,20.0,0.0,0,-720.0,-2.8,1,,,,,
2026-04-17 06:46:09,LivingRoom_Blinds_1,Smart Blinds / Shades,Open/Close Percentage,81,Human,33.7,42.9,35.0,14.0,8.0,0.0,0,-720.0,-26.0,1,,,,,
2026-04-17 06:54:00,LivingRoom_AC_1,Smart Air Conditioner,Target Temperature,21,Human,35.3,46.5,53.0,9.5,19.0,0.0,0,-720.0,-33.8,1,,,,,
2026-04-17 06:55:00,LivingRoom_AC_1,Smart Air Conditioner,Operation Mode,Cool,Human,39.2,39.4,41.0,18.7,11.0,0.0,0,-720.0,-34.8,1,,,,,
2026-04-17 06:56:00,LivingRoom_AC_1,Smart Air Conditioner,Fan Speed,High,Human,35.0,44.8,42.0,19.0,23.0,0.0,0,-720.0,-35.8,1,,,,,
2026-04-17 07:54:00,Kitchen_Speaker_1,Smart Speaker / Receiver,Playback State,Play,Human,39.9,43.4,55.0,22.2,21.0,0.0,0,-662.3,-93.8,1,,,,,
2026-04-17 07:55:00,Kitchen_Speaker_1,Smart Speaker / Receiver,Volume Level,35,Human,29.7,44.4,54.0,6.0,9.0,0.0,0,-661.3,-94.8,1,,,,,
2026-04-17 09:06:00,Kitchen_Speaker_1,Smart Speaker / Receiver,Playback State,Stop,Human,41.5,43.9,43.0,16.5,20.0,8.3,0,-590.3,-165.8,1,,,,,
2026-04-17 12:00:00,LivingRoom_AC_1,Smart Air Conditioner,Target Temperature,26,Automation,32.7,46.3,51.0,16.4,22.0,7.7,0,-416.3,-339.8,1,,,,,
2026-04-17 12:39:00,LivingRoom_Fan_1,Smart Ceiling Fan,Power State,On,Human,37.1,45.7,43.0,9.0,6.0,11.6,0,-377.3,-378.8,1,,,,,
2026-04-17 12:40:00,LivingRoom_Fan_1,Smart Ceiling Fan,Fan Speed,Med,Human,35.1,43.1,53.0,16.2,12.0,11.6,0,-376.3,-379.8,1,,,,,
2026-04-17 18:01:00,LivingRoom_Fan_1,Smart Ceiling Fan,Power State,Off,Human,35.6,40.0,40.0,16.1,17.0,0.0,0,-55.3,-700.8,1,,,,,
2026-04-17 18:43:17,LivingRoom_Blinds_1,Smart Blinds / Shades,Open/Close Percentage,0,Human,32.0,43.4,56.0,11.8,13.0,0.0,0,-13.0,-720.0,1,,,,,
2026-04-17 19:04:17,LivingRoom_LED_1,Smart LED Bulb,Power State,On,Human,34.0,46.7,52.0,12.7,15.0,0.0,0,8.0,-720.0,0,,,,,
2026-04-17 19:05:17,LivingRoom_LED_1,Smart LED Bulb,Brightness,70,Human,39.2,37.1,56.0,15.2,23.0,0.0,0,9.0,-720.0,0,,,,,
2026-04-17 19:06:17,LivingRoom_LED_1,Smart LED Bulb,Color Temperature,2700,Human,38.6,43.6,54.0,14.8,6.0,0.0,0,10.0,-720.0,0,,,,,
2026-04-17 19:37:17,TV_Plug_1,Smart Plug / Outlet,Switch State,On,Human,38.2,36.7,46.0,18.7,14.0,0.0,0,41.0,-720.0,0,,,,,
2026-04-17 21:54:00,Bedroom_LED_2,Smart LED Bulb,Power State,On,Human,38.2,42.4,45.0,16.9,8.0,0.0,0,177.7,-720.0,0,,,,,
2026-04-17 21:55:00,Bedroom_LED_2,Smart LED Bulb,Brightness,40,Human,38.5,41.0,50.0,11.4,24.0,0.0,0,178.7,-720.0,0,,,,,
2026-04-17 21:56:00,Bedroom_LED_2,Smart LED Bulb,Color Temperature,3000,Human,37.1,46.4,46.0,22.8,20.0,0.0,0,179.7,-720.0,0,,,,,
2026-04-17 22:19:00,Bedroom_AC_2,Smart Air Conditioner,Target Temperature,19,Human,35.4,37.1,42.0,14.4,21.0,0.0,0,202.7,-720.0,0,,,,,
2026-04-17 22:20:00,Bedroom_AC_2,Smart Air Conditioner,Operation Mode,Cool,Human,33.6,45.8,44.0,10.8,10.0,0.0,0,203.7,-720.0,0,,,,,
2026-04-17 22:54:00,FrontDoor_Cam_1,Security Camera,Privacy Mode,Disabled,Human,36.7,42.4,44.0,12.6,11.0,0.0,0,237.7,-720.0,0,,,,,
2026-04-17 22:59:00,LivingRoom_LED_1,Smart LED Bulb,Power State,Off,Human,35.2,42.2,47.0,13.0,11.0,0.0,0,242.7,-720.0,0,,,,,
2026-04-17 23:01:00,TV_Plug_1,Smart Plug / Outlet,Switch State,Off,Human,35.1,37.1,53.0,18.6,5.0,0.0,0,244.7,-720.0,0,,,,,
2026-04-17 23:02:00,Bedroom_Plug_1,Smart Plug / Outlet,Switch State,Off,Human,32.0,41.9,40.0,9.4,12.0,0.0,0,245.7,-720.0,0,,,,,
2026-04-18 06:28:00,Garden_Irrigation_1,Smart Irrigation Controller,Zone 1 State,On,Human,29.1,40.6,45.0,12.5,6.0,0.0,0,-720.0,-8.6,1,,,,,
2026-04-18 08:51:00,Hallway_Vacuum_1,Robot Vacuum,Cleaning State,Clean,Human,36.0,39.7,48.0,11.5,8.0,10.3,0,-605.6,-151.6,1,,,,,
2026-04-18 08:52:00,Hallway_Vacuum_1,Robot Vacuum,Suction Power,Standard,Human,39.3,40.6,46.0,4.8,14.0,8.2,0,-604.6,-152.6,1,,,,,
2026-04-18 12:00:00,LivingRoom_AC_1,Smart Air Conditioner,Target Temperature,26,Automation,34.0,47.8,48.0,9.0,21.0,10.5,0,-416.6,-340.6,1,,,,,
2026-04-18 13:03:00,LivingRoom_Fan_1,Smart Ceiling Fan,Power State,On,Human,42.2,43.3,48.0,18.9,6.0,10.3,0,-353.6,-403.6,1,,,,,
2026-04-18 13:04:00,LivingRoom_Fan_1,Smart Ceiling Fan,Fan Speed,High,Human,37.0,46.2,57.0,12.4,21.0,9.1,0,-352.6,-404.6,1,,,,,
2026-04-18 14:37:00,LivingRoom_AC_1,Smart Air Conditioner,Target Temperature,19,Human,42.1,40.4,44.0,24.2,9.0,9.5,0,-259.6,-497.6,1,,,,,
2026-04-18 14:38:00,LivingRoom_AC_1,Smart Air Conditioner,Operation Mode,Fan,Human,39.3,42.0,35.0,12.6,21.0,7.4,0,-258.6,-498.6,1,,,,,
2026-04-18 17:43:00,LivingRoom_Fan_1,Smart Ceiling Fan,Power State,Off,Human,36.5,40.3,52.0,19.7,21.0,8.0,0,-73.6,-683.6,1,,,,,
2026-04-18 19:03:34,LivingRoom_LED_1,Smart LED Bulb,Power State,On,Human,35.6,40.5,51.0,8.9,16.0,0.0,0,7.0,-720.0,0,,,,,
2026-04-18 19:04:34,LivingRoom_LED_1,Smart LED Bulb,Brightness,70,Human,38.8,43.6,53.0,13.7,5.0,0.0,0,8.0,-720.0,0,,,,,
2026-04-18 19:05:34,LivingRoom_LED_1,Smart LED Bulb,Color Temperature,3500,Human,38.1,43.6,45.0,12.5,14.0,0.0,0,9.0,-720.0,0,,,,,
2026-04-18 19:50:34,TV_Plug_1,Smart Plug / Outlet,Switch State,On,Human,37.9,44.4,54.0,11.0,18.0,0.0,0,54.0,-720.0,0,,,,,
2026-04-18 21:50:00,Bedroom_LED_2,Smart LED Bulb,Power State,On,Human,31.9,42.8,40.0,11.9,11.0,0.0,0,173.4,-720.0,0,,,,,
2026-04-18 21:51:00,Bedroom_LED_2,Smart LED Bulb,Brightness,40,Human,32.0,44.5,52.0,18.3,22.0,0.0,0,174.4,-720.0,0,,,,,
2026-04-18 21:52:00,Bedroom_LED_2,Smart LED Bulb,Color Temperature,2700,Human,32.4,45.7,38.0,7.9,22.0,0.0,0,175.4,-720.0,0,,,,,
2026-04-18 22:40:00,Bedroom_AC_2,Smart Air Conditioner,Target Temperature,19,Human,37.2,42.8,41.0,8.6,8.0,0.0,0,223.4,-720.0,0,,,,,
2026-04-18 22:41:00,Bedroom_AC_2,Smart Air Conditioner,Operation Mode,Cool,Human,31.5,37.2,52.0,13.5,19.0,0.0,0,224.4,-720.0,0,,,,,
2026-04-18 22:48:00,LivingRoom_LED_1,Smart LED Bulb,Power State,Off,Human,33.4,47.5,57.0,17.3,22.0,0.0,0,231.4,-720.0,0,,,,,
2026-04-18 22:50:00,TV_Plug_1,Smart Plug / Outlet,Switch State,Off,Human,43.6,45.8,47.0,15.0,19.0,0.0,0,233.4,-720.0,0,,,,,
2026-04-18 22:51:00,Bedroom_Plug_1,Smart Plug / Outlet,Switch State,Off,Human,39.3,45.2,50.0,22.8,11.0,0.0,0,234.4,-720.0,0,,,,,
2026-04-18 22:52:00,FrontDoor_Cam_1,Security Camera,Privacy Mode,Disabled,Human,36.2,37.5,50.0,10.1,16.0,0.0,0,235.4,-720.0,0,,,,,
2026-04-19 06:32:00,Garden_Irrigation_1,Smart Irrigation Controller,Zone 1 State,On,Human,34.1,48.1,42.0,17.5,17.0,0.0,0,-720.0,-13.3,1,,,,,
2026-04-19 12:36:00,LivingRoom_Fan_1,Smart Ceiling Fan,Power State,On,Human,38.0,46.8,44.0,4.8,21.0,8.3,0,-380.9,-377.3,1,,,,,
2026-04-19 12:37:00,LivingRoom_Fan_1,Smart Ceiling Fan,Fan Speed,High,Human,37.8,38.7,50.0,13.4,13.0,10.7,0,-379.9,-378.3,1,,,,,
2026-04-19 14:35:00,LivingRoom_AC_1,Smart Air Conditioner,Target Temperature,19,Human,31.1,39.4,40.0,18.6,14.0,10.3,0,-261.9,-496.3,1,,,,,
2026-04-19 14:36:00,LivingRoom_AC_1,Smart Air Conditioner,Operation Mode,Cool,Human,40.8,40.5,49.0,13.0,5.0,11.0,0,-260.9,-497.3,1,,,,,
2026-04-19 17:43:00,LivingRoom_Fan_1,Smart Ceiling Fan,Power State,Off,Human,37.0,40.7,51.0,24.8,6.0,10.1,0,-73.9,-684.3,1,,,,,
2026-04-19 18:00:00,LivingRoom_LED_1,Smart LED Bulb,Brightness,50,Automation,31.1,42.9,53.0,11.9,12.0,0.0,0,-56.9,-701.3,1,,,,,
2026-04-19 19:07:51,LivingRoom_LED_1,Smart LED Bulb,Power State,On,Human,39.0,41.7,38.0,14.2,24.0,0.0,0,11.0,-720.0,0,,,,,
2026-04-19 19:08:51,LivingRoom_LED_1,Smart LED Bulb,Brightness,60,Human,38.0,43.1,49.0,13.1,16.0,0.0,0,12.0,-720.0,0,,,,,
2026-04-19 19:09:51,LivingRoom_LED_1,Smart LED Bulb,Color Temperature,3000,Human,42.8,44.5,38.0,18.1,12.0,0.0,0,13.0,-720.0,0,,,,,
2026-04-19 19:53:51,TV_Plug_1,Smart Plug / Outlet,Switch State,On,Human,34.0,40.8,36.0,9.9,16.0,0.0,0,57.0,-720.0,0,,,,,
2026-04-19 22:05:00,Bedroom_LED_2,Smart LED Bulb,Power State,On,Human,37.8,39.4,41.0,10.7,12.0,0.0,0,188.1,-720.0,0,,,,,
2026-04-19 22:06:00,Bedroom_LED_2,Smart LED Bulb,Brightness,30,Human,35.5,46.8,53.0,11.7,10.0,0.0,0,189.1,-720.0,0,,,,,
2026-04-19 22:07:00,Bedroom_LED_2,Smart LED Bulb,Color Temperature,3000,Human,41.5,45.2,36.0,14.1,13.0,0.0,0,190.1,-720.0,0,,,,,
2026-04-19 22:35:00,Bedroom_AC_2,Smart Air Conditioner,Target Temperature,19,Human,41.3,43.2,51.0,14.1,17.0,0.0,0,218.1,-720.0,0,,,,,
2026-04-19 22:35:00,FrontDoor_Cam_1,Security Camera,Privacy Mode,Enabled,Human,34.6,44.3,56.0,22.3,15.0,0.0,0,218.1,-720.0,0,,,,,
2026-04-19 22:36:00,Bedroom_AC_2,Smart Air Conditioner,Operation Mode,Cool,Human,33.5,43.0,48.0,18.8,23.0,0.0,0,219.1,-720.0,0,,,,,
2026-04-19 23:13:00,LivingRoom_LED_1,Smart LED Bulb,Power State,Off,Human,43.5,42.3,54.0,9.2,24.0,0.0,0,256.1,-720.0,0,,,,,
2026-04-19 23:15:00,TV_Plug_1,Smart Plug / Outlet,Switch State,Off,Human,40.9,35.6,48.0,7.0,15.0,0.0,0,258.1,-720.0,0,,,,,
2026-04-19 23:16:00,Bedroom_Plug_1,Smart Plug / Outlet,Switch State,Off,Human,32.1,39.0,38.0,8.6,17.0,0.0,0,259.1,-720.0,0,,,,,
2026-04-20 06:39:00,Garden_Irrigation_1,Smart Irrigation Controller,Zone 1 State,On,Human,34.6,45.8,38.0,12.9,12.0,0.0,0,-720.0,-21.0,1,,,,,
2026-04-20 06:40:59,LivingRoom_Blinds_1,Smart Blinds / Shades,Open/Close Percentage,81,Human,34.9,41.3,52.0,10.9,23.0,0.0,0,-720.0,-23.0,1,,,,,
2026-04-20 06:49:00,LivingRoom_AC_1,Smart Air Conditioner,Target Temperature,20,Human,35.1,34.6,50.0,14.1,21.0,0.0,0,-720.0,-31.0,1,,,,,
2026-04-20 06:50:00,LivingRoom_AC_1,Smart Air Conditioner,Operation Mode,Cool,Human,32.1,45.7,52.0,10.4,19.0,0.0,0,-720.0,-32.0,1,,,,,
2026-04-20 06:51:00,LivingRoom_AC_1,Smart Air Conditioner,Fan Speed,High,Human,37.1,42.8,35.0,23.1,20.0,0.0,0,-720.0,-33.0,1,,,,,
2026-04-20 08:03:00,Kitchen_Speaker_1,Smart Speaker / Receiver,Playback State,Play,Human,39.6,41.2,35.0,12.7,11.0,9.6,0,-654.1,-105.0,1,,,,,
2026-04-20 08:04:00,Kitchen_Speaker_1,Smart Speaker / Receiver,Volume Level,40,Human,37.0,40.2,53.0,16.9,13.0,11.0,0,-653.1,-106.0,1,,,,,
2026-04-20 09:07:00,Kitchen_Speaker_1,Smart Speaker / Receiver,Playback State,Stop,Human,33.7,45.3,55.0,19.9,5.0,9.9,0,-590.1,-169.0,1,,,,,
2026-04-20 13:17:00,LivingRoom_Fan_1,Smart Ceiling Fan,Power State,On,Human,35.8,44.2,47.0,16.8,21.0,11.8,0,-340.1,-419.0,1,,,,,
2026-04-20 13:18:00,LivingRoom_Fan_1,Smart Ceiling Fan,Fan Speed,High,Human,35.4,43.6,45.0,18.5,20.0,9.9,0,-339.1,-420.0,1,,,,,
2026-04-20 18:01:00,LivingRoom_Fan_1,Smart Ceiling Fan,Power State,Off,Human,41.7,39.9,57.0,20.8,16.0,0.0,0,-56.1,-703.0,1,,,,,
2026-04-20 18:45:08,LivingRoom_Blinds_1,Smart Blinds / Shades,Open/Close Percentage,0,Human,30.4,45.1,55.0,18.2,17.0,0.0,0,-12.0,-720.0,1,,,,,
2026-04-20 19:12:08,LivingRoom_LED_1,Smart LED Bulb,Power State,On,Human,37.0,37.0,54.0,10.9,7.0,0.0,0,15.0,-720.0,0,,,,,
2026-04-20 19:13:08,LivingRoom_LED_1,Smart LED Bulb,Brightness,60,Human,34.3,44.4,49.0,9.1,15.0,0.0,0,16.0,-720.0,0,,,,,
2026-04-20 19:14:08,LivingRoom_LED_1,Smart LED Bulb,Color Temperature,3000,Human,32.2,40.7,44.0,15.8,10.0,0.0,0,17.0,-720.0,0,,,,,
2026-04-20 19:30:08,TV_Plug_1,Smart Plug / Outlet,Switch State,On,Human,36.1,44.8,44.0,0.0,9.0,0.0,0,33.0,-720.0,0,,,,,
2026-04-20 22:01:00,Bedroom_LED_2,Smart LED Bulb,Power State,On,Human,44.9,45.1,43.0,15.4,11.0,0.0,0,183.9,-720.0,0,,,,,
2026-04-20 22:02:00,Bedroom_LED_2,Smart LED Bulb,Brightness,40,Human,38.1,40.6,52.0,17.4,7.0,0.0,0,184.9,-720.0,0,,,,,
2026-04-20 22:03:00,Bedroom_LED_2,Smart LED Bulb,Color Temperature,2700,Human,34.0,44.2,42.0,13.0,10.0,0.0,0,185.9,-720.0,0,,,,,
2026-04-20 22:27:00,Bedroom_AC_2,Smart Air Conditioner,Target Temperature,19,Human,34.1,48.5,37.0,16.4,12.0,0.0,0,209.9,-720.0,0,,,,,
2026-04-20 22:28:00,Bedroom_AC_2,Smart Air Conditioner,Operation Mode,Fan,Human,37.2,38.9,35.0,8.3,7.0,0.0,0,210.9,-720.0,0,,,,,
2026-04-20 22:36:00,FrontDoor_Cam_1,Security Camera,Privacy Mode,Enabled,Human,33.9,48.2,40.0,12.0,12.0,0.0,0,218.9,-720.0,0,,,,,
2026-04-20 23:11:00,LivingRoom_LED_1,Smart LED Bulb,Power State,Off,Human,39.0,40.0,46.0,9.4,11.0,0.0,0,253.9,-720.0,0,,,,,
2026-04-20 23:13:00,TV_Plug_1,Smart Plug / Outlet,Switch State,Off,Human,36.1,47.0,47.0,22.8,24.0,0.0,0,255.9,-720.0,0,,,,,
2026-04-20 23:14:00,Bedroom_Plug_1,Smart Plug / Outlet,Switch State,Off,Human,37.6,40.1,53.0,7.1,24.0,0.0,0,256.9,-720.0,0,,,,,
2026-04-21 06:27:17,LivingRoom_Blinds_1,Smart Blinds / Shades,Open/Close Percentage,85,Human,32.8,43.7,50.0,14.5,21.0,0.0,0,-720.0,-10.0,1,,,,,
2026-04-21 06:34:00,Garden_Irrigation_1,Smart Irrigation Controller,Zone 1 State,On,Human,31.8,42.1,54.0,19.0,9.0,0.0,0,-720.0,-16.7,1,,,,,
2026-04-21 06:49:00,LivingRoom_AC_1,Smart Air Conditioner,Target Temperature,19,Human,36.3,39.0,45.0,18.6,9.0,0.0,0,-720.0,-31.7,1,,,,,
2026-04-21 06:50:00,LivingRoom_AC_1,Smart Air Conditioner,Operation Mode,Cool,Human,34.5,42.7,50.0,7.4,7.0,0.0,0,-720.0,-32.7,1,,,,,
2026-04-21 06:51:00,LivingRoom_AC_1,Smart Air Conditioner,Fan Speed,Med,Human,36.7,43.1,35.0,10.9,5.0,0.0,0,-720.0,-33.7,1,,,,,
2026-04-21 08:01:00,Kitchen_Speaker_1,Smart Speaker / Receiver,Playback State,Play,Human,38.8,37.4,44.0,22.8,5.0,9.1,0,-656.4,-103.7,1,,,,,
2026-04-21 08:02:00,Kitchen_Speaker_1,Smart Speaker / Receiver,Volume Level,40,Human,38.6,39.8,55.0,14.3,22.0,8.0,0,-655.4,-104.7,1,,,,,
2026-04-21 09:03:00,Kitchen_Speaker_1,Smart Speaker / Receiver,Playback State,Stop,Human,36.9,44.9,49.0,15.2,11.0,11.3,0,-594.4,-165.7,1,,,,,
2026-04-21 13:26:00,LivingRoom_Fan_1,Smart Ceiling Fan,Power State,On,Human,39.1,48.0,56.0,24.0,17.0,9.3,0,-331.4,-428.7,1,,,,,
2026-04-21 13:27:00,LivingRoom_Fan_1,Smart Ceiling Fan,Fan Speed,High,Human,35.6,39.2,57.0,5.5,8.0,7.8,0,-330.4,-429.7,1,,,,,
2026-04-21 18:13:00,LivingRoom_Fan_1,Smart Ceiling Fan,Power State,Off,Human,39.1,44.6,45.0,14.1,15.0,0.0,0,-44.4,-715.7,1,,,,,
2026-04-21 18:46:26,LivingRoom_Blinds_1,Smart Blinds / Shades,Open/Close Percentage,10,Human,34.2,41.2,51.0,10.8,5.0,0.0,0,-11.0,-720.0,1,,,,,
2026-04-21 19:09:26,LivingRoom_LED_1,Smart LED Bulb,Power State,On,Human,31.8,41.5,46.0,9.1,14.0,0.0,0,12.0,-720.0,0,,,,,
2026-04-21 19:10:26,LivingRoom_LED_1,Smart LED Bulb,Brightness,75,Human,34.3,42.8,57.0,14.1,16.0,0.0,0,13.0,-720.0,0,,,,,
2026-04-21 19:11:26,LivingRoom_LED_1,Smart LED Bulb,Color Temperature,3000,Human,33.8,38.1,42.0,15.7,16.0,0.0,0,14.0,-720.0,0,,,,,
2026-04-21 19:29:26,TV_Plug_1,Smart Plug / Outlet,Switch State,On,Human,42.5,40.4,53.0,15.8,22.0,0.0,0,32.0,-720.0,0,,,,,
2026-04-21 22:09:00,Bedroom_LED_2,Smart LED Bulb,Power State,On,Human,30.7,44.9,54.0,11.8,21.0,0.0,0,191.6,-720.0,0,,,,,
2026-04-21 22:10:00,Bedroom_LED_2,Smart LED Bulb,Brightness,30,Human,37.0,40.4,50.0,8.8,18.0,0.0,0,192.6,-720.0,0,,,,,
2026-04-21 22:11:00,Bedroom_LED_2,Smart LED Bulb,Color Temperature,2700,Human,38.4,39.8,49.0,19.5,6.0,0.0,0,193.6,-720.0,0,,,,,
2026-04-21 22:31:00,Bedroom_AC_2,Smart Air Conditioner,Target Temperature,19,Human,35.7,48.4,48.0,20.2,20.0,0.0,0,213.6,-720.0,0,,,,,
2026-04-21 22:32:00,Bedroom_AC_2,Smart Air Conditioner,Operation Mode,Fan,Human,31.6,47.8,47.0,8.3,15.0,0.0,0,214.6,-720.0,0,,,,,
2026-04-21 22:44:00,FrontDoor_Cam_1,Security Camera,Privacy Mode,Disabled,Human,36.8,44.2,40.0,14.4,10.0,0.0,0,226.6,-720.0,0,,,,,
2026-04-21 23:01:00,LivingRoom_LED_1,Smart LED Bulb,Power State,Off,Human,40.6,38.1,37.0,12.9,18.0,0.0,0,243.6,-720.0,0,,,,,
2026-04-21 23:03:00,TV_Plug_1,Smart Plug / Outlet,Switch State,Off,Human,38.6,39.2,36.0,15.5,9.0,0.0,0,245.6,-720.0,0,,,,,
2026-04-21 23:04:00,Bedroom_Plug_1,Smart Plug / Outlet,Switch State,Off,Human,36.7,38.9,49.0,19.4,17.0,0.0,0,246.6,-720.0,0,,,,,
2026-04-22 06:29:00,Garden_Irrigation_1,Smart Irrigation Controller,Zone 1 State,On,Human,34.6,45.3,50.0,16.1,17.0,0.0,0,-720.0,-12.4,1,,,,,
2026-04-22 06:34:35,LivingRoom_Blinds_1,Smart Blinds / Shades,Open/Close Percentage,81,Human,30.9,41.6,55.0,16.7,22.0,0.0,0,-720.0,-18.0,1,,,,,
2026-04-22 06:56:00,LivingRoom_AC_1,Smart Air Conditioner,Target Temperature,21,Human,34.8,42.7,35.0,9.8,22.0,0.0,0,-720.0,-39.4,1,,,,,
2026-04-22 06:57:00,LivingRoom_AC_1,Smart Air Conditioner,Operation Mode,Cool,Human,35.4,48.7,40.0,13.2,8.0,0.0,0,-720.0,-40.4,1,,,,,
2026-04-22 06:58:00,LivingRoom_AC_1,Smart Air Conditioner,Fan Speed,High,Human,34.1,40.3,48.0,9.9,24.0,0.0,0,-719.7,-41.4,1,,,,,
2026-04-22 07:59:00,Kitchen_Speaker_1,Smart Speaker / Receiver,Playback State,Play,Human,35.1,46.7,43.0,9.2,20.0,0.0,0,-658.7,-102.4,1,,,,,
2026-04-22 08:00:00,Kitchen_Speaker_1,Smart Speaker / Receiver,Volume Level,40,Human,28.8,41.4,43.0,9.2,23.0,9.7,0,-657.7,-103.4,1,,,,,
2026-04-22 09:09:00,Kitchen_Speaker_1,Smart Speaker / Receiver,Playback State,Stop,Human,37.8,40.6,53.0,12.6,10.0,11.8,0,-588.7,-172.4,1,,,,,
2026-04-22 12:46:00,LivingRoom_Fan_1,Smart Ceiling Fan,Power State,On,Human,42.5,42.3,53.0,14.5,12.0,10.4,0,-371.7,-389.4,1,,,,,
2026-04-22 12:47:00,LivingRoom_Fan_1,Smart Ceiling Fan,Fan Speed,Med,Human,36.5,45.4,38.0,6.5,16.0,10.5,0,-370.7,-390.4,1,,,,,
2026-04-22 18:17:00,LivingRoom_Fan_1,Smart Ceiling Fan,Power State,Off,Human,38.9,38.9,51.0,17.7,20.0,0.0,0,-40.7,-720.0,1,,,,,
2026-04-22 18:51:44,LivingRoom_Blinds_1,Smart Blinds / Shades,Open/Close Percentage,0,Human,38.2,36.6,38.0,10.3,21.0,0.0,0,-6.0,-720.0,1,,,,,
2026-04-22 19:05:44,LivingRoom_LED_1,Smart LED Bulb,Power State,On,Human,38.8,44.8,55.0,12.2,7.0,0.0,0,8.0,-720.0,0,,,,,
2026-04-22 19:06:44,LivingRoom_LED_1,Smart LED Bulb,Brightness,80,Human,37.4,42.6,49.0,15.1,19.0,0.0,0,9.0,-720.0,0,,,,,
2026-04-22 19:07:44,LivingRoom_LED_1,Smart LED Bulb,Color Temperature,3000,Human,38.7,40.6,49.0,23.3,20.0,0.0,0,10.0,-720.0,0,,,,,
2026-04-22 19:38:44,TV_Plug_1,Smart Plug / Outlet,Switch State,On,Human,34.1,45.3,51.0,14.5,22.0,0.0,0,41.0,-720.0,0,,,,,
2026-04-22 21:52:00,Bedroom_LED_2,Smart LED Bulb,Power State,On,Human,33.5,39.4,39.0,12.1,8.0,0.0,0,174.3,-720.0,0,,,,,
2026-04-22 21:53:00,Bedroom_LED_2,Smart LED Bulb,Brightness,50,Human,33.1,39.8,57.0,15.3,14.0,0.0,0,175.3,-720.0,0,,,,,
2026-04-22 21:54:00,Bedroom_LED_2,Smart LED Bulb,Color Temperature,3000,Human,35.8,45.4,43.0,19.9,23.0,0.0,0,176.3,-720.0,0,,,,,
2026-04-22 22:22:00,Bedroom_AC_2,Smart Air Conditioner,Target Temperature,19,Human,39.3,40.3,51.0,9.6,21.0,0.0,0,204.3,-720.0,0,,,,,
2026-04-22 22:23:00,Bedroom_AC_2,Smart Air Conditioner,Operation Mode,Fan,Human,37.1,39.1,47.0,14.1,16.0,0.0,0,205.3,-720.0,0,,,,,
2026-04-22 22:45:00,FrontDoor_Cam_1,Security Camera,Privacy Mode,Disabled,Human,30.6,47.4,36.0,10.8,9.0,0.0,0,227.3,-720.0,0,,,,,
2026-04-22 22:47:00,LivingRoom_LED_1,Smart LED Bulb,Power State,Off,Human,35.3,38.9,39.0,11.5,20.0,0.0,0,229.3,-720.0,0,,,,,
2026-04-22 22:49:00,TV_Plug_1,Smart Plug / Outlet,Switch State,Off,Human,34.5,43.7,56.0,13.1,10.0,0.0,0,231.3,-720.0,0,,,,,
2026-04-22 22:50:00,Bedroom_Plug_1,Smart Plug / Outlet,Switch State,Off,Human,39.5,40.4,41.0,9.9,22.0,0.0,0,232.3,-720.0,0,,,,,
2026-04-23 06:30:00,Garden_Irrigation_1,Smart Irrigation Controller,Zone 1 State,On,Human,31.7,39.8,47.0,19.9,24.0,0.0,0,-720.0,-14.1,1,,,,,
2026-04-23 06:34:54,LivingRoom_Blinds_1,Smart Blinds / Shades,Open/Close Percentage,92,Human,33.1,39.2,43.0,11.5,22.0,0.0,0,-720.0,-19.0,1,,,,,
2026-04-23 06:56:00,LivingRoom_AC_1,Smart Air Conditioner,Target Temperature,22,Human,36.4,39.9,37.0,14.8,14.0,0.0,0,-720.0,-40.1,1,,,,,
2026-04-23 06:57:00,LivingRoom_AC_1,Smart Air Conditioner,Operation Mode,Cool,Human,33.2,42.6,57.0,12.6,5.0,0.0,0,-720.0,-41.1,1,,,,,
2026-04-23 06:58:00,LivingRoom_AC_1,Smart Air Conditioner,Fan Speed,Med,Human,38.8,41.2,56.0,13.6,12.0,0.0,0,-720.0,-42.1,1,,,,,
2026-04-23 08:04:00,Kitchen_Speaker_1,Smart Speaker / Receiver,Playback State,Play,Human,38.3,43.0,51.0,18.1,11.0,11.0,0,-654.0,-108.1,1,,,,,
2026-04-23 08:05:00,Kitchen_Speaker_1,Smart Speaker / Receiver,Volume Level,40,Human,35.0,42.3,51.0,10.3,5.0,7.6,0,-653.0,-109.1,1,,,,,
2026-04-23 09:06:00,Kitchen_Speaker_1,Smart Speaker / Receiver,Playback State,Stop,Human,34.9,43.2,41.0,11.3,13.0,8.6,0,-592.0,-170.1,1,,,,,
2026-04-23 12:43:00,LivingRoom_Fan_1,Smart Ceiling Fan,Power State,On,Human,35.4,40.5,50.0,15.4,8.0,7.1,0,-375.0,-387.1,1,,,,,
2026-04-23 12:44:00,LivingRoom_Fan_1,Smart Ceiling Fan,Fan Speed,High,Human,32.2,40.5,52.0,8.4,17.0,9.9,0,-374.0,-388.1,1,,,,,
2026-04-23 17:48:00,LivingRoom_Fan_1,Smart Ceiling Fan,Power State,Off,Human,33.8,41.9,49.0,22.7,20.0,11.6,0,-70.0,-692.1,1,,,,,
2026-04-23 18:39:02,LivingRoom_Blinds_1,Smart Blinds / Shades,Open/Close Percentage,0,Human,31.8,40.9,47.0,7.1,14.0,0.0,0,-19.0,-720.0,1,,,,,
2026-04-23 19:04:02,LivingRoom_LED_1,Smart LED Bulb,Power State,On,Human,34.0,42.9,46.0,17.2,15.0,0.0,0,6.0,-720.0,0,,,,,
2026-04-23 19:05:02,LivingRoom_LED_1,Smart LED Bulb,Brightness,70,Human,41.4,40.4,36.0,21.9,13.0,0.0,0,7.0,-720.0,0,,,,,
2026-04-23 19:06:02,LivingRoom_LED_1,Smart LED Bulb,Color Temperature,2700,Human,38.5,43.7,56.0,11.1,18.0,0.0,0,8.0,-720.0,0,,,,,
2026-04-23 19:52:02,TV_Plug_1,Smart Plug / Outlet,Switch State,On,Human,39.0,46.5,56.0,14.9,8.0,0.0,0,54.0,-720.0,0,,,,,
2026-04-23 22:06:00,Bedroom_LED_2,Smart LED Bulb,Power State,On,Human,34.2,40.3,39.0,11.0,24.0,0.0,0,188.0,-720.0,0,,,,,
2026-04-23 22:07:00,Bedroom_LED_2,Smart LED Bulb,Brightness,30,Human,39.3,41.8,48.0,18.5,24.0,0.0,0,189.0,-720.0,0,,,,,
2026-04-23 22:08:00,Bedroom_LED_2,Smart LED Bulb,Color Temperature,2700,Human,38.9,43.3,41.0,15.8,7.0,0.0,0,190.0,-720.0,0,,,,,
2026-04-23 22:17:00,Bedroom_AC_2,Smart Air Conditioner,Target Temperature,19,Human,38.5,42.2,40.0,7.3,19.0,0.0,0,199.0,-720.0,0,,,,,
2026-04-23 22:18:00,Bedroom_AC_2,Smart Air Conditioner,Operation Mode,Cool,Human,32.3,37.6,54.0,11.8,15.0,0.0,0,200.0,-720.0,0,,,,,
2026-04-23 22:41:00,FrontDoor_Cam_1,Security Camera,Privacy Mode,Enabled,Human,33.0,39.3,53.0,13.4,14.0,0.0,0,223.0,-720.0,0,,,,,
2026-04-23 22:49:00,LivingRoom_LED_1,Smart LED Bulb,Power State,Off,Human,34.2,39.5,47.0,10.8,20.0,0.0,0,231.0,-720.0,0,,,,,
2026-04-23 22:51:00,TV_Plug_1,Smart Plug / Outlet,Switch State,Off,Human,33.6,43.1,55.0,12.6,5.0,0.0,0,233.0,-720.0,0,,,,,
2026-04-23 22:52:00,Bedroom_Plug_1,Smart Plug / Outlet,Switch State,Off,Human,37.0,42.3,42.0,11.5,21.0,0.0,0,234.0,-720.0,0,,,,,
2026-04-24 06:23:00,Garden_Irrigation_1,Smart Irrigation Controller,Zone 1 State,On,Human,32.1,44.1,44.0,25.4,16.0,0.0,0,-720.0,-7.8,1,,,,,
2026-04-24 06:37:14,LivingRoom_Blinds_1,Smart Blinds / Shades,Open/Close Percentage,83,Human,38.0,44.2,43.0,16.1,15.0,0.0,0,-720.0,-22.0,1,,,,,
2026-04-24 07:11:00,LivingRoom_AC_1,Smart Air Conditioner,Target Temperature,19,Human,40.3,41.1,36.0,8.6,12.0,0.0,0,-707.3,-55.8,1,,,,,
2026-04-24 07:12:00,LivingRoom_AC_1,Smart Air Conditioner,Operation Mode,Cool,Human,33.6,39.6,55.0,14.8,15.0,0.0,0,-706.3,-56.8,1,,,,,
2026-04-24 07:13:00,LivingRoom_AC_1,Smart Air Conditioner,Fan Speed,Med,Human,35.5,40.3,44.0,21.5,19.0,0.0,0,-705.3,-57.8,1,,,,,
2026-04-24 07:57:00,Kitchen_Speaker_1,Smart Speaker / Receiver,Playback State,Play,Human,35.3,47.2,49.0,14.0,6.0,0.0,0,-661.3,-101.8,1,,,,,
2026-04-24 07:58:00,Kitchen_Speaker_1,Smart Speaker / Receiver,Volume Level,40,Human,37.8,40.1,55.0,12.0,22.0,0.0,0,-660.3,-102.8,1,,,,,
2026-04-24 08:50:00,Kitchen_Speaker_1,Smart Speaker / Receiver,Playback State,Stop,Human,34.1,40.2,56.0,16.2,8.0,7.4,0,-608.3,-154.8,1,,,,,
2026-04-24 12:00:00,LivingRoom_AC_1,Smart Air Conditioner,Target Temperature,26,Automation,31.3,41.0,38.0,13.2,14.0,9.3,0,-418.3,-344.8,1,,,,,
2026-04-24 13:10:00,LivingRoom_Fan_1,Smart Ceiling Fan,Power State,On,Human,31.8,44.5,56.0,15.3,16.0,7.5,0,-348.3,-414.8,1,,,,,
2026-04-24 13:11:00,LivingRoom_Fan_1,Smart Ceiling Fan,Fan Speed,High,Human,38.1,42.1,54.0,9.1,17.0,8.0,0,-347.3,-415.8,1,,,,,
2026-04-24 18:05:00,LivingRoom_Fan_1,Smart Ceiling Fan,Power State,Off,Human,35.6,41.8,51.0,4.8,14.0,0.0,0,-53.3,-709.8,1,,,,,
2026-04-24 18:43:20,LivingRoom_Blinds_1,Smart Blinds / Shades,Open/Close Percentage,0,Human,34.4,43.6,47.0,20.6,20.0,0.0,0,-15.0,-720.0,1,,,,,
2026-04-24 19:16:20,LivingRoom_LED_1,Smart LED Bulb,Power State,On,Human,34.9,38.6,56.0,14.0,6.0,0.0,0,18.0,-720.0,0,,,,,
2026-04-24 19:17:20,LivingRoom_LED_1,Smart LED Bulb,Brightness,70,Human,36.9,47.3,41.0,15.8,7.0,0.0,0,19.0,-720.0,0,,,,,
2026-04-24 19:18:20,LivingRoom_LED_1,Smart LED Bulb,Color Temperature,3000,Human,34.5,45.3,49.0,13.9,19.0,0.0,0,20.0,-720.0,0,,,,,
2026-04-24 19:29:20,TV_Plug_1,Smart Plug / Outlet,Switch State,On,Human,36.6,41.3,45.0,24.3,8.0,0.0,0,31.0,-720.0,0,,,,,
2026-04-24 21:56:00,Bedroom_LED_2,Smart LED Bulb,Power State,On,Human,36.8,40.7,48.0,6.1,24.0,0.0,0,177.7,-720.0,0,,,,,
2026-04-24 21:57:00,Bedroom_LED_2,Smart LED Bulb,Brightness,40,Human,36.8,41.9,44.0,14.5,24.0,0.0,0,178.7,-720.0,0,,,,,
2026-04-24 21:58:00,Bedroom_LED_2,Smart LED Bulb,Color Temperature,2700,Human,33.0,44.2,54.0,22.9,18.0,0.0,0,179.7,-720.0,0,,,,,
2026-04-24 22:18:00,Bedroom_AC_2,Smart Air Conditioner,Target Temperature,19,Human,33.7,42.1,35.0,18.7,6.0,0.0,0,199.7,-720.0,0,,,,,
2026-04-24 22:19:00,Bedroom_AC_2,Smart Air Conditioner,Operation Mode,Cool,Human,42.7,42.7,36.0,14.0,14.0,0.0,0,200.7,-720.0,0,,,,,
2026-04-24 22:35:00,FrontDoor_Cam_1,Security Camera,Privacy Mode,Disabled,Human,31.0,44.8,51.0,18.8,14.0,0.0,0,216.7,-720.0,0,,,,,
2026-04-24 22:47:00,LivingRoom_LED_1,Smart LED Bulb,Power State,Off,Human,36.8,43.6,35.0,6.4,21.0,0.0,0,228.7,-720.0,0,,,,,
2026-04-24 22:49:00,TV_Plug_1,Smart Plug / Outlet,Switch State,Off,Human,34.5,43.7,48.0,12.1,12.0,0.0,0,230.7,-720.0,0,,,,,
2026-04-24 22:50:00,Bedroom_Plug_1,Smart Plug / Outlet,Switch State,Off,Human,34.6,43.9,39.0,12.7,17.0,0.0,0,231.7,-720.0,0,,,,,
2026-04-25 06:25:00,Garden_Irrigation_1,Smart Irrigation Controller,Zone 1 State,On,Human,39.8,43.4,55.0,14.3,21.0,0.0,0,-720.0,-10.4,1,,,,,
2026-04-25 08:56:00,Hallway_Vacuum_1,Robot Vacuum,Cleaning State,Clean,Human,39.8,42.6,35.0,23.5,6.0,7.2,0,-602.7,-161.4,1,,,,,
2026-04-25 08:57:00,Hallway_Vacuum_1,Robot Vacuum,Suction Power,Standard,Human,32.9,43.7,54.0,9.6,17.0,10.3,0,-601.7,-162.4,1,,,,,
2026-04-25 12:31:00,LivingRoom_Fan_1,Smart Ceiling Fan,Power State,On,Human,39.0,42.6,36.0,10.2,8.0,11.3,0,-387.7,-376.4,1,,,,,
2026-04-25 12:32:00,LivingRoom_Fan_1,Smart Ceiling Fan,Fan Speed,High,Human,36.5,42.0,36.0,15.8,10.0,8.4,0,-386.7,-377.4,1,,,,,
2026-04-25 14:14:00,LivingRoom_AC_1,Smart Air Conditioner,Target Temperature,19,Human,37.0,46.4,43.0,12.1,9.0,10.8,0,-284.7,-479.4,1,,,,,
2026-04-25 14:15:00,LivingRoom_AC_1,Smart Air Conditioner,Operation Mode,Fan,Human,34.9,43.3,56.0,19.5,10.0,10.6,0,-283.7,-480.4,1,,,,,
2026-04-25 17:52:00,LivingRoom_Fan_1,Smart Ceiling Fan,Power State,Off,Human,31.9,40.3,39.0,13.8,19.0,10.8,0,-66.7,-697.4,1,,,,,
2026-04-25 19:13:39,LivingRoom_LED_1,Smart LED Bulb,Power State,On,Human,32.0,40.7,43.0,8.4,18.0,0.0,0,15.0,-720.0,0,,,,,
2026-04-25 19:14:39,LivingRoom_LED_1,Smart LED Bulb,Brightness,70,Human,41.0,39.0,46.0,12.7,20.0,0.0,0,16.0,-720.0,0,,,,,
2026-04-25 19:15:39,LivingRoom_LED_1,Smart LED Bulb,Color Temperature,3000,Human,37.5,44.3,39.0,12.1,24.0,0.0,0,17.0,-720.0,0,,,,,
2026-04-25 19:29:39,TV_Plug_1,Smart Plug / Outlet,Switch State,On,Human,44.1,40.1,39.0,17.1,14.0,0.0,0,31.0,-720.0,0,,,,,
2026-04-25 21:50:00,Bedroom_LED_2,Smart LED Bulb,Power State,On,Human,38.4,42.9,35.0,16.2,7.0,0.0,0,171.3,-720.0,0,,,,,
2026-04-25 21:51:00,Bedroom_LED_2,Smart LED Bulb,Brightness,30,Human,34.1,47.1,47.0,11.2,21.0,0.0,0,172.3,-720.0,0,,,,,
2026-04-25 21:52:00,Bedroom_LED_2,Smart LED Bulb,Color Temperature,2700,Human,36.9,40.6,35.0,16.9,6.0,0.0,0,173.3,-720.0,0,,,,,
2026-04-25 22:42:00,FrontDoor_Cam_1,Security Camera,Privacy Mode,Enabled,Human,33.8,42.6,48.0,0.2,17.0,0.0,0,223.3,-720.0,0,,,,,
2026-04-25 22:44:00,Bedroom_AC_2,Smart Air Conditioner,Target Temperature,19,Human,37.9,40.7,44.0,16.3,12.0,0.0,0,225.3,-720.0,0,,,,,
2026-04-25 22:45:00,Bedroom_AC_2,Smart Air Conditioner,Operation Mode,Fan,Human,37.6,42.9,39.0,18.0,18.0,0.0,0,226.3,-720.0,0,,,,,
2026-04-25 22:49:00,LivingRoom_LED_1,Smart LED Bulb,Power State,Off,Human,35.9,40.4,55.0,11.0,24.0,0.0,0,230.3,-720.0,0,,,,,
2026-04-25 22:51:00,TV_Plug_1,Smart Plug / Outlet,Switch State,Off,Human,37.2,43.1,39.0,18.4,15.0,0.0,0,232.3,-720.0,0,,,,,
2026-04-25 22:52:00,Bedroom_Plug_1,Smart Plug / Outlet,Switch State,Off,Human,33.7,42.9,54.0,3.9,21.0,0.0,0,233.3,-720.0,0,,,,,
2026-04-26 06:32:00,Garden_Irrigation_1,Smart Irrigation Controller,Zone 1 State,On,Human,41.6,47.4,57.0,10.7,8.0,0.0,0,-720.0,-18.1,1,,,,,
2026-04-26 12:43:00,LivingRoom_Fan_1,Smart Ceiling Fan,Power State,On,Human,33.3,44.4,53.0,14.6,8.0,10.9,0,-376.0,-389.1,1,,,,,
2026-04-26 12:44:00,LivingRoom_Fan_1,Smart Ceiling Fan,Fan Speed,High,Human,31.5,47.2,57.0,17.2,7.0,8.7,0,-375.0,-390.1,1,,,,,
2026-04-26 14:11:00,LivingRoom_AC_1,Smart Air Conditioner,Target Temperature,21,Human,30.5,39.9,45.0,23.0,10.0,9.9,0,-288.0,-477.1,1,,,,,
2026-04-26 14:12:00,LivingRoom_AC_1,Smart Air Conditioner,Operation Mode,Fan,Human,32.7,36.6,55.0,17.6,22.0,10.1,0,-287.0,-478.1,1,,,,,
2026-04-26 18:14:00,LivingRoom_Fan_1,Smart Ceiling Fan,Power State,Off,Human,39.0,40.0,51.0,15.9,11.0,0.0,0,-45.0,-720.0,1,,,,,
2026-04-26 19:05:58,LivingRoom_LED_1,Smart LED Bulb,Power State,On,Human,34.9,43.4,39.0,17.1,14.0,0.0,0,7.0,-720.0,0,,,,,
2026-04-26 19:06:58,LivingRoom_LED_1,Smart LED Bulb,Brightness,60,Human,44.0,47.0,49.0,14.4,19.0,0.0,0,8.0,-720.0,0,,,,,
2026-04-26 19:07:58,LivingRoom_LED_1,Smart LED Bulb,Color Temperature,3000,Human,32.7,41.0,48.0,18.4,5.0,0.0,0,9.0,-720.0,0,,,,,
2026-04-26 19:57:58,TV_Plug_1,Smart Plug / Outlet,Switch State,On,Human,40.1,47.3,46.0,19.2,14.0,0.0,0,59.0,-720.0,0,,,,,
2026-04-26 22:06:00,Bedroom_LED_2,Smart LED Bulb,Power State,On,Human,32.5,41.6,36.0,18.6,18.0,0.0,0,187.0,-720.0,0,,,,,
2026-04-26 22:07:00,Bedroom_LED_2,Smart LED Bulb,Brightness,30,Human,38.1,37.8,41.0,17.5,9.0,0.0,0,188.0,-720.0,0,,,,,
2026-04-26 22:08:00,Bedroom_LED_2,Smart LED Bulb,Color Temperature,3000,Human,36.0,45.1,43.0,9.6,19.0,0.0,0,189.0,-720.0,0,,,,,
2026-04-26 22:31:00,Bedroom_AC_2,Smart Air Conditioner,Target Temperature,19,Human,34.2,41.5,41.0,7.6,18.0,0.0,0,212.0,-720.0,0,,,,,
2026-04-26 22:32:00,Bedroom_AC_2,Smart Air Conditioner,Operation Mode,Cool,Human,34.8,41.4,39.0,11.0,15.0,0.0,0,213.0,-720.0,0,,,,,
2026-04-26 22:48:00,LivingRoom_LED_1,Smart LED Bulb,Power State,Off,Human,30.2,36.3,46.0,12.4,9.0,0.0,0,229.0,-720.0,0,,,,,
2026-04-26 22:48:00,FrontDoor_Cam_1,Security Camera,Privacy Mode,Disabled,Human,37.3,39.2,47.0,19.0,5.0,0.0,0,229.0,-720.0,0,,,,,
2026-04-26 22:50:00,TV_Plug_1,Smart Plug / Outlet,Switch State,Off,Human,37.7,39.2,57.0,13.0,9.0,0.0,0,231.0,-720.0,0,,,,,
2026-04-26 22:51:00,Bedroom_Plug_1,Smart Plug / Outlet,Switch State,Off,Human,38.1,44.7,37.0,17.6,16.0,0.0,0,232.0,-720.0,0,,,,,
2026-04-27 06:23:17,LivingRoom_Blinds_1,Smart Blinds / Shades,Open/Close Percentage,93,Human,33.6,37.2,39.0,17.8,5.0,0.0,0,-720.0,-10.0,1,,,,,
2026-04-27 06:39:00,Garden_Irrigation_1,Smart Irrigation Controller,Zone 1 State,On,Human,34.4,42.3,43.0,14.3,23.0,0.0,0,-720.0,-25.7,1,,,,,
2026-04-27 07:06:00,LivingRoom_AC_1,Smart Air Conditioner,Target Temperature,22,Human,35.7,42.3,45.0,20.0,17.0,0.0,0,-713.3,-52.7,1,,,,,
2026-04-27 07:07:00,LivingRoom_AC_1,Smart Air Conditioner,Operation Mode,Cool,Human,37.4,40.9,57.0,23.4,21.0,0.0,0,-712.3,-53.7,1,,,,,
2026-04-27 07:08:00,LivingRoom_AC_1,Smart Air Conditioner,Fan Speed,Med,Human,32.1,42.6,45.0,20.0,6.0,0.0,0,-711.3,-54.7,1,,,,,
2026-04-27 08:09:00,Kitchen_Speaker_1,Smart Speaker / Receiver,Playback State,Play,Human,33.1,39.6,57.0,7.8,24.0,11.4,0,-650.3,-115.7,1,,,,,
2026-04-27 08:10:00,Kitchen_Speaker_1,Smart Speaker / Receiver,Volume Level,40,Human,32.3,41.8,46.0,12.4,17.0,8.6,0,-649.3,-116.7,1,,,,,
2026-04-27 08:50:00,Kitchen_Speaker_1,Smart Speaker / Receiver,Playback State,Stop,Human,36.6,44.5,49.0,17.3,22.0,10.8,0,-609.3,-156.7,1,,,,,
2026-04-27 12:57:00,LivingRoom_Fan_1,Smart Ceiling Fan,Power State,On,Human,38.1,47.3,36.0,9.2,22.0,10.2,0,-362.3,-403.7,1,,,,,
2026-04-27 12:58:00,LivingRoom_Fan_1,Smart Ceiling Fan,Fan Speed,High,Human,33.3,45.7,54.0,11.2,14.0,7.4,0,-361.3,-404.7,1,,,,,
2026-04-27 18:00:00,LivingRoom_LED_1,Smart LED Bulb,Brightness,50,Automation,37.4,41.4,36.0,14.9,21.0,0.0,0,-59.3,-706.7,1,,,,,
2026-04-27 18:13:00,LivingRoom_Fan_1,Smart Ceiling Fan,Power State,Off,Human,35.1,42.2,40.0,13.6,22.0,0.0,0,-46.3,-719.7,1,,,,,
2026-04-27 18:52:17,LivingRoom_Blinds_1,Smart Blinds / Shades,Open/Close Percentage,0,Human,29.5,44.2,35.0,18.8,20.0,0.0,0,-7.0,-720.0,1,,,,,
2026-04-27 19:05:17,LivingRoom_LED_1,Smart LED Bulb,Power State,On,Human,35.4,41.2,54.0,25.4,20.0,0.0,0,6.0,-720.0,0,,,,,
2026-04-27 19:06:17,LivingRoom_LED_1,Smart LED Bulb,Brightness,60,Human,35.4,43.9,55.0,7.9,14.0,0.0,0,7.0,-720.0,0,,,,,
2026-04-27 19:07:17,LivingRoom_LED_1,Smart LED Bulb,Color Temperature,3000,Human,38.8,41.0,48.0,15.9,21.0,0.0,0,8.0,-720.0,0,,,,,
2026-04-27 19:38:17,TV_Plug_1,Smart Plug / Outlet,Switch State,On,Human,40.2,40.8,45.0,16.1,8.0,0.0,0,39.0,-720.0,0,,,,,
2026-04-27 21:54:00,Bedroom_LED_2,Smart LED Bulb,Power State,On,Human,38.7,36.8,41.0,13.6,16.0,0.0,0,174.7,-720.0,0,,,,,
2026-04-27 21:55:00,Bedroom_LED_2,Smart LED Bulb,Brightness,30,Human,36.6,41.0,54.0,12.6,13.0,0.0,0,175.7,-720.0,0,,,,,
2026-04-27 21:56:00,Bedroom_LED_2,Smart LED Bulb,Color Temperature,2700,Human,35.7,42.6,54.0,14.4,20.0,0.0,0,176.7,-720.0,0,,,,,
2026-04-27 22:41:00,FrontDoor_Cam_1,Security Camera,Privacy Mode,Enabled,Human,36.6,37.2,55.0,17.5,14.0,0.0,0,221.7,-720.0,0,,,,,
2026-04-27 22:44:00,Bedroom_AC_2,Smart Air Conditioner,Target Temperature,19,Human,30.7,40.4,55.0,22.2,8.0,0.0,0,224.7,-720.0,0,,,,,
2026-04-27 22:45:00,Bedroom_AC_2,Smart Air Conditioner,Operation Mode,Cool,Human,35.8,38.5,44.0,19.7,13.0,0.0,0,225.7,-720.0,0,,,,,
2026-04-27 23:09:00,LivingRoom_LED_1,Smart LED Bulb,Power State,Off,Human,35.7,40.0,45.0,23.3,6.0,0.0,0,249.7,-720.0,0,,,,,
2026-04-27 23:11:00,TV_Plug_1,Smart Plug / Outlet,Switch State,Off,Human,36.6,40.0,54.0,18.4,16.0,0.0,0,251.7,-720.0,0,,,,,
2026-04-27 23:12:00,Bedroom_Plug_1,Smart Plug / Outlet,Switch State,Off,Human,34.9,46.2,52.0,19.9,19.0,0.0,0,252.7,-720.0,0,,,,,
2026-04-28 06:26:39,LivingRoom_Blinds_1,Smart Blinds / Shades,Open/Close Percentage,91,Human,32.2,40.9,42.0,8.2,12.0,0.0,0,-720.0,-14.0,1,,,,,
2026-04-28 06:28:00,Garden_Irrigation_1,Smart Irrigation Controller,Zone 1 State,On,Human,39.3,47.0,51.0,17.0,23.0,0.0,0,-720.0,-15.3,1,,,,,
2026-04-28 06:59:00,LivingRoom_AC_1,Smart Air Conditioner,Target Temperature,21,Human,34.8,39.5,47.0,13.0,13.0,0.0,0,-720.0,-46.3,1,,,,,
2026-04-28 07:00:00,LivingRoom_AC_1,Smart Air Conditioner,Operation Mode,Cool,Human,38.1,45.3,55.0,9.6,9.0,0.0,0,-719.6,-47.3,1,,,,,
2026-04-28 07:01:00,LivingRoom_AC_1,Smart Air Conditioner,Fan Speed,Low,Human,38.8,41.0,40.0,6.4,6.0,0.0,0,-718.6,-48.3,1,,,,,
2026-04-28 08:08:00,Kitchen_Speaker_1,Smart Speaker / Receiver,Playback State,Play,Human,30.9,39.1,37.0,15.0,16.0,8.1,0,-651.6,-115.3,1,,,,,
2026-04-28 08:09:00,Kitchen_Speaker_1,Smart Speaker / Receiver,Volume Level,30,Human,38.8,41.7,57.0,17.2,9.0,8.6,0,-650.6,-116.3,1,,,,,
2026-04-28 09:07:00,Kitchen_Speaker_1,Smart Speaker / Receiver,Playback State,Stop,Human,32.4,41.2,43.0,24.6,14.0,7.6,0,-592.6,-174.3,1,,,,,
2026-04-28 13:02:00,LivingRoom_Fan_1,Smart Ceiling Fan,Power State,On,Human,33.8,41.6,53.0,6.4,20.0,11.2,0,-357.6,-409.3,1,,,,,
2026-04-28 13:03:00,LivingRoom_Fan_1,Smart Ceiling Fan,Fan Speed,High,Human,41.2,41.3,42.0,19.7,18.0,9.4,0,-356.6,-410.3,1,,,,,
2026-04-28 17:45:00,LivingRoom_Fan_1,Smart Ceiling Fan,Power State,Off,Human,40.2,41.3,41.0,8.7,11.0,9.8,0,-74.6,-692.3,1,,,,,
2026-04-28 18:47:36,LivingRoom_Blinds_1,Smart Blinds / Shades,Open/Close Percentage,0,Human,34.0,41.4,49.0,19.0,10.0,0.0,0,-12.0,-720.0,1,,,,,
2026-04-28 19:18:36,LivingRoom_LED_1,Smart LED Bulb,Power State,On,Human,39.9,37.3,35.0,13.0,22.0,0.0,0,19.0,-720.0,0,,,,,
2026-04-28 19:19:36,LivingRoom_LED_1,Smart LED Bulb,Brightness,60,Human,33.5,44.6,56.0,16.7,13.0,0.0,0,20.0,-720.0,0,,,,,
2026-04-28 19:20:36,LivingRoom_LED_1,Smart LED Bulb,Color Temperature,3000,Human,38.7,44.7,37.0,15.8,10.0,0.0,0,21.0,-720.0,0,,,,,
2026-04-28 19:53:36,TV_Plug_1,Smart Plug / Outlet,Switch State,On,Human,36.5,37.5,43.0,18.9,7.0,0.0,0,54.0,-720.0,0,,,,,
2026-04-28 22:03:00,Bedroom_LED_2,Smart LED Bulb,Power State,On,Human,32.3,42.5,37.0,19.5,8.0,0.0,0,183.4,-720.0,0,,,,,
2026-04-28 22:04:00,Bedroom_LED_2,Smart LED Bulb,Brightness,30,Human,31.3,38.9,49.0,20.1,21.0,0.0,0,184.4,-720.0,0,,,,,
2026-04-28 22:05:00,Bedroom_LED_2,Smart LED Bulb,Color Temperature,3000,Human,33.0,44.6,50.0,21.9,12.0,0.0,0,185.4,-720.0,0,,,,,
2026-04-28 22:31:00,Bedroom_AC_2,Smart Air Conditioner,Target Temperature,19,Human,29.1,41.7,48.0,16.5,21.0,0.0,0,211.4,-720.0,0,,,,,
2026-04-28 22:32:00,Bedroom_AC_2,Smart Air Conditioner,Operation Mode,Cool,Human,35.1,41.9,49.0,19.0,12.0,0.0,0,212.4,-720.0,0,,,,,
2026-04-28 22:42:00,FrontDoor_Cam_1,Security Camera,Privacy Mode,Enabled,Human,34.0,40.7,42.0,25.2,14.0,0.0,0,222.4,-720.0,0,,,,,
2026-04-28 23:07:00,LivingRoom_LED_1,Smart LED Bulb,Power State,Off,Human,46.2,44.0,51.0,12.5,21.0,0.0,0,247.4,-720.0,0,,,,,
2026-04-28 23:09:00,TV_Plug_1,Smart Plug / Outlet,Switch State,Off,Human,34.4,42.7,52.0,8.7,23.0,0.0,0,249.4,-720.0,0,,,,,
2026-04-28 23:10:00,Bedroom_Plug_1,Smart Plug / Outlet,Switch State,Off,Human,33.7,36.0,48.0,7.8,23.0,0.0,0,250.4,-720.0,0,,,,,
2026-04-29 06:25:00,Garden_Irrigation_1,Smart Irrigation Controller,Zone 1 State,On,Human,31.9,36.6,43.0,9.9,11.0,0.0,0,-720.0,-12.9,1,,,,,
2026-04-29 06:32:03,LivingRoom_Blinds_1,Smart Blinds / Shades,Open/Close Percentage,83,Human,36.8,41.5,39.0,16.0,7.0,0.0,0,-720.0,-20.0,1,,,,,
2026-04-29 07:02:00,LivingRoom_AC_1,Smart Air Conditioner,Target Temperature,19,Human,42.0,41.0,42.0,11.2,23.0,0.0,0,-717.9,-49.9,1,,,,,
2026-04-29 07:03:00,LivingRoom_AC_1,Smart Air Conditioner,Operation Mode,Cool,Human,40.3,35.3,43.0,8.6,19.0,0.0,0,-716.9,-50.9,1,,,,,
2026-04-29 07:04:00,LivingRoom_AC_1,Smart Air Conditioner,Fan Speed,Med,Human,32.9,45.1,42.0,7.1,18.0,0.0,0,-715.9,-51.9,1,,,,,
2026-04-29 08:07:00,Kitchen_Speaker_1,Smart Speaker / Receiver,Playback State,Play,Human,38.5,39.7,35.0,0.5,13.0,10.8,0,-652.9,-114.9,1,,,,,
2026-04-29 08:08:00,Kitchen_Speaker_1,Smart Speaker / Receiver,Volume Level,40,Human,37.3,43.5,56.0,21.3,5.0,7.2,0,-651.9,-115.9,1,,,,,
2026-04-29 09:05:00,Kitchen_Speaker_1,Smart Speaker / Receiver,Playback State,Stop,Human,31.7,46.4,49.0,21.2,15.0,7.1,0,-594.9,-172.9,1,,,,,
2026-04-29 12:00:00,LivingRoom_AC_1,Smart Air Conditioner,Target Temperature,26,Automation,31.5,42.8,51.0,7.5,18.0,11.4,0,-419.9,-347.9,1,,,,,
2026-04-29 13:14:00,LivingRoom_Fan_1,Smart Ceiling Fan,Power State,On,Human,38.2,39.9,35.0,13.5,21.0,10.5,0,-345.9,-421.9,1,,,,,
2026-04-29 13:15:00,LivingRoom_Fan_1,Smart Ceiling Fan,Fan Speed,Med,Human,39.1,43.5,35.0,25.1,18.0,11.3,0,-344.9,-422.9,1,,,,,
2026-04-29 17:58:00,LivingRoom_Fan_1,Smart Ceiling Fan,Power State,Off,Human,34.1,43.3,37.0,14.7,6.0,10.9,0,-61.9,-705.9,1,,,,,
2026-04-29 18:42:56,LivingRoom_Blinds_1,Smart Blinds / Shades,Open/Close Percentage,0,Human,36.2,41.2,39.0,18.0,10.0,0.0,0,-17.0,-720.0,1,,,,,
2026-04-29 19:10:56,LivingRoom_LED_1,Smart LED Bulb,Power State,On,Human,36.5,40.2,46.0,9.8,19.0,0.0,0,11.0,-720.0,0,,,,,
2026-04-29 19:11:56,LivingRoom_LED_1,Smart LED Bulb,Brightness,75,Human,35.1,38.5,49.0,19.7,21.0,0.0,0,12.0,-720.0,0,,,,,
2026-04-29 19:12:56,LivingRoom_LED_1,Smart LED Bulb,Color Temperature,3000,Human,38.3,40.5,42.0,14.3,16.0,0.0,0,13.0,-720.0,0,,,,,
2026-04-29 19:41:56,TV_Plug_1,Smart Plug / Outlet,Switch State,On,Human,40.4,40.9,46.0,11.1,10.0,0.0,0,42.0,-720.0,0,,,,,
2026-04-29 21:52:00,Bedroom_LED_2,Smart LED Bulb,Power State,On,Human,29.6,46.6,49.0,11.1,15.0,0.0,0,172.1,-720.0,0,,,,,
2026-04-29 21:53:00,Bedroom_LED_2,Smart LED Bulb,Brightness,40,Human,36.4,43.7,41.0,13.1,8.0,0.0,0,173.1,-720.0,0,,,,,
2026-04-29 21:54:00,Bedroom_LED_2,Smart LED Bulb,Color Temperature,2700,Human,36.1,38.9,37.0,14.2,20.0,0.0,0,174.1,-720.0,0,,,,,
2026-04-29 22:37:00,FrontDoor_Cam_1,Security Camera,Privacy Mode,Enabled,Human,33.0,38.5,55.0,0.0,14.0,0.0,0,217.1,-720.0,0,,,,,
2026-04-29 22:44:00,Bedroom_AC_2,Smart Air Conditioner,Target Temperature,19,Human,38.1,45.2,43.0,12.3,13.0,0.0,0,224.1,-720.0,0,,,,,
2026-04-29 22:45:00,Bedroom_AC_2,Smart Air Conditioner,Operation Mode,Cool,Human,39.7,43.6,35.0,16.2,10.0,0.0,0,225.1,-720.0,0,,,,,
2026-04-29 23:14:00,LivingRoom_LED_1,Smart LED Bulb,Power State,Off,Human,35.9,44.0,45.0,12.7,20.0,0.0,0,254.1,-720.0,0,,,,,
2026-04-29 23:16:00,TV_Plug_1,Smart Plug / Outlet,Switch State,Off,Human,36.7,40.6,44.0,12.0,10.0,0.0,0,256.1,-720.0,0,,,,,
2026-04-29 23:17:00,Bedroom_Plug_1,Smart Plug / Outlet,Switch State,Off,Human,43.0,47.6,49.0,14.9,15.0,0.0,0,257.1,-720.0,0,,,,,
2026-04-30 06:35:00,Garden_Irrigation_1,Smart Irrigation Controller,Zone 1 State,On,Human,37.5,32.5,39.0,8.3,15.0,0.0,0,-720.0,-23.5,1,,,,,
2026-04-30 06:35:27,LivingRoom_Blinds_1,Smart Blinds / Shades,Open/Close Percentage,93,Human,35.4,45.8,43.0,12.3,16.0,0.0,0,-720.0,-24.0,1,,,,,
2026-04-30 07:04:00,LivingRoom_AC_1,Smart Air Conditioner,Target Temperature,20,Human,33.3,44.8,47.0,21.0,24.0,0.0,0,-716.3,-52.5,1,,,,,
2026-04-30 07:05:00,LivingRoom_AC_1,Smart Air Conditioner,Operation Mode,Cool,Human,37.1,40.3,42.0,10.0,24.0,0.0,0,-715.3,-53.5,1,,,,,
2026-04-30 07:06:00,LivingRoom_AC_1,Smart Air Conditioner,Fan Speed,Low,Human,37.4,43.7,35.0,13.5,24.0,0.0,0,-714.3,-54.5,1,,,,,
2026-04-30 07:57:00,Kitchen_Speaker_1,Smart Speaker / Receiver,Playback State,Play,Human,35.0,40.8,56.0,10.5,20.0,0.0,0,-663.3,-105.5,1,,,,,
2026-04-30 07:58:00,Kitchen_Speaker_1,Smart Speaker / Receiver,Volume Level,40,Human,34.6,42.6,51.0,15.8,16.0,0.0,0,-662.3,-106.5,1,,,,,
2026-04-30 09:09:00,Kitchen_Speaker_1,Smart Speaker / Receiver,Playback State,Stop,Human,37.2,45.1,37.0,18.3,20.0,11.9,0,-591.3,-177.5,1,,,,,
2026-04-30 13:13:00,LivingRoom_Fan_1,Smart Ceiling Fan,Power State,On,Human,35.0,40.7,54.0,17.2,24.0,11.8,0,-347.3,-421.5,1,,,,,
2026-04-30 13:14:00,LivingRoom_Fan_1,Smart Ceiling Fan,Fan Speed,Med,Human,37.9,44.6,36.0,22.4,18.0,7.8,0,-346.3,-422.5,1,,,,,
2026-04-30 17:44:00,LivingRoom_Fan_1,Smart Ceiling Fan,Power State,Off,Human,39.8,46.3,40.0,11.4,14.0,8.5,0,-76.3,-692.5,1,,,,,
2026-04-30 18:56:16,LivingRoom_Blinds_1,Smart Blinds / Shades,Open/Close Percentage,0,Human,33.0,46.6,51.0,16.9,13.0,0.0,0,-4.0,-720.0,1,,,,,
2026-04-30 19:19:16,LivingRoom_LED_1,Smart LED Bulb,Power State,On,Human,34.1,45.0,52.0,17.9,17.0,0.0,0,19.0,-720.0,0,,,,,
2026-04-30 19:20:16,LivingRoom_LED_1,Smart LED Bulb,Brightness,75,Human,35.8,44.3,52.0,14.2,11.0,0.0,0,20.0,-720.0,0,,,,,
2026-04-30 19:21:16,LivingRoom_LED_1,Smart LED Bulb,Color Temperature,3500,Human,32.9,42.7,45.0,11.5,13.0,0.0,0,21.0,-720.0,0,,,,,
2026-04-30 19:54:16,TV_Plug_1,Smart Plug / Outlet,Switch State,On,Human,39.1,34.9,48.0,12.3,19.0,0.0,0,54.0,-720.0,0,,,,,
2026-04-30 22:00:00,Bedroom_LED_2,Smart LED Bulb,Power State,On,Human,31.1,36.8,49.0,16.5,18.0,0.0,0,179.7,-720.0,0,,,,,
2026-04-30 22:01:00,Bedroom_LED_2,Smart LED Bulb,Brightness,30,Human,42.2,44.9,43.0,21.1,22.0,0.0,0,180.7,-720.0,0,,,,,
2026-04-30 22:02:00,Bedroom_LED_2,Smart LED Bulb,Color Temperature,2700,Human,36.5,44.9,43.0,13.5,11.0,0.0,0,181.7,-720.0,0,,,,,
2026-04-30 22:22:00,Bedroom_AC_2,Smart Air Conditioner,Target Temperature,19,Human,36.1,43.9,49.0,8.3,9.0,0.0,0,201.7,-720.0,0,,,,,
2026-04-30 22:23:00,Bedroom_AC_2,Smart Air Conditioner,Operation Mode,Cool,Human,34.3,46.0,54.0,6.6,21.0,0.0,0,202.7,-720.0,0,,,,,
2026-04-30 22:54:00,FrontDoor_Cam_1,Security Camera,Privacy Mode,Enabled,Human,33.1,44.4,41.0,8.5,13.0,0.0,0,233.7,-720.0,0,,,,,
2026-04-30 23:09:00,LivingRoom_LED_1,Smart LED Bulb,Power State,Off,Human,39.0,41.1,41.0,17.7,19.0,0.0,0,248.7,-720.0,0,,,,,
2026-04-30 23:11:00,TV_Plug_1,Smart Plug / Outlet,Switch State,Off,Human,37.1,39.0,52.0,18.0,23.0,0.0,0,250.7,-720.0,0,,,,,
2026-04-30 23:12:00,Bedroom_Plug_1,Smart Plug / Outlet,Switch State,Off,Human,40.6,42.4,46.0,15.3,8.0,0.0,0,251.7,-720.0,0,,,,,
2026-05-01 06:26:00,Garden_Irrigation_1,Smart Irrigation Controller,Zone 1 State,On,Human,39.8,42.5,37.0,10.5,11.0,0.0,0,-720.0,-15.1,1,,,,,
2026-05-01 06:26:52,LivingRoom_Blinds_1,Smart Blinds / Shades,Open/Close Percentage,84,Human,41.5,41.0,53.0,11.9,19.0,0.0,0,-720.0,-16.0,1,,,,,
2026-05-01 07:06:00,LivingRoom_AC_1,Smart Air Conditioner,Target Temperature,22,Human,37.7,43.3,55.0,16.7,12.0,0.0,0,-714.6,-55.1,1,,,,,
2026-05-01 07:07:00,LivingRoom_AC_1,Smart Air Conditioner,Operation Mode,Cool,Human,34.7,40.4,49.0,12.4,8.0,0.0,0,-713.6,-56.1,1,,,,,
2026-05-01 07:08:00,LivingRoom_AC_1,Smart Air Conditioner,Fan Speed,Low,Human,33.5,42.8,50.0,18.7,21.0,0.0,0,-712.6,-57.1,1,,,,,
2026-05-01 07:53:00,Kitchen_Speaker_1,Smart Speaker / Receiver,Playback State,Play,Human,37.4,39.1,41.0,9.8,20.0,0.0,0,-667.6,-102.1,1,,,,,
2026-05-01 07:54:00,Kitchen_Speaker_1,Smart Speaker / Receiver,Volume Level,40,Human,34.7,42.3,41.0,10.3,17.0,0.0,0,-666.6,-103.1,1,,,,,
2026-05-01 09:01:00,Kitchen_Speaker_1,Smart Speaker / Receiver,Playback State,Stop,Human,36.7,41.7,41.0,12.1,20.0,11.8,0,-599.6,-170.1,1,,,,,
2026-05-01 12:00:00,LivingRoom_AC_1,Smart Air Conditioner,Target Temperature,26,Automation,37.6,40.2,50.0,9.8,16.0,9.9,0,-420.6,-349.1,1,,,,,
2026-05-01 12:45:00,LivingRoom_Fan_1,Smart Ceiling Fan,Power State,On,Human,33.8,38.7,46.0,14.1,22.0,9.9,0,-375.6,-394.1,1,,,,,
2026-05-01 12:46:00,LivingRoom_Fan_1,Smart Ceiling Fan,Fan Speed,High,Human,35.7,44.5,36.0,14.2,6.0,7.0,0,-374.6,-395.1,1,,,,,
2026-05-01 17:54:00,LivingRoom_Fan_1,Smart Ceiling Fan,Power State,Off,Human,41.0,45.1,36.0,19.4,22.0,10.2,0,-66.6,-703.1,1,,,,,
2026-05-01 18:44:36,LivingRoom_Blinds_1,Smart Blinds / Shades,Open/Close Percentage,0,Human,33.5,41.3,50.0,12.1,17.0,0.0,0,-16.0,-720.0,1,,,,,
2026-05-01 19:09:36,LivingRoom_LED_1,Smart LED Bulb,Power State,On,Human,34.3,43.2,36.0,12.7,19.0,0.0,0,9.0,-720.0,0,,,,,
2026-05-01 19:10:36,LivingRoom_LED_1,Smart LED Bulb,Brightness,75,Human,37.8,41.0,37.0,17.8,5.0,0.0,0,10.0,-720.0,0,,,,,
2026-05-01 19:11:36,LivingRoom_LED_1,Smart LED Bulb,Color Temperature,2700,Human,37.5,42.1,56.0,9.3,19.0,0.0,0,11.0,-720.0,0,,,,,
2026-05-01 19:58:36,TV_Plug_1,Smart Plug / Outlet,Switch State,On,Human,35.9,40.5,53.0,15.5,10.0,0.0,0,58.0,-720.0,0,,,,,
2026-05-01 21:59:00,Bedroom_LED_2,Smart LED Bulb,Power State,On,Human,31.6,41.7,53.0,15.4,21.0,0.0,0,178.4,-720.0,0,,,,,
2026-05-01 22:00:00,Bedroom_LED_2,Smart LED Bulb,Brightness,30,Human,35.3,46.7,37.0,15.6,18.0,0.0,0,179.4,-720.0,0,,,,,
2026-05-01 22:01:00,Bedroom_LED_2,Smart LED Bulb,Color Temperature,3000,Human,33.5,42.3,48.0,19.2,23.0,0.0,0,180.4,-720.0,0,,,,,
2026-05-01 22:15:00,Bedroom_AC_2,Smart Air Conditioner,Target Temperature,19,Human,36.7,42.0,48.0,14.1,18.0,0.0,0,194.4,-720.0,0,,,,,
2026-05-01 22:16:00,Bedroom_AC_2,Smart Air Conditioner,Operation Mode,Cool,Human,37.5,40.5,40.0,13.1,24.0,0.0,0,195.4,-720.0,0,,,,,
2026-05-01 22:37:00,FrontDoor_Cam_1,Security Camera,Privacy Mode,Disabled,Human,31.8,42.2,42.0,13.9,11.0,0.0,0,216.4,-720.0,0,,,,,
2026-05-01 22:54:00,LivingRoom_LED_1,Smart LED Bulb,Power State,Off,Human,30.5,39.4,42.0,14.9,7.0,0.0,0,233.4,-720.0,0,,,,,
2026-05-01 22:56:00,TV_Plug_1,Smart Plug / Outlet,Switch State,Off,Human,34.3,40.3,42.0,18.4,17.0,0.0,0,235.4,-720.0,0,,,,,
2026-05-01 22:57:00,Bedroom_Plug_1,Smart Plug / Outlet,Switch State,Off,Human,42.4,46.5,38.0,12.7,7.0,0.0,0,236.4,-720.0,0,,,,,
2026-05-02 06:39:00,Garden_Irrigation_1,Smart Irrigation Controller,Zone 1 State,On,Human,28.8,46.2,35.0,17.6,15.0,0.0,0,-720.0,-28.7,1,,,,,
2026-05-02 09:06:00,Hallway_Vacuum_1,Robot Vacuum,Cleaning State,Clean,Human,34.3,44.1,35.0,16.9,12.0,11.1,0,-595.0,-175.7,1,,,,,
2026-05-02 09:07:00,Hallway_Vacuum_1,Robot Vacuum,Suction Power,Max,Human,35.5,45.7,53.0,17.3,18.0,10.0,0,-594.0,-176.7,1,,,,,
2026-05-02 12:00:00,LivingRoom_AC_1,Smart Air Conditioner,Target Temperature,26,Automation,29.7,47.3,41.0,20.5,22.0,10.4,0,-421.0,-349.7,1,,,,,
2026-05-02 13:11:00,LivingRoom_Fan_1,Smart Ceiling Fan,Power State,On,Human,35.3,44.0,42.0,18.1,13.0,9.1,0,-350.0,-420.7,1,,,,,
2026-05-02 13:12:00,LivingRoom_Fan_1,Smart Ceiling Fan,Fan Speed,Med,Human,35.6,47.8,52.0,17.1,13.0,7.8,0,-349.0,-421.7,1,,,,,
2026-05-02 14:49:00,LivingRoom_AC_1,Smart Air Conditioner,Target Temperature,21,Human,31.5,39.5,57.0,19.2,23.0,7.1,0,-252.0,-518.7,1,,,,,
2026-05-02 14:50:00,LivingRoom_AC_1,Smart Air Conditioner,Operation Mode,Cool,Human,35.0,37.8,50.0,5.8,18.0,8.0,0,-251.0,-519.7,1,,,,,
2026-05-02 17:41:00,LivingRoom_Fan_1,Smart Ceiling Fan,Power State,Off,Human,35.1,35.5,57.0,7.8,8.0,11.2,0,-80.0,-690.7,1,,,,,
2026-05-02 19:09:57,LivingRoom_LED_1,Smart LED Bulb,Power State,On,Human,42.1,45.8,38.0,17.2,22.0,0.0,0,9.0,-720.0,0,,,,,
2026-05-02 19:10:57,LivingRoom_LED_1,Smart LED Bulb,Brightness,80,Human,35.6,43.9,45.0,26.9,16.0,0.0,0,10.0,-720.0,0,,,,,
2026-05-02 19:11:57,LivingRoom_LED_1,Smart LED Bulb,Color Temperature,3500,Human,33.4,41.2,55.0,16.3,22.0,0.0,0,11.0,-720.0,0,,,,,
2026-05-02 19:56:57,TV_Plug_1,Smart Plug / Outlet,Switch State,On,Human,35.9,39.7,37.0,14.7,19.0,0.0,0,56.0,-720.0,0,,,,,
2026-05-02 21:55:00,Bedroom_LED_2,Smart LED Bulb,Power State,On,Human,33.1,39.4,57.0,14.6,11.0,0.0,0,174.0,-720.0,0,,,,,
2026-05-02 21:56:00,Bedroom_LED_2,Smart LED Bulb,Brightness,50,Human,35.1,38.8,37.0,16.1,13.0,0.0,0,175.0,-720.0,0,,,,,
2026-05-02 21:57:00,Bedroom_LED_2,Smart LED Bulb,Color Temperature,3000,Human,29.6,40.3,37.0,11.8,14.0,0.0,0,176.0,-720.0,0,,,,,
2026-05-02 22:31:00,Bedroom_AC_2,Smart Air Conditioner,Target Temperature,19,Human,29.8,36.7,36.0,4.6,10.0,0.0,0,210.0,-720.0,0,,,,,
2026-05-02 22:32:00,Bedroom_AC_2,Smart Air Conditioner,Operation Mode,Cool,Human,36.1,43.0,49.0,20.0,11.0,0.0,0,211.0,-720.0,0,,,,,
2026-05-02 22:43:00,FrontDoor_Cam_1,Security Camera,Privacy Mode,Enabled,Human,37.1,38.1,55.0,14.8,20.0,0.0,0,222.0,-720.0,0,,,,,
2026-05-02 22:45:00,LivingRoom_LED_1,Smart LED Bulb,Power State,Off,Human,35.7,43.0,53.0,19.9,24.0,0.0,0,224.0,-720.0,0,,,,,
2026-05-02 22:47:00,TV_Plug_1,Smart Plug / Outlet,Switch State,Off,Human,32.6,45.1,50.0,16.9,22.0,0.0,0,226.0,-720.0,0,,,,,
2026-05-02 22:48:00,Bedroom_Plug_1,Smart Plug / Outlet,Switch State,Off,Human,34.3,41.7,39.0,9.6,19.0,0.0,0,227.0,-720.0,0,,,,,
2026-05-03 06:25:00,Garden_Irrigation_1,Smart Irrigation Controller,Zone 1 State,On,Human,35.2,42.0,53.0,8.8,19.0,0.0,0,-720.0,-15.3,1,,,,,
2026-05-03 12:00:00,LivingRoom_AC_1,Smart Air Conditioner,Target Temperature,26,Automation,35.9,45.7,50.0,15.4,24.0,7.4,0,-421.3,-350.3,1,,,,,
2026-05-03 13:17:00,LivingRoom_Fan_1,Smart Ceiling Fan,Power State,On,Human,32.0,37.4,38.0,18.0,21.0,11.8,0,-344.3,-427.3,1,,,,,
2026-05-03 13:18:00,LivingRoom_Fan_1,Smart Ceiling Fan,Fan Speed,Med,Human,35.1,36.9,56.0,11.3,15.0,8.5,0,-343.3,-428.3,1,,,,,
2026-05-03 14:31:00,LivingRoom_AC_1,Smart Air Conditioner,Target Temperature,19,Human,38.4,44.6,50.0,15.7,24.0,8.0,0,-270.3,-501.3,1,,,,,
2026-05-03 14:32:00,LivingRoom_AC_1,Smart Air Conditioner,Operation Mode,Cool,Human,35.2,41.0,37.0,19.4,18.0,9.5,0,-269.3,-502.3,1,,,,,
2026-05-03 18:00:00,LivingRoom_LED_1,Smart LED Bulb,Brightness,50,Automation,40.2,42.6,41.0,16.6,18.0,0.0,0,-61.3,-710.3,1,,,,,
2026-05-03 18:10:00,LivingRoom_Fan_1,Smart Ceiling Fan,Power State,Off,Human,35.5,39.2,41.0,13.2,15.0,0.0,0,-51.3,-720.0,1,,,,,
2026-05-03 19:11:17,LivingRoom_LED_1,Smart LED Bulb,Power State,On,Human,37.1,43.4,42.0,3.8,5.0,0.0,0,10.0,-720.0,0,,,,,
2026-05-03 19:12:17,LivingRoom_LED_1,Smart LED Bulb,Brightness,65,Human,38.9,43.9,49.0,22.7,24.0,0.0,0,11.0,-720.0,0,,,,,
2026-05-03 19:13:17,LivingRoom_LED_1,Smart LED Bulb,Color Temperature,3000,Human,33.8,38.4,49.0,14.4,17.0,0.0,0,12.0,-720.0,0,,,,,
2026-05-03 19:42:17,TV_Plug_1,Smart Plug / Outlet,Switch State,On,Human,31.8,46.7,36.0,5.1,6.0,0.0,0,41.0,-720.0,0,,,,,
2026-05-03 22:07:00,Bedroom_LED_2,Smart LED Bulb,Power State,On,Human,34.2,40.5,56.0,11.0,5.0,0.0,0,185.7,-720.0,0,,,,,
2026-05-03 22:08:00,Bedroom_LED_2,Smart LED Bulb,Brightness,40,Human,38.4,44.2,49.0,9.7,5.0,0.0,0,186.7,-720.0,0,,,,,
2026-05-03 22:09:00,Bedroom_LED_2,Smart LED Bulb,Color Temperature,3000,Human,30.7,39.3,44.0,16.4,11.0,0.0,0,187.7,-720.0,0,,,,,
2026-05-03 22:42:00,Bedroom_AC_2,Smart Air Conditioner,Target Temperature,19,Human,35.3,43.0,39.0,4.4,19.0,0.0,0,220.7,-720.0,0,,,,,
2026-05-03 22:43:00,Bedroom_AC_2,Smart Air Conditioner,Operation Mode,Fan,Human,34.3,45.6,55.0,11.9,13.0,0.0,0,221.7,-720.0,0,,,,,
2026-05-03 22:47:00,FrontDoor_Cam_1,Security Camera,Privacy Mode,Disabled,Human,38.0,37.3,51.0,15.9,10.0,0.0,0,225.7,-720.0,0,,,,,
2026-05-03 23:08:00,LivingRoom_LED_1,Smart LED Bulb,Power State,Off,Human,32.8,44.0,41.0,15.4,12.0,0.0,0,246.7,-720.0,0,,,,,
2026-05-03 23:10:00,TV_Plug_1,Smart Plug / Outlet,Switch State,Off,Human,30.5,44.5,36.0,10.7,5.0,0.0,0,248.7,-720.0,0,,,,,
2026-05-03 23:11:00,Bedroom_Plug_1,Smart Plug / Outlet,Switch State,Off,Human,33.2,43.4,45.0,19.4,17.0,0.0,0,249.7,-720.0,0,,,,,
2026-05-04 06:28:11,LivingRoom_Blinds_1,Smart Blinds / Shades,Open/Close Percentage,85,Human,37.7,45.1,37.0,12.0,14.0,0.0,0,-720.0,-19.0,1,,,,,
2026-05-04 06:36:00,Garden_Irrigation_1,Smart Irrigation Controller,Zone 1 State,On,Human,40.4,41.5,55.0,17.8,9.0,0.0,0,-720.0,-26.8,1,,,,,
2026-05-04 07:00:00,LivingRoom_AC_1,Smart Air Conditioner,Target Temperature,20,Human,31.4,38.0,38.0,11.3,10.0,0.0,0,-720.0,-50.8,1,,,,,
2026-05-04 07:01:00,LivingRoom_AC_1,Smart Air Conditioner,Operation Mode,Cool,Human,31.0,40.9,51.0,9.1,17.0,0.0,0,-720.0,-51.8,1,,,,,
2026-05-04 07:02:00,LivingRoom_AC_1,Smart Air Conditioner,Fan Speed,High,Human,36.6,39.0,44.0,8.6,6.0,0.0,0,-719.6,-52.8,1,,,,,
2026-05-04 07:50:00,Kitchen_Speaker_1,Smart Speaker / Receiver,Playback State,Play,Human,36.3,39.7,44.0,11.8,20.0,0.0,0,-671.6,-100.8,1,,,,,
2026-05-04 07:51:00,Kitchen_Speaker_1,Smart Speaker / Receiver,Volume Level,35,Human,39.0,45.6,44.0,24.9,21.0,0.0,0,-670.6,-101.8,1,,,,,
2026-05-04 09:02:00,Kitchen_Speaker_1,Smart Speaker / Receiver,Playback State,Stop,Human,34.1,43.1,42.0,12.8,22.0,7.9,0,-599.6,-172.8,1,,,,,
2026-05-04 13:13:00,LivingRoom_Fan_1,Smart Ceiling Fan,Power State,On,Human,33.3,37.0,57.0,20.9,7.0,7.3,0,-348.6,-423.8,1,,,,,
2026-05-04 13:14:00,LivingRoom_Fan_1,Smart Ceiling Fan,Fan Speed,High,Human,35.9,38.2,54.0,11.3,16.0,8.9,0,-347.6,-424.8,1,,,,,
2026-05-04 17:51:00,LivingRoom_Fan_1,Smart Ceiling Fan,Power State,Off,Human,33.7,36.6,39.0,15.7,8.0,8.6,0,-70.6,-701.8,1,,,,,
2026-05-04 18:45:38,LivingRoom_Blinds_1,Smart Blinds / Shades,Open/Close Percentage,10,Human,37.2,45.7,53.0,17.8,21.0,0.0,0,-16.0,-720.0,1,,,,,
2026-05-04 19:11:38,LivingRoom_LED_1,Smart LED Bulb,Power State,On,Human,33.6,43.3,50.0,7.9,9.0,0.0,0,10.0,-720.0,0,,,,,
2026-05-04 19:12:38,LivingRoom_LED_1,Smart LED Bulb,Brightness,65,Human,36.2,45.3,39.0,5.8,7.0,0.0,0,11.0,-720.0,0,,,,,
2026-05-04 19:13:38,LivingRoom_LED_1,Smart LED Bulb,Color Temperature,3500,Human,31.6,39.5,44.0,21.9,23.0,0.0,0,12.0,-720.0,0,,,,,
2026-05-04 20:00:38,TV_Plug_1,Smart Plug / Outlet,Switch State,On,Human,33.4,40.4,44.0,7.9,7.0,0.0,0,59.0,-720.0,0,,,,,
2026-05-04 21:51:00,Bedroom_LED_2,Smart LED Bulb,Power State,On,Human,36.7,38.8,38.0,12.3,14.0,0.0,0,169.4,-720.0,0,,,,,
2026-05-04 21:52:00,Bedroom_LED_2,Smart LED Bulb,Brightness,40,Human,36.2,44.0,35.0,22.7,19.0,0.0,0,170.4,-720.0,0,,,,,
2026-05-04 21:53:00,Bedroom_LED_2,Smart LED Bulb,Color Temperature,2700,Human,34.7,37.0,43.0,8.0,24.0,0.0,0,171.4,-720.0,0,,,,,
2026-05-04 22:40:00,Bedroom_AC_2,Smart Air Conditioner,Target Temperature,19,Human,38.9,42.4,47.0,11.0,8.0,0.0,0,218.4,-720.0,0,,,,,
2026-05-04 22:41:00,Bedroom_AC_2,Smart Air Conditioner,Operation Mode,Cool,Human,35.0,41.4,54.0,17.1,23.0,0.0,0,219.4,-720.0,0,,,,,
2026-05-04 22:49:00,FrontDoor_Cam_1,Security Camera,Privacy Mode,Enabled,Human,39.3,43.4,46.0,14.3,17.0,0.0,0,227.4,-720.0,0,,,,,
2026-05-04 23:01:00,LivingRoom_LED_1,Smart LED Bulb,Power State,Off,Human,38.3,41.4,57.0,12.8,16.0,0.0,0,239.4,-720.0,0,,,,,
2026-05-04 23:03:00,TV_Plug_1,Smart Plug / Outlet,Switch State,Off,Human,38.8,43.1,42.0,14.6,18.0,0.0,0,241.4,-720.0,0,,,,,
2026-05-04 23:04:00,Bedroom_Plug_1,Smart Plug / Outlet,Switch State,Off,Human,40.3,40.7,35.0,10.0,19.0,0.0,0,242.4,-720.0,0,,,,,
2026-05-05 06:30:39,LivingRoom_Blinds_1,Smart Blinds / Shades,Open/Close Percentage,82,Human,33.9,41.5,45.0,11.7,23.0,0.0,0,-720.0,-22.0,1,,,,,
2026-05-05 06:34:00,Garden_Irrigation_1,Smart Irrigation Controller,Zone 1 State,On,Human,36.3,44.6,56.0,11.2,23.0,0.0,0,-720.0,-25.3,1,,,,,
2026-05-05 07:05:00,LivingRoom_AC_1,Smart Air Conditioner,Target Temperature,21,Human,33.8,47.1,55.0,28.8,13.0,0.0,0,-717.0,-56.3,1,,,,,
2026-05-05 07:06:00,LivingRoom_AC_1,Smart Air Conditioner,Operation Mode,Cool,Human,41.0,43.6,44.0,5.5,22.0,0.0,0,-716.0,-57.3,1,,,,,
2026-05-05 07:07:00,LivingRoom_AC_1,Smart Air Conditioner,Fan Speed,Low,Human,40.4,41.5,54.0,14.9,10.0,0.0,0,-715.0,-58.3,1,,,,,
2026-05-05 08:07:00,Kitchen_Speaker_1,Smart Speaker / Receiver,Playback State,Play,Human,39.1,41.2,38.0,16.9,10.0,7.9,0,-655.0,-118.3,1,,,,,
2026-05-05 08:08:00,Kitchen_Speaker_1,Smart Speaker / Receiver,Volume Level,40,Human,36.6,47.0,52.0,6.8,14.0,9.5,0,-654.0,-119.3,1,,,,,
2026-05-05 09:01:00,Kitchen_Speaker_1,Smart Speaker / Receiver,Playback State,Stop,Human,35.5,45.7,54.0,6.5,23.0,7.4,0,-601.0,-172.3,1,,,,,
2026-05-05 12:53:00,LivingRoom_Fan_1,Smart Ceiling Fan,Power State,On,Human,40.6,41.3,49.0,15.5,17.0,9.0,0,-369.0,-404.3,1,,,,,
2026-05-05 12:54:00,LivingRoom_Fan_1,Smart Ceiling Fan,Fan Speed,Med,Human,30.2,46.4,47.0,7.4,17.0,9.6,0,-368.0,-405.3,1,,,,,
2026-05-05 17:41:00,LivingRoom_Fan_1,Smart Ceiling Fan,Power State,Off,Human,37.4,47.9,54.0,21.4,11.0,8.6,0,-81.0,-692.3,1,,,,,
2026-05-05 18:51:59,LivingRoom_Blinds_1,Smart Blinds / Shades,Open/Close Percentage,0,Human,34.4,46.0,39.0,13.3,15.0,0.0,0,-10.0,-720.0,1,,,,,
2026-05-05 19:17:59,LivingRoom_LED_1,Smart LED Bulb,Power State,On,Human,41.7,40.5,42.0,15.7,15.0,0.0,0,16.0,-720.0,0,,,,,
2026-05-05 19:18:59,LivingRoom_LED_1,Smart LED Bulb,Brightness,65,Human,38.8,38.7,47.0,13.5,21.0,0.0,0,17.0,-720.0,0,,,,,
2026-05-05 19:19:59,LivingRoom_LED_1,Smart LED Bulb,Color Temperature,3000,Human,36.5,38.9,53.0,15.8,19.0,0.0,0,18.0,-720.0,0,,,,,
2026-05-05 19:59:59,TV_Plug_1,Smart Plug / Outlet,Switch State,On,Human,31.7,43.1,47.0,25.0,11.0,0.0,0,58.0,-720.0,0,,,,,
2026-05-05 22:09:00,Bedroom_LED_2,Smart LED Bulb,Power State,On,Human,34.1,36.6,53.0,14.1,8.0,0.0,0,187.0,-720.0,0,,,,,
2026-05-05 22:10:00,Bedroom_LED_2,Smart LED Bulb,Brightness,50,Human,33.6,40.4,37.0,6.0,9.0,0.0,0,188.0,-720.0,0,,,,,
2026-05-05 22:11:00,Bedroom_LED_2,Smart LED Bulb,Color Temperature,3000,Human,35.2,44.4,52.0,20.8,12.0,0.0,0,189.0,-720.0,0,,,,,
2026-05-05 22:35:00,Bedroom_AC_2,Smart Air Conditioner,Target Temperature,19,Human,34.4,36.9,35.0,18.8,23.0,0.0,0,213.0,-720.0,0,,,,,
2026-05-05 22:36:00,FrontDoor_Cam_1,Security Camera,Privacy Mode,Disabled,Human,34.8,37.4,49.0,4.5,10.0,0.0,0,214.0,-720.0,0,,,,,
2026-05-05 22:36:00,Bedroom_AC_2,Smart Air Conditioner,Operation Mode,Cool,Human,32.7,45.7,52.0,19.6,11.0,0.0,0,214.0,-720.0,0,,,,,
2026-05-05 23:09:00,LivingRoom_LED_1,Smart LED Bulb,Power State,Off,Human,38.0,36.4,53.0,13.0,6.0,0.0,0,247.0,-720.0,0,,,,,
2026-05-05 23:11:00,TV_Plug_1,Smart Plug / Outlet,Switch State,Off,Human,35.1,42.5,57.0,8.7,12.0,0.0,0,249.0,-720.0,0,,,,,
2026-05-05 23:12:00,Bedroom_Plug_1,Smart Plug / Outlet,Switch State,Off,Human,32.3,44.1,47.0,18.0,16.0,0.0,0,250.0,-720.0,0,,,,,
2026-05-06 06:32:08,LivingRoom_Blinds_1,Smart Blinds / Shades,Open/Close Percentage,99,Human,35.6,42.4,35.0,14.9,16.0,0.0,0,-720.0,-24.0,1,,,,,
2026-05-06 06:33:00,Garden_Irrigation_1,Smart Irrigation Controller,Zone 1 State,On,Human,35.2,40.6,53.0,6.4,5.0,0.0,0,-720.0,-24.9,1,,,,,
2026-05-06 06:55:00,LivingRoom_AC_1,Smart Air Conditioner,Target Temperature,21,Human,39.8,40.4,43.0,7.5,20.0,0.0,0,-720.0,-46.9,1,,,,,
2026-05-06 06:56:00,LivingRoom_AC_1,Smart Air Conditioner,Operation Mode,Cool,Human,39.5,43.1,56.0,12.0,23.0,0.0,0,-720.0,-47.9,1,,,,,
2026-05-06 06:57:00,LivingRoom_AC_1,Smart Air Conditioner,Fan Speed,Low,Human,43.5,41.3,41.0,12.9,10.0,0.0,0,-720.0,-48.9,1,,,,,
2026-05-06 08:01:00,Kitchen_Speaker_1,Smart Speaker / Receiver,Playback State,Play,Human,39.0,34.6,55.0,17.8,23.0,10.7,0,-661.3,-112.9,1,,,,,
2026-05-06 08:02:00,Kitchen_Speaker_1,Smart Speaker / Receiver,Volume Level,40,Human,39.8,44.3,40.0,15.3,7.0,9.5,0,-660.3,-113.9,1,,,,,
2026-05-06 09:07:00,Kitchen_Speaker_1,Smart Speaker / Receiver,Playback State,Stop,Human,39.7,42.8,39.0,12.1,21.0,8.0,0,-595.3,-178.9,1,,,,,
2026-05-06 12:00:00,LivingRoom_AC_1,Smart Air Conditioner,Target Temperature,26,Automation,37.1,42.5,55.0,15.0,16.0,9.2,0,-422.3,-351.9,1,,,,,
2026-05-06 12:56:00,LivingRoom_Fan_1,Smart Ceiling Fan,Power State,On,Human,41.8,47.7,43.0,12.3,6.0,7.5,0,-366.3,-407.9,1,,,,,
2026-05-06 12:57:00,LivingRoom_Fan_1,Smart Ceiling Fan,Fan Speed,Med,Human,36.2,45.3,41.0,13.0,16.0,8.3,0,-365.3,-408.9,1,,,,,
2026-05-06 17:57:00,LivingRoom_Fan_1,Smart Ceiling Fan,Power State,Off,Human,35.1,44.9,47.0,17.4,24.0,10.1,0,-65.3,-708.9,1,,,,,
2026-05-06 18:57:20,LivingRoom_Blinds_1,Smart Blinds / Shades,Open/Close Percentage,10,Human,30.3,40.1,37.0,20.7,13.0,0.0,0,-5.0,-720.0,1,,,,,
2026-05-06 19:18:20,LivingRoom_LED_1,Smart LED Bulb,Power State,On,Human,39.6,40.0,43.0,11.1,15.0,0.0,0,16.0,-720.0,0,,,,,
2026-05-06 19:19:20,LivingRoom_LED_1,Smart LED Bulb,Brightness,80,Human,34.0,44.6,38.0,11.1,20.0,0.0,0,17.0,-720.0,0,,,,,
2026-05-06 19:20:20,LivingRoom_LED_1,Smart LED Bulb,Color Temperature,3500,Human,35.3,42.3,46.0,17.1,19.0,0.0,0,18.0,-720.0,0,,,,,
2026-05-06 19:36:20,TV_Plug_1,Smart Plug / Outlet,Switch State,On,Human,34.8,40.1,49.0,17.7,20.0,0.0,0,34.0,-720.0,0,,,,,
2026-05-06 21:58:00,Bedroom_LED_2,Smart LED Bulb,Power State,On,Human,33.0,41.1,56.0,22.8,18.0,0.0,0,175.7,-720.0,0,,,,,
2026-05-06 21:59:00,Bedroom_LED_2,Smart LED Bulb,Brightness,40,Human,39.7,43.2,52.0,20.5,10.0,0.0,0,176.7,-720.0,0,,,,,
2026-05-06 22:00:00,Bedroom_LED_2,Smart LED Bulb,Color Temperature,2700,Human,34.0,45.4,35.0,9.4,8.0,0.0,0,177.7,-720.0,0,,,,,
2026-05-06 22:22:00,Bedroom_AC_2,Smart Air Conditioner,Target Temperature,19,Human,37.7,39.4,49.0,13.8,19.0,0.0,0,199.7,-720.0,0,,,,,
2026-05-06 22:23:00,Bedroom_AC_2,Smart Air Conditioner,Operation Mode,Fan,Human,44.9,39.2,48.0,11.4,21.0,0.0,0,200.7,-720.0,0,,,,,
2026-05-06 22:43:00,FrontDoor_Cam_1,Security Camera,Privacy Mode,Enabled,Human,40.4,49.8,53.0,12.1,21.0,0.0,0,220.7,-720.0,0,,,,,
2026-05-06 23:06:00,LivingRoom_LED_1,Smart LED Bulb,Power State,Off,Human,33.3,43.4,51.0,11.5,14.0,0.0,0,243.7,-720.0,0,,,,,
2026-05-06 23:08:00,TV_Plug_1,Smart Plug / Outlet,Switch State,Off,Human,39.5,37.5,44.0,16.3,17.0,0.0,0,245.7,-720.0,0,,,,,
2026-05-06 23:09:00,Bedroom_Plug_1,Smart Plug / Outlet,Switch State,Off,Human,39.6,44.1,54.0,15.3,22.0,0.0,0,246.7,-720.0,0,,,,,
2026-05-07 06:19:38,LivingRoom_Blinds_1,Smart Blinds / Shades,Open/Close Percentage,95,Human,33.8,43.1,38.0,12.3,9.0,0.0,0,-720.0,-12.0,1,,,,,
2026-05-07 06:36:00,Garden_Irrigation_1,Smart Irrigation Controller,Zone 1 State,On,Human,37.9,44.3,44.0,9.0,7.0,0.0,0,-720.0,-28.4,1,,,,,
2026-05-07 06:54:00,LivingRoom_AC_1,Smart Air Conditioner,Target Temperature,20,Human,35.5,41.9,57.0,21.1,18.0,0.0,0,-720.0,-46.4,1,,,,,
2026-05-07 06:55:00,LivingRoom_AC_1,Smart Air Conditioner,Operation Mode,Cool,Human,30.6,36.2,42.0,15.5,10.0,0.0,0,-720.0,-47.4,1,,,,,
2026-05-07 06:56:00,LivingRoom_AC_1,Smart Air Conditioner,Fan Speed,Med,Human,38.3,40.7,50.0,13.1,17.0,0.0,0,-720.0,-48.4,1,,,,,
2026-05-07 08:06:00,Kitchen_Speaker_1,Smart Speaker / Receiver,Playback State,Play,Human,29.9,43.5,56.0,15.7,11.0,7.4,0,-656.7,-118.4,1,,,,,
2026-05-07 08:07:00,Kitchen_Speaker_1,Smart Speaker / Receiver,Volume Level,35,Human,37.3,43.7,50.0,19.7,13.0,8.8,0,-655.7,-119.4,1,,,,,
2026-05-07 08:57:00,Kitchen_Speaker_1,Smart Speaker / Receiver,Playback State,Stop,Human,36.9,45.4,52.0,19.4,12.0,10.4,0,-605.7,-169.4,1,,,,,
2026-05-07 12:00:00,LivingRoom_AC_1,Smart Air Conditioner,Target Temperature,26,Automation,35.2,38.5,45.0,19.5,8.0,11.5,0,-422.7,-352.4,1,,,,,
2026-05-07 12:58:00,LivingRoom_Fan_1,Smart Ceiling Fan,Power State,On,Human,34.0,46.4,57.0,11.9,10.0,7.4,0,-364.7,-410.4,1,,,,,
2026-05-07 12:59:00,LivingRoom_Fan_1,Smart Ceiling Fan,Fan Speed,Low,Human,33.8,43.8,44.0,11.2,18.0,8.9,0,-363.7,-411.4,1,,,,,
2026-05-07 18:13:00,LivingRoom_Fan_1,Smart Ceiling Fan,Power State,Off,Human,34.2,44.6,43.0,11.0,6.0,0.0,0,-49.7,-720.0,1,,,,,
2026-05-07 18:51:42,LivingRoom_Blinds_1,Smart Blinds / Shades,Open/Close Percentage,0,Human,37.4,42.1,45.0,5.4,16.0,0.0,0,-11.0,-720.0,1,,,,,
2026-05-07 19:16:42,LivingRoom_LED_1,Smart LED Bulb,Power State,On,Human,36.6,43.2,38.0,8.0,21.0,0.0,0,14.0,-720.0,0,,,,,
2026-05-07 19:17:42,LivingRoom_LED_1,Smart LED Bulb,Brightness,65,Human,37.1,43.7,51.0,0.0,20.0,0.0,0,15.0,-720.0,0,,,,,
2026-05-07 19:18:42,LivingRoom_LED_1,Smart LED Bulb,Color Temperature,2700,Human,36.9,46.2,41.0,17.9,20.0,0.0,0,16.0,-720.0,0,,,,,
2026-05-07 19:33:42,TV_Plug_1,Smart Plug / Outlet,Switch State,On,Human,34.8,44.9,42.0,12.5,11.0,0.0,0,31.0,-720.0,0,,,,,
2026-05-07 22:09:00,Bedroom_LED_2,Smart LED Bulb,Power State,On,Human,34.4,44.9,47.0,10.2,21.0,0.0,0,186.3,-720.0,0,,,,,
2026-05-07 22:10:00,Bedroom_LED_2,Smart LED Bulb,Brightness,40,Human,36.4,33.2,51.0,14.4,20.0,0.0,0,187.3,-720.0,0,,,,,
2026-05-07 22:11:00,Bedroom_LED_2,Smart LED Bulb,Color Temperature,3000,Human,33.4,43.7,44.0,15.8,9.0,0.0,0,188.3,-720.0,0,,,,,
2026-05-07 22:39:00,FrontDoor_Cam_1,Security Camera,Privacy Mode,Enabled,Human,38.6,47.5,38.0,19.4,22.0,0.0,0,216.3,-720.0,0,,,,,
2026-05-07 22:43:00,Bedroom_AC_2,Smart Air Conditioner,Target Temperature,19,Human,38.2,39.1,46.0,16.3,15.0,0.0,0,220.3,-720.0,0,,,,,
2026-05-07 22:44:00,Bedroom_AC_2,Smart Air Conditioner,Operation Mode,Cool,Human,39.8,43.6,47.0,16.4,21.0,0.0,0,221.3,-720.0,0,,,,,
2026-05-07 22:59:00,LivingRoom_LED_1,Smart LED Bulb,Power State,Off,Human,33.5,39.6,45.0,16.9,11.0,0.0,0,236.3,-720.0,0,,,,,
2026-05-07 23:01:00,TV_Plug_1,Smart Plug / Outlet,Switch State,Off,Human,32.7,42.6,48.0,16.2,20.0,0.0,0,238.3,-720.0,0,,,,,
2026-05-07 23:02:00,Bedroom_Plug_1,Smart Plug / Outlet,Switch State,Off,Human,39.6,41.2,47.0,16.5,13.0,0.0,0,239.3,-720.0,0,,,,,
2026-05-08 06:28:00,Garden_Irrigation_1,Smart Irrigation Controller,Zone 1 State,On,Human,36.0,40.5,50.0,22.8,9.0,0.0,0,-720.0,-20.8,1,,,,,
2026-05-08 06:31:09,LivingRoom_Blinds_1,Smart Blinds / Shades,Open/Close Percentage,95,Human,32.0,40.8,50.0,8.3,7.0,0.0,0,-720.0,-24.0,1,,,,,
2026-05-08 07:07:00,LivingRoom_AC_1,Smart Air Conditioner,Target Temperature,19,Human,42.4,45.5,47.0,25.1,19.0,0.0,0,-716.1,-59.8,1,,,,,
2026-05-08 07:08:00,LivingRoom_AC_1,Smart Air Conditioner,Operation Mode,Cool,Human,32.4,36.5,38.0,11.7,24.0,0.0,0,-715.1,-60.8,1,,,,,
2026-05-08 07:09:00,LivingRoom_AC_1,Smart Air Conditioner,Fan Speed,Med,Human,30.8,44.4,53.0,19.5,16.0,0.0,0,-714.1,-61.8,1,,,,,
2026-05-08 07:59:00,Kitchen_Speaker_1,Smart Speaker / Receiver,Playback State,Play,Human,38.5,43.3,39.0,11.4,24.0,0.0,0,-664.1,-111.8,1,,,,,
2026-05-08 08:00:00,Kitchen_Speaker_1,Smart Speaker / Receiver,Volume Level,30,Human,35.7,41.5,50.0,17.1,18.0,8.5,0,-663.1,-112.8,1,,,,,
2026-05-08 08:54:00,Kitchen_Speaker_1,Smart Speaker / Receiver,Playback State,Stop,Human,35.5,44.6,38.0,26.3,19.0,9.6,0,-609.1,-166.8,1,,,,,
2026-05-08 12:52:00,LivingRoom_Fan_1,Smart Ceiling Fan,Power State,On,Human,35.5,41.4,53.0,10.1,11.0,9.0,0,-371.1,-404.8,1,,,,,
2026-05-08 12:53:00,LivingRoom_Fan_1,Smart Ceiling Fan,Fan Speed,Med,Human,34.9,44.0,56.0,16.2,19.0,11.3,0,-370.1,-405.8,1,,,,,
2026-05-08 18:00:00,LivingRoom_Fan_1,Smart Ceiling Fan,Power State,Off,Human,33.4,46.6,42.0,12.8,13.0,0.0,0,-63.1,-712.8,1,,,,,
2026-05-08 19:02:04,LivingRoom_Blinds_1,Smart Blinds / Shades,Open/Close Percentage,10,Human,33.0,41.7,35.0,7.1,6.0,0.0,0,-1.0,-720.0,1,,,,,
2026-05-08 19:11:04,LivingRoom_LED_1,Smart LED Bulb,Power State,On,Human,35.0,41.2,42.0,23.6,13.0,0.0,0,8.0,-720.0,0,,,,,
2026-05-08 19:12:04,LivingRoom_LED_1,Smart LED Bulb,Brightness,75,Human,29.3,38.7,55.0,14.6,9.0,0.0,0,9.0,-720.0,0,,,,,
2026-05-08 19:13:04,LivingRoom_LED_1,Smart LED Bulb,Color Temperature,3500,Human,35.8,43.9,44.0,11.2,14.0,0.0,0,10.0,-720.0,0,,,,,
2026-05-08 19:36:04,TV_Plug_1,Smart Plug / Outlet,Switch State,On,Human,30.9,38.3,38.0,15.9,12.0,0.0,0,33.0,-720.0,0,,,,,
2026-05-08 21:58:00,Bedroom_LED_2,Smart LED Bulb,Power State,On,Human,34.0,41.4,47.0,16.9,22.0,0.0,0,174.9,-720.0,0,,,,,
2026-05-08 21:59:00,Bedroom_LED_2,Smart LED Bulb,Brightness,40,Human,35.6,42.7,37.0,17.9,12.0,0.0,0,175.9,-720.0,0,,,,,
2026-05-08 22:00:00,Bedroom_LED_2,Smart LED Bulb,Color Temperature,2700,Human,37.5,38.0,43.0,4.3,22.0,0.0,0,176.9,-720.0,0,,,,,
2026-05-08 22:23:00,Bedroom_AC_2,Smart Air Conditioner,Target Temperature,19,Human,32.1,45.2,37.0,13.0,9.0,0.0,0,199.9,-720.0,0,,,,,
2026-05-08 22:24:00,Bedroom_AC_2,Smart Air Conditioner,Operation Mode,Cool,Human,36.0,45.3,44.0,18.4,21.0,0.0,0,200.9,-720.0,0,,,,,
2026-05-08 22:47:00,FrontDoor_Cam_1,Security Camera,Privacy Mode,Enabled,Human,40.5,44.3,57.0,17.1,21.0,0.0,0,223.9,-720.0,0,,,,,
2026-05-08 22:55:00,LivingRoom_LED_1,Smart LED Bulb,Power State,Off,Human,37.9,42.2,49.0,15.4,23.0,0.0,0,231.9,-720.0,0,,,,,
2026-05-08 22:57:00,TV_Plug_1,Smart Plug / Outlet,Switch State,Off,Human,30.1,43.9,35.0,11.7,7.0,0.0,0,233.9,-720.0,0,,,,,
2026-05-08 22:58:00,Bedroom_Plug_1,Smart Plug / Outlet,Switch State,Off,Human,29.2,44.8,35.0,19.0,14.0,0.0,0,234.9,-720.0,0,,,,,
2026-05-09 06:30:00,Garden_Irrigation_1,Smart Irrigation Controller,Zone 1 State,On,Human,37.4,42.0,54.0,7.1,9.0,0.0,0,-720.0,-23.3,1,,,,,
2026-05-09 08:59:00,Hallway_Vacuum_1,Robot Vacuum,Cleaning State,Clean,Human,32.8,41.4,45.0,13.7,5.0,8.0,0,-604.4,-172.3,1,,,,,
2026-05-09 09:00:00,Hallway_Vacuum_1,Robot Vacuum,Suction Power,Standard,Human,31.7,44.0,48.0,15.1,17.0,7.2,0,-603.4,-173.3,1,,,,,
2026-05-09 12:38:00,LivingRoom_Fan_1,Smart Ceiling Fan,Power State,On,Human,34.6,36.7,48.0,21.1,16.0,7.9,0,-385.4,-391.3,1,,,,,
2026-05-09 12:39:00,LivingRoom_Fan_1,Smart Ceiling Fan,Fan Speed,High,Human,36.7,41.4,37.0,10.0,7.0,7.5,0,-384.4,-392.3,1,,,,,
2026-05-09 14:13:00,LivingRoom_AC_1,Smart Air Conditioner,Target Temperature,21,Human,43.6,46.0,57.0,13.5,13.0,9.0,0,-290.4,-486.3,1,,,,,
2026-05-09 14:14:00,LivingRoom_AC_1,Smart Air Conditioner,Operation Mode,Cool,Human,31.8,43.8,35.0,9.3,15.0,7.7,0,-289.4,-487.3,1,,,,,
2026-05-09 17:48:00,LivingRoom_Fan_1,Smart Ceiling Fan,Power State,Off,Human,35.1,43.6,40.0,15.8,14.0,8.5,0,-75.4,-701.3,1,,,,,
2026-05-09 19:21:26,LivingRoom_LED_1,Smart LED Bulb,Power State,On,Human,35.2,40.1,55.0,17.9,19.0,0.0,0,18.0,-720.0,0,,,,,
2026-05-09 19:22:26,LivingRoom_LED_1,Smart LED Bulb,Brightness,65,Human,37.7,44.0,45.0,6.2,18.0,0.0,0,19.0,-720.0,0,,,,,
2026-05-09 19:23:26,LivingRoom_LED_1,Smart LED Bulb,Color Temperature,2700,Human,33.0,39.8,53.0,14.8,13.0,0.0,0,20.0,-720.0,0,,,,,
2026-05-09 19:36:26,TV_Plug_1,Smart Plug / Outlet,Switch State,On,Human,35.3,38.5,39.0,15.3,12.0,0.0,0,33.0,-720.0,0,,,,,
2026-05-09 22:03:00,Bedroom_LED_2,Smart LED Bulb,Power State,On,Human,37.4,45.9,45.0,13.8,17.0,0.0,0,179.6,-720.0,0,,,,,
2026-05-09 22:04:00,Bedroom_LED_2,Smart LED Bulb,Brightness,40,Human,40.0,45.2,41.0,18.2,19.0,0.0,0,180.6,-720.0,0,,,,,
2026-05-09 22:05:00,Bedroom_LED_2,Smart LED Bulb,Color Temperature,2700,Human,31.9,39.8,49.0,16.6,10.0,0.0,0,181.6,-720.0,0,,,,,
2026-05-09 22:16:00,Bedroom_AC_2,Smart Air Conditioner,Target Temperature,19,Human,35.5,41.2,49.0,16.1,20.0,0.0,0,192.6,-720.0,0,,,,,
2026-05-09 22:17:00,Bedroom_AC_2,Smart Air Conditioner,Operation Mode,Fan,Human,36.0,45.6,36.0,16.4,6.0,0.0,0,193.6,-720.0,0,,,,,
2026-05-09 22:47:00,FrontDoor_Cam_1,Security Camera,Privacy Mode,Disabled,Human,35.0,44.6,55.0,17.5,14.0,0.0,0,223.6,-720.0,0,,,,,
2026-05-09 23:06:00,LivingRoom_LED_1,Smart LED Bulb,Power State,Off,Human,39.4,41.4,46.0,17.3,14.0,0.0,0,242.6,-720.0,0,,,,,
2026-05-09 23:08:00,TV_Plug_1,Smart Plug / Outlet,Switch State,Off,Human,36.0,36.1,49.0,15.3,16.0,0.0,0,244.6,-720.0,0,,,,,
2026-05-09 23:09:00,Bedroom_Plug_1,Smart Plug / Outlet,Switch State,Off,Human,35.6,43.9,38.0,20.5,10.0,0.0,0,245.6,-720.0,0,,,,,
2026-05-10 06:22:00,Garden_Irrigation_1,Smart Irrigation Controller,Zone 1 State,On,Human,39.4,40.2,44.0,12.9,5.0,0.0,0,-720.0,-15.8,1,,,,,
2026-05-10 12:39:00,LivingRoom_Fan_1,Smart Ceiling Fan,Power State,On,Human,36.7,39.8,35.0,6.4,13.0,11.4,0,-384.8,-392.8,1,,,,,
2026-05-10 12:40:00,LivingRoom_Fan_1,Smart Ceiling Fan,Fan Speed,High,Human,36.1,42.8,54.0,21.0,22.0,8.1,0,-383.8,-393.8,1,,,,,
2026-05-10 14:27:00,LivingRoom_AC_1,Smart Air Conditioner,Target Temperature,19,Human,35.8,44.3,53.0,18.2,17.0,9.2,0,-276.8,-500.8,1,,,,,
2026-05-10 14:28:00,LivingRoom_AC_1,Smart Air Conditioner,Operation Mode,Cool,Human,38.6,42.5,46.0,20.1,15.0,10.0,0,-275.8,-501.8,1,,,,,
2026-05-10 17:56:00,LivingRoom_Fan_1,Smart Ceiling Fan,Power State,Off,Human,30.1,44.4,42.0,14.0,18.0,10.7,0,-67.8,-709.8,1,,,,,
2026-05-10 19:16:48,LivingRoom_LED_1,Smart LED Bulb,Power State,On,Human,34.4,43.6,49.0,21.6,19.0,0.0,0,13.0,-720.0,0,,,,,
2026-05-10 19:17:48,LivingRoom_LED_1,Smart LED Bulb,Brightness,65,Human,31.8,41.1,40.0,16.8,10.0,0.0,0,14.0,-720.0,0,,,,,
2026-05-10 19:18:48,LivingRoom_LED_1,Smart LED Bulb,Color Temperature,3000,Human,33.8,43.0,54.0,14.2,15.0,0.0,0,15.0,-720.0,0,,,,,
2026-05-10 19:34:48,TV_Plug_1,Smart Plug / Outlet,Switch State,On,Human,35.3,42.5,57.0,13.3,17.0,0.0,0,31.0,-720.0,0,,,,,
2026-05-10 22:01:00,Bedroom_LED_2,Smart LED Bulb,Power State,On,Human,37.2,38.4,36.0,19.1,11.0,0.0,0,177.2,-720.0,0,,,,,
2026-05-10 22:02:00,Bedroom_LED_2,Smart LED Bulb,Brightness,50,Human,28.8,42.8,51.0,7.1,12.0,0.0,0,178.2,-720.0,0,,,,,
2026-05-10 22:03:00,Bedroom_LED_2,Smart LED Bulb,Color Temperature,2700,Human,34.8,43.7,49.0,16.3,24.0,0.0,0,179.2,-720.0,0,,,,,
2026-05-10 22:26:00,Bedroom_AC_2,Smart Air Conditioner,Target Temperature,19,Human,38.5,44.0,51.0,11.4,10.0,0.0,0,202.2,-720.0,0,,,,,
2026-05-10 22:27:00,Bedroom_AC_2,Smart Air Conditioner,Operation Mode,Cool,Human,36.0,38.3,56.0,6.0,23.0,0.0,0,203.2,-720.0,0,,,,,
2026-05-10 22:49:00,FrontDoor_Cam_1,Security Camera,Privacy Mode,Disabled,Human,39.7,40.1,53.0,8.1,23.0,0.0,0,225.2,-720.0,0,,,,,
2026-05-10 22:56:00,LivingRoom_LED_1,Smart LED Bulb,Power State,Off,Human,30.9,41.2,41.0,10.0,7.0,0.0,0,232.2,-720.0,0,,,,,
2026-05-10 22:58:00,TV_Plug_1,Smart Plug / Outlet,Switch State,Off,Human,33.7,43.4,41.0,4.7,21.0,0.0,0,234.2,-720.0,0,,,,,
2026-05-10 22:59:00,Bedroom_Plug_1,Smart Plug / Outlet,Switch State,Off,Human,36.9,40.5,55.0,9.1,17.0,0.0,0,235.2,-720.0,0,,,,,
2026-05-11 06:24:48,LivingRoom_Blinds_1,Smart Blinds / Shades,Open/Close Percentage,93,Human,34.1,42.3,48.0,11.1,18.0,0.0,0,-720.0,-19.0,1,,,,,
2026-05-11 06:38:00,Garden_Irrigation_1,Smart Irrigation Controller,Zone 1 State,On,Human,38.8,43.6,42.0,12.2,7.0,0.0,0,-720.0,-32.2,1,,,,,
2026-05-11 07:01:00,LivingRoom_AC_1,Smart Air Conditioner,Target Temperature,20,Human,38.0,44.7,49.0,14.6,15.0,0.0,0,-720.0,-55.2,1,,,,,
2026-05-11 07:02:00,LivingRoom_AC_1,Smart Air Conditioner,Operation Mode,Cool,Human,34.9,46.2,46.0,16.4,6.0,0.0,0,-720.0,-56.2,1,,,,,
2026-05-11 07:03:00,LivingRoom_AC_1,Smart Air Conditioner,Fan Speed,Med,Human,36.6,40.8,49.0,13.0,17.0,0.0,0,-720.0,-57.2,1,,,,,
2026-05-11 07:52:00,Kitchen_Speaker_1,Smart Speaker / Receiver,Playback State,Play,Human,34.1,36.3,42.0,14.3,12.0,0.0,0,-672.2,-106.2,1,,,,,
2026-05-11 07:53:00,Kitchen_Speaker_1,Smart Speaker / Receiver,Volume Level,40,Human,39.6,39.6,38.0,17.4,20.0,0.0,0,-671.2,-107.2,1,,,,,
2026-05-11 09:00:00,Kitchen_Speaker_1,Smart Speaker / Receiver,Playback State,Stop,Human,42.9,44.0,42.0,12.2,18.0,10.6,0,-604.2,-174.2,1,,,,,
2026-05-11 13:07:00,LivingRoom_Fan_1,Smart Ceiling Fan,Power State,On,Human,36.6,42.0,44.0,15.8,17.0,7.7,0,-357.2,-421.2,1,,,,,
2026-05-11 13:08:00,LivingRoom_Fan_1,Smart Ceiling Fan,Fan Speed,Med,Human,35.9,39.1,46.0,10.5,16.0,7.6,0,-356.2,-422.2,1,,,,,
2026-05-11 17:47:00,LivingRoom_Fan_1,Smart Ceiling Fan,Power State,Off,Human,34.2,42.7,46.0,14.3,13.0,8.9,0,-77.2,-701.2,1,,,,,
2026-05-11 18:00:00,LivingRoom_LED_1,Smart LED Bulb,Brightness,50,Automation,31.4,43.3,41.0,14.4,15.0,0.0,0,-64.2,-714.2,1,,,,,
2026-05-11 18:45:10,LivingRoom_Blinds_1,Smart Blinds / Shades,Open/Close Percentage,0,Human,41.0,45.2,44.0,16.6,18.0,0.0,0,-19.0,-720.0,1,,,,,
2026-05-11 19:18:10,LivingRoom_LED_1,Smart LED Bulb,Power State,On,Human,34.6,43.2,37.0,11.6,9.0,0.0,0,14.0,-720.0,0,,,,,
2026-05-11 19:19:10,LivingRoom_LED_1,Smart LED Bulb,Brightness,60,Human,35.0,42.5,45.0,19.6,6.0,0.0,0,15.0,-720.0,0,,,,,
2026-05-11 19:20:10,LivingRoom_LED_1,Smart LED Bulb,Color Temperature,3500,Human,37.9,43.7,42.0,14.1,5.0,0.0,0,16.0,-720.0,0,,,,,
2026-05-11 19:42:10,TV_Plug_1,Smart Plug / Outlet,Switch State,On,Human,36.0,44.3,54.0,17.5,12.0,0.0,0,38.0,-720.0,0,,,,,
2026-05-11 22:04:00,Bedroom_LED_2,Smart LED Bulb,Power State,On,Human,37.5,35.3,52.0,16.6,21.0,0.0,0,179.8,-720.0,0,,,,,
2026-05-11 22:05:00,Bedroom_LED_2,Smart LED Bulb,Brightness,40,Human,37.6,43.3,35.0,16.9,7.0,0.0,0,180.8,-720.0,0,,,,,
2026-05-11 22:06:00,Bedroom_LED_2,Smart LED Bulb,Color Temperature,3000,Human,33.6,44.0,42.0,18.1,19.0,0.0,0,181.8,-720.0,0,,,,,
2026-05-11 22:30:00,Bedroom_AC_2,Smart Air Conditioner,Target Temperature,19,Human,30.8,39.2,35.0,9.1,17.0,0.0,0,205.8,-720.0,0,,,,,
2026-05-11 22:31:00,Bedroom_AC_2,Smart Air Conditioner,Operation Mode,Fan,Human,32.1,40.2,50.0,14.1,6.0,0.0,0,206.8,-720.0,0,,,,,
2026-05-11 22:48:00,FrontDoor_Cam_1,Security Camera,Privacy Mode,Enabled,Human,39.1,47.0,43.0,21.6,11.0,0.0,0,223.8,-720.0,0,,,,,
2026-05-11 22:49:00,LivingRoom_LED_1,Smart LED Bulb,Power State,Off,Human,33.4,38.7,45.0,15.3,7.0,0.0,0,224.8,-720.0,0,,,,,
2026-05-11 22:51:00,TV_Plug_1,Smart Plug / Outlet,Switch State,Off,Human,34.3,32.3,49.0,10.3,7.0,0.0,0,226.8,-720.0,0,,,,,
2026-05-11 22:52:00,Bedroom_Plug_1,Smart Plug / Outlet,Switch State,Off,Human,29.6,41.9,48.0,11.3,7.0,0.0,0,227.8,-720.0,0,,,,,
2026-05-12 06:16:22,LivingRoom_Blinds_1,Smart Blinds / Shades,Open/Close Percentage,95,Human,36.6,47.7,57.0,17.8,7.0,0.0,0,-720.0,-11.0,1,,,,,
2026-05-12 06:26:00,Garden_Irrigation_1,Smart Irrigation Controller,Zone 1 State,On,Human,44.4,41.0,39.0,14.8,17.0,0.0,0,-720.0,-20.6,1,,,,,
2026-05-12 07:05:00,LivingRoom_AC_1,Smart Air Conditioner,Target Temperature,19,Human,41.7,38.4,35.0,16.3,8.0,0.0,0,-719.6,-59.6,1,,,,,
2026-05-12 07:06:00,LivingRoom_AC_1,Smart Air Conditioner,Operation Mode,Cool,Human,40.8,46.0,46.0,13.4,18.0,0.0,0,-718.6,-60.6,1,,,,,
2026-05-12 07:07:00,LivingRoom_AC_1,Smart Air Conditioner,Fan Speed,Med,Human,37.4,47.3,52.0,17.0,15.0,0.0,0,-717.6,-61.6,1,,,,,
2026-05-12 08:06:00,Kitchen_Speaker_1,Smart Speaker / Receiver,Playback State,Play,Human,39.0,37.8,50.0,13.5,10.0,10.4,0,-658.6,-120.6,1,,,,,
2026-05-12 08:07:00,Kitchen_Speaker_1,Smart Speaker / Receiver,Volume Level,40,Human,30.0,37.9,55.0,15.1,16.0,8.5,0,-657.6,-121.6,1,,,,,
2026-05-12 08:55:00,Kitchen_Speaker_1,Smart Speaker / Receiver,Playback State,Stop,Human,32.3,36.8,47.0,19.8,24.0,9.2,0,-609.6,-169.6,1,,,,,
2026-05-12 13:29:00,LivingRoom_Fan_1,Smart Ceiling Fan,Power State,On,Human,33.3,43.7,43.0,17.1,18.0,9.3,0,-335.6,-443.6,1,,,,,
2026-05-12 13:30:00,LivingRoom_Fan_1,Smart Ceiling Fan,Fan Speed,High,Human,40.6,43.9,55.0,19.2,23.0,11.6,0,-334.6,-444.6,1,,,,,
2026-05-12 18:00:00,LivingRoom_LED_1,Smart LED Bulb,Brightness,50,Automation,36.2,37.8,41.0,13.4,23.0,0.0,0,-64.6,-714.6,1,,,,,
2026-05-12 18:17:00,LivingRoom_Fan_1,Smart Ceiling Fan,Power State,Off,Human,28.3,43.5,53.0,6.8,23.0,0.0,0,-47.6,-720.0,1,,,,,
2026-05-12 18:46:33,LivingRoom_Blinds_1,Smart Blinds / Shades,Open/Close Percentage,0,Human,35.2,42.8,40.0,18.8,23.0,0.0,0,-18.0,-720.0,1,,,,,
2026-05-12 19:10:33,LivingRoom_LED_1,Smart LED Bulb,Power State,On,Human,35.0,40.4,53.0,9.6,23.0,0.0,0,6.0,-720.0,0,,,,,
2026-05-12 19:11:33,LivingRoom_LED_1,Smart LED Bulb,Brightness,70,Human,35.3,45.5,48.0,12.4,14.0,0.0,0,7.0,-720.0,0,,,,,
2026-05-12 19:12:33,LivingRoom_LED_1,Smart LED Bulb,Color Temperature,3500,Human,37.0,45.7,44.0,12.6,21.0,0.0,0,8.0,-720.0,0,,,,,
2026-05-12 19:45:33,TV_Plug_1,Smart Plug / Outlet,Switch State,On,Human,34.7,38.3,37.0,20.4,6.0,0.0,0,41.0,-720.0,0,,,,,
2026-05-12 21:58:00,Bedroom_LED_2,Smart LED Bulb,Power State,On,Human,39.7,40.6,46.0,16.3,21.0,0.0,0,173.4,-720.0,0,,,,,
2026-05-12 21:59:00,Bedroom_LED_2,Smart LED Bulb,Brightness,40,Human,29.1,45.2,57.0,13.7,24.0,0.0,0,174.4,-720.0,0,,,,,
2026-05-12 22:00:00,Bedroom_LED_2,Smart LED Bulb,Color Temperature,3000,Human,38.9,39.4,42.0,22.8,7.0,0.0,0,175.4,-720.0,0,,,,,
2026-05-12 22:25:00,Bedroom_AC_2,Smart Air Conditioner,Target Temperature,19,Human,35.6,43.7,37.0,11.7,19.0,0.0,0,200.4,-720.0,0,,,,,
2026-05-12 22:26:00,Bedroom_AC_2,Smart Air Conditioner,Operation Mode,Cool,Human,36.2,40.9,48.0,13.9,24.0,0.0,0,201.4,-720.0,0,,,,,
2026-05-12 22:39:00,FrontDoor_Cam_1,Security Camera,Privacy Mode,Enabled,Human,38.4,44.6,49.0,17.3,7.0,0.0,0,214.4,-720.0,0,,,,,
2026-05-12 23:08:00,LivingRoom_LED_1,Smart LED Bulb,Power State,Off,Human,36.7,36.6,36.0,23.4,6.0,0.0,0,243.4,-720.0,0,,,,,
2026-05-12 23:10:00,TV_Plug_1,Smart Plug / Outlet,Switch State,Off,Human,32.5,38.3,39.0,19.7,6.0,0.0,0,245.4,-720.0,0,,,,,
2026-05-12 23:11:00,Bedroom_Plug_1,Smart Plug / Outlet,Switch State,Off,Human,34.2,37.1,42.0,17.3,23.0,0.0,0,246.4,-720.0,0,,,,,
2026-05-13 06:21:00,Garden_Irrigation_1,Smart Irrigation Controller,Zone 1 State,On,Human,36.5,40.5,50.0,23.0,17.0,0.0,0,-720.0,-16.0,1,,,,,
2026-05-13 06:31:58,LivingRoom_Blinds_1,Smart Blinds / Shades,Open/Close Percentage,98,Human,35.3,37.4,53.0,18.0,23.0,0.0,0,-720.0,-27.0,1,,,,,
2026-05-13 07:00:00,LivingRoom_AC_1,Smart Air Conditioner,Target Temperature,19,Human,43.1,39.3,57.0,8.4,22.0,0.0,0,-720.0,-55.0,1,,,,,
2026-05-13 07:01:00,LivingRoom_AC_1,Smart Air Conditioner,Operation Mode,Cool,Human,36.8,41.6,46.0,16.1,15.0,0.0,0,-720.0,-56.0,1,,,,,
2026-05-13 07:02:00,LivingRoom_AC_1,Smart Air Conditioner,Fan Speed,Med,Human,33.6,40.7,56.0,14.1,22.0,0.0,0,-720.0,-57.0,1,,,,,
2026-05-13 07:55:00,Kitchen_Speaker_1,Smart Speaker / Receiver,Playback State,Play,Human,35.3,39.4,44.0,19.4,20.0,0.0,0,-669.9,-110.0,1,,,,,
2026-05-13 07:56:00,Kitchen_Speaker_1,Smart Speaker / Receiver,Volume Level,40,Human,39.5,44.9,50.0,16.4,19.0,0.0,0,-668.9,-111.0,1,,,,,
2026-05-13 08:51:00,Kitchen_Speaker_1,Smart Speaker / Receiver,Playback State,Stop,Human,34.6,40.5,44.0,4.3,14.0,9.4,0,-613.9,-166.0,1,,,,,
2026-05-13 12:47:00,LivingRoom_Fan_1,Smart Ceiling Fan,Power State,On,Human,34.9,39.2,57.0,12.3,20.0,10.0,0,-377.9,-402.0,1,,,,,
2026-05-13 12:48:00,LivingRoom_Fan_1,Smart Ceiling Fan,Fan Speed,High,Human,37.5,38.1,41.0,15.7,24.0,10.9,0,-376.9,-403.0,1,,,,,
2026-05-13 18:08:00,LivingRoom_Fan_1,Smart Ceiling Fan,Power State,Off,Human,38.6,41.1,55.0,10.9,18.0,0.0,0,-56.9,-720.0,1,,,,,
2026-05-13 18:57:56,LivingRoom_Blinds_1,Smart Blinds / Shades,Open/Close Percentage,0,Human,33.9,45.9,41.0,10.6,24.0,0.0,0,-7.0,-720.0,1,,,,,
2026-05-13 19:13:56,LivingRoom_LED_1,Smart LED Bulb,Power State,On,Human,39.1,42.9,42.0,11.2,19.0,0.0,0,9.0,-720.0,0,,,,,
2026-05-13 19:14:56,LivingRoom_LED_1,Smart LED Bulb,Brightness,65,Human,30.8,40.1,55.0,8.9,15.0,0.0,0,10.0,-720.0,0,,,,,
2026-05-13 19:15:56,LivingRoom_LED_1,Smart LED Bulb,Color Temperature,2700,Human,36.0,46.0,45.0,22.0,13.0,0.0,0,11.0,-720.0,0,,,,,
2026-05-13 19:42:56,TV_Plug_1,Smart Plug / Outlet,Switch State,On,Human,36.1,44.7,56.0,11.8,20.0,0.0,0,38.0,-720.0,0,,,,,
2026-05-13 22:07:00,Bedroom_LED_2,Smart LED Bulb,Power State,On,Human,37.9,41.5,35.0,18.7,24.0,0.0,0,182.1,-720.0,0,,,,,
2026-05-13 22:08:00,Bedroom_LED_2,Smart LED Bulb,Brightness,40,Human,35.1,42.5,51.0,7.2,20.0,0.0,0,183.1,-720.0,0,,,,,
2026-05-13 22:09:00,Bedroom_LED_2,Smart LED Bulb,Color Temperature,2700,Human,35.9,41.3,50.0,8.0,14.0,0.0,0,184.1,-720.0,0,,,,,
2026-05-13 22:16:00,Bedroom_AC_2,Smart Air Conditioner,Target Temperature,19,Human,34.1,41.1,56.0,16.4,14.0,0.0,0,191.1,-720.0,0,,,,,
2026-05-13 22:17:00,Bedroom_AC_2,Smart Air Conditioner,Operation Mode,Fan,Human,36.4,40.0,54.0,13.6,23.0,0.0,0,192.1,-720.0,0,,,,,
2026-05-13 22:53:00,FrontDoor_Cam_1,Security Camera,Privacy Mode,Enabled,Human,41.1,42.6,43.0,16.7,24.0,0.0,0,228.1,-720.0,0,,,,,
2026-05-13 23:13:00,LivingRoom_LED_1,Smart LED Bulb,Power State,Off,Human,37.4,38.8,35.0,20.5,7.0,0.0,0,248.1,-720.0,0,,,,,
2026-05-13 23:15:00,TV_Plug_1,Smart Plug / Outlet,Switch State,Off,Human,33.3,42.9,41.0,19.2,7.0,0.0,0,250.1,-720.0,0,,,,,
2026-05-13 23:16:00,Bedroom_Plug_1,Smart Plug / Outlet,Switch State,Off,Human,34.7,45.3,38.0,27.0,9.0,0.0,0,251.1,-720.0,0,,,,,
2026-05-14 06:30:35,LivingRoom_Blinds_1,Smart Blinds / Shades,Open/Close Percentage,83,Human,35.6,45.0,47.0,15.4,6.0,0.0,0,-720.0,-26.0,1,,,,,
2026-05-14 06:36:00,Garden_Irrigation_1,Smart Irrigation Controller,Zone 1 State,On,Human,31.5,41.2,53.0,8.5,6.0,0.0,0,-720.0,-31.4,1,,,,,
2026-05-14 07:02:00,LivingRoom_AC_1,Smart Air Conditioner,Target Temperature,21,Human,33.7,41.9,47.0,13.9,6.0,0.0,0,-720.0,-57.4,1,,,,,
2026-05-14 07:03:00,LivingRoom_AC_1,Smart Air Conditioner,Operation Mode,Cool,Human,38.5,40.2,46.0,11.0,21.0,0.0,0,-720.0,-58.4,1,,,,,
2026-05-14 07:04:00,LivingRoom_AC_1,Smart Air Conditioner,Fan Speed,Med,Human,33.2,49.6,56.0,24.5,22.0,0.0,0,-720.0,-59.4,1,,,,,
2026-05-14 07:54:00,Kitchen_Speaker_1,Smart Speaker / Receiver,Playback State,Play,Human,36.3,33.8,38.0,15.6,10.0,0.0,0,-671.3,-109.4,1,,,,,
2026-05-14 07:55:00,Kitchen_Speaker_1,Smart Speaker / Receiver,Volume Level,40,Human,32.9,49.8,47.0,7.6,10.0,0.0,0,-670.3,-110.4,1,,,,,
2026-05-14 08:52:00,Kitchen_Speaker_1,Smart Speaker / Receiver,Playback State,Stop,Human,37.1,46.1,54.0,20.5,16.0,11.6,0,-613.3,-167.4,1,,,,,
2026-05-14 13:19:00,LivingRoom_Fan_1,Smart Ceiling Fan,Power State,On,Human,31.6,40.3,41.0,15.7,11.0,10.4,0,-346.3,-434.4,1,,,,,
2026-05-14 13:20:00,LivingRoom_Fan_1,Smart Ceiling Fan,Fan Speed,High,Human,34.9,40.9,37.0,9.1,14.0,8.5,0,-345.3,-435.4,1,,,,,
2026-05-14 18:10:00,LivingRoom_Fan_1,Smart Ceiling Fan,Power State,Off,Human,39.2,42.9,45.0,17.8,10.0,0.0,0,-55.3,-720.0,1,,,,,
2026-05-14 19:00:19,LivingRoom_Blinds_1,Smart Blinds / Shades,Open/Close Percentage,10,Human,41.2,42.1,48.0,7.5,21.0,0.0,0,-5.0,-720.0,1,,,,,
2026-05-14 19:18:19,LivingRoom_LED_1,Smart LED Bulb,Power State,On,Human,37.5,36.4,46.0,19.5,14.0,0.0,0,13.0,-720.0,0,,,,,
2026-05-14 19:19:19,LivingRoom_LED_1,Smart LED Bulb,Brightness,65,Human,34.3,43.8,44.0,11.8,15.0,0.0,0,14.0,-720.0,0,,,,,
2026-05-14 19:20:19,LivingRoom_LED_1,Smart LED Bulb,Color Temperature,3000,Human,36.9,40.7,40.0,7.9,24.0,0.0,0,15.0,-720.0,0,,,,,
2026-05-14 19:35:19,TV_Plug_1,Smart Plug / Outlet,Switch State,On,Human,39.3,44.6,38.0,12.4,6.0,0.0,0,30.0,-720.0,0,,,,,
2026-05-14 22:05:00,Bedroom_LED_2,Smart LED Bulb,Power State,On,Human,39.3,41.8,45.0,9.4,24.0,0.0,0,179.7,-720.0,0,,,,,
2026-05-14 22:06:00,Bedroom_LED_2,Smart LED Bulb,Brightness,40,Human,33.1,40.6,52.0,25.6,5.0,0.0,0,180.7,-720.0,0,,,,,
2026-05-14 22:07:00,Bedroom_LED_2,Smart LED Bulb,Color Temperature,2700,Human,38.3,47.0,42.0,9.6,22.0,0.0,0,181.7,-720.0,0,,,,,
2026-05-14 22:23:00,Bedroom_AC_2,Smart Air Conditioner,Target Temperature,19,Human,34.3,40.7,37.0,19.8,5.0,0.0,0,197.7,-720.0,0,,,,,
2026-05-14 22:24:00,Bedroom_AC_2,Smart Air Conditioner,Operation Mode,Fan,Human,34.8,40.7,38.0,2.9,12.0,0.0,0,198.7,-720.0,0,,,,,
2026-05-14 22:43:00,FrontDoor_Cam_1,Security Camera,Privacy Mode,Disabled,Human,32.6,40.2,44.0,25.2,17.0,0.0,0,217.7,-720.0,0,,,,,
2026-05-14 22:57:00,LivingRoom_LED_1,Smart LED Bulb,Power State,Off,Human,38.0,45.5,54.0,8.8,17.0,0.0,0,231.7,-720.0,0,,,,,
2026-05-14 22:59:00,TV_Plug_1,Smart Plug / Outlet,Switch State,Off,Human,35.2,40.6,51.0,6.8,8.0,0.0,0,233.7,-720.0,0,,,,,
2026-05-14 23:00:00,Bedroom_Plug_1,Smart Plug / Outlet,Switch State,Off,Human,36.9,41.9,39.0,12.1,21.0,0.0,0,234.7,-720.0,0,,,,,
2026-05-15 06:24:12,LivingRoom_Blinds_1,Smart Blinds / Shades,Open/Close Percentage,81,Human,35.7,43.9,56.0,16.3,15.0,0.0,0,-720.0,-20.0,1,,,,,
2026-05-15 06:25:00,Garden_Irrigation_1,Smart Irrigation Controller,Zone 1 State,On,Human,36.2,39.3,55.0,17.4,13.0,0.0,0,-720.0,-20.8,1,,,,,
2026-05-15 07:02:00,LivingRoom_AC_1,Smart Air Conditioner,Target Temperature,19,Human,32.3,36.5,39.0,8.9,18.0,0.0,0,-720.0,-57.8,1,,,,,
2026-05-15 07:03:00,LivingRoom_AC_1,Smart Air Conditioner,Operation Mode,Cool,Human,33.6,41.2,44.0,16.6,6.0,0.0,0,-720.0,-58.8,1,,,,,
2026-05-15 07:04:00,LivingRoom_AC_1,Smart Air Conditioner,Fan Speed,Low,Human,39.7,43.0,49.0,11.6,23.0,0.0,0,-720.0,-59.8,1,,,,,
2026-05-15 08:09:00,Kitchen_Speaker_1,Smart Speaker / Receiver,Playback State,Play,Human,34.9,38.0,37.0,12.2,13.0,8.3,0,-656.7,-124.8,1,,,,,
2026-05-15 08:10:00,Kitchen_Speaker_1,Smart Speaker / Receiver,Volume Level,40,Human,39.3,40.4,56.0,15.7,15.0,11.9,0,-655.7,-125.8,1,,,,,
2026-05-15 08:52:00,Kitchen_Speaker_1,Smart Speaker / Receiver,Playback State,Stop,Human,36.7,40.2,36.0,20.0,7.0,11.8,0,-613.7,-167.8,1,,,,,
2026-05-15 12:41:00,LivingRoom_Fan_1,Smart Ceiling Fan,Power State,On,Human,32.7,41.6,40.0,14.2,7.0,10.6,0,-384.7,-396.8,1,,,,,
2026-05-15 12:42:00,LivingRoom_Fan_1,Smart Ceiling Fan,Fan Speed,Med,Human,39.4,44.2,53.0,11.3,11.0,10.6,0,-383.7,-397.8,1,,,,,
2026-05-15 17:43:00,LivingRoom_Fan_1,Smart Ceiling Fan,Power State,Off,Human,38.6,45.8,35.0,10.1,11.0,11.3,0,-82.7,-698.8,1,,,,,
2026-05-15 18:53:42,LivingRoom_Blinds_1,Smart Blinds / Shades,Open/Close Percentage,0,Human,39.5,45.7,49.0,11.6,18.0,0.0,0,-12.0,-720.0,1,,,,,
2026-05-15 19:22:42,LivingRoom_LED_1,Smart LED Bulb,Power State,On,Human,38.1,42.4,37.0,14.3,9.0,0.0,0,17.0,-720.0,0,,,,,
2026-05-15 19:23:42,LivingRoom_LED_1,Smart LED Bulb,Brightness,60,Human,37.3,40.5,43.0,18.0,8.0,0.0,0,18.0,-720.0,0,,,,,
2026-05-15 19:24:42,LivingRoom_LED_1,Smart LED Bulb,Color Temperature,2700,Human,37.5,30.0,53.0,8.1,15.0,0.0,0,19.0,-720.0,0,,,,,
2026-05-15 20:00:42,TV_Plug_1,Smart Plug / Outlet,Switch State,On,Human,34.6,43.1,39.0,16.9,19.0,0.0,0,55.0,-720.0,0,,,,,
2026-05-15 22:05:00,Bedroom_LED_2,Smart LED Bulb,Power State,On,Human,34.2,37.4,40.0,25.2,17.0,0.0,0,179.3,-720.0,0,,,,,
2026-05-15 22:06:00,Bedroom_LED_2,Smart LED Bulb,Brightness,40,Human,39.3,42.4,36.0,13.8,13.0,0.0,0,180.3,-720.0,0,,,,,
2026-05-15 22:07:00,Bedroom_LED_2,Smart LED Bulb,Color Temperature,3000,Human,36.7,40.5,40.0,11.2,9.0,0.0,0,181.3,-720.0,0,,,,,
2026-05-15 22:30:00,Bedroom_AC_2,Smart Air Conditioner,Target Temperature,19,Human,33.2,45.0,44.0,19.7,11.0,0.0,0,204.3,-720.0,0,,,,,
2026-05-15 22:31:00,Bedroom_AC_2,Smart Air Conditioner,Operation Mode,Cool,Human,41.1,43.0,45.0,14.9,18.0,0.0,0,205.3,-720.0,0,,,,,
2026-05-15 22:54:00,FrontDoor_Cam_1,Security Camera,Privacy Mode,Enabled,Human,36.5,35.9,37.0,10.9,21.0,0.0,0,228.3,-720.0,0,,,,,
2026-05-15 23:11:00,LivingRoom_LED_1,Smart LED Bulb,Power State,Off,Human,40.8,46.6,55.0,2.9,12.0,0.0,0,245.3,-720.0,0,,,,,
2026-05-15 23:13:00,TV_Plug_1,Smart Plug / Outlet,Switch State,Off,Human,35.2,33.8,41.0,17.5,24.0,0.0,0,247.3,-720.0,0,,,,,
2026-05-15 23:14:00,Bedroom_Plug_1,Smart Plug / Outlet,Switch State,Off,Human,38.0,50.4,52.0,8.8,14.0,0.0,0,248.3,-720.0,0,,,,,
2026-05-16 06:27:00,Garden_Irrigation_1,Smart Irrigation Controller,Zone 1 State,On,Human,32.8,42.8,52.0,16.9,18.0,0.0,0,-720.0,-23.1,1,,,,,
2026-05-16 08:52:00,Hallway_Vacuum_1,Robot Vacuum,Cleaning State,Clean,Human,38.2,42.2,37.0,22.9,22.0,11.8,0,-614.1,-168.1,1,,,,,
2026-05-16 08:53:00,Hallway_Vacuum_1,Robot Vacuum,Suction Power,Max,Human,36.3,44.7,52.0,9.4,10.0,9.2,0,-613.1,-169.1,1,,,,,
2026-05-16 13:01:00,LivingRoom_Fan_1,Smart Ceiling Fan,Power State,On,Human,35.8,38.3,53.0,16.5,20.0,8.7,0,-365.1,-417.1,1,,,,,
2026-05-16 13:02:00,LivingRoom_Fan_1,Smart Ceiling Fan,Fan Speed,High,Human,35.9,46.3,38.0,7.8,12.0,10.0,0,-364.1,-418.1,1,,,,,
2026-05-16 14:41:00,LivingRoom_AC_1,Smart Air Conditioner,Target Temperature,19,Human,39.2,44.9,51.0,13.2,21.0,11.9,0,-265.1,-517.1,1,,,,,
2026-05-16 14:42:00,LivingRoom_AC_1,Smart Air Conditioner,Operation Mode,Cool,Human,34.7,39.2,44.0,15.6,10.0,7.4,0,-264.1,-518.1,1,,,,,
2026-05-16 17:51:00,LivingRoom_Fan_1,Smart Ceiling Fan,Power State,Off,Human,35.0,43.3,44.0,13.3,20.0,9.6,0,-75.1,-707.1,1,,,,,
2026-05-16 19:16:05,LivingRoom_LED_1,Smart LED Bulb,Power State,On,Human,34.2,42.1,52.0,19.3,20.0,0.0,0,10.0,-720.0,0,,,,,
2026-05-16 19:17:05,LivingRoom_LED_1,Smart LED Bulb,Brightness,70,Human,38.2,40.0,40.0,13.1,14.0,0.0,0,11.0,-720.0,0,,,,,
2026-05-16 19:18:05,LivingRoom_LED_1,Smart LED Bulb,Color Temperature,2700,Human,33.4,40.4,36.0,10.7,9.0,0.0,0,12.0,-720.0,0,,,,,
2026-05-16 19:51:05,TV_Plug_1,Smart Plug / Outlet,Switch State,On,Human,41.5,38.2,36.0,12.5,9.0,0.0,0,45.0,-720.0,0,,,,,
2026-05-16 22:07:00,Bedroom_LED_2,Smart LED Bulb,Power State,On,Human,36.1,40.8,54.0,12.3,21.0,0.0,0,180.9,-720.0,0,,,,,
2026-05-16 22:08:00,Bedroom_LED_2,Smart LED Bulb,Brightness,40,Human,36.9,44.1,56.0,22.3,20.0,0.0,0,181.9,-720.0,0,,,,,
2026-05-16 22:09:00,Bedroom_LED_2,Smart LED Bulb,Color Temperature,3000,Human,38.3,43.3,35.0,16.7,14.0,0.0,0,182.9,-720.0,0,,,,,
2026-05-16 22:34:00,Bedroom_AC_2,Smart Air Conditioner,Target Temperature,19,Human,33.8,46.3,44.0,15.6,14.0,0.0,0,207.9,-720.0,0,,,,,
2026-05-16 22:35:00,Bedroom_AC_2,Smart Air Conditioner,Operation Mode,Fan,Human,34.9,47.4,37.0,10.5,9.0,0.0,0,208.9,-720.0,0,,,,,
2026-05-16 22:43:00,FrontDoor_Cam_1,Security Camera,Privacy Mode,Enabled,Human,35.3,42.5,36.0,12.6,10.0,0.0,0,216.9,-720.0,0,,,,,
2026-05-16 23:02:00,LivingRoom_LED_1,Smart LED Bulb,Power State,Off,Human,41.9,46.9,53.0,18.6,22.0,0.0,0,235.9,-720.0,0,,,,,
2026-05-16 23:04:00,TV_Plug_1,Smart Plug / Outlet,Switch State,Off,Human,35.8,37.7,50.0,10.8,23.0,0.0,0,237.9,-720.0,0,,,,,
2026-05-16 23:05:00,Bedroom_Plug_1,Smart Plug / Outlet,Switch State,Off,Human,38.7,46.6,41.0,9.1,5.0,0.0,0,238.9,-720.0,0,,,,,
2026-05-17 06:27:00,Garden_Irrigation_1,Smart Irrigation Controller,Zone 1 State,On,Human,31.2,42.7,44.0,8.3,20.0,0.0,0,-720.0,-23.5,1,,,,,
2026-05-17 12:00:00,LivingRoom_AC_1,Smart Air Conditioner,Target Temperature,26,Automation,35.9,40.8,35.0,11.3,7.0,11.1,0,-426.5,-356.5,1,,,,,
2026-05-17 13:20:00,LivingRoom_Fan_1,Smart Ceiling Fan,Power State,On,Human,33.8,40.2,49.0,19.1,9.0,9.1,0,-346.5,-436.5,1,,,,,
2026-05-17 13:21:00,LivingRoom_Fan_1,Smart Ceiling Fan,Fan Speed,High,Human,31.9,43.3,38.0,16.6,22.0,9.9,0,-345.5,-437.5,1,,,,,
2026-05-17 14:34:00,LivingRoom_AC_1,Smart Air Conditioner,Target Temperature,19,Human,42.0,41.1,43.0,19.0,8.0,7.6,0,-272.5,-510.5,1,,,,,
2026-05-17 14:35:00,LivingRoom_AC_1,Smart Air Conditioner,Operation Mode,Fan,Human,33.8,41.6,45.0,7.6,5.0,11.4,0,-271.5,-511.5,1,,,,,
2026-05-17 18:04:00,LivingRoom_Fan_1,Smart Ceiling Fan,Power State,Off,Human,35.9,43.3,37.0,13.5,7.0,0.0,0,-62.5,-720.0,1,,,,,
2026-05-17 19:24:28,LivingRoom_LED_1,Smart LED Bulb,Power State,On,Human,36.5,41.6,51.0,20.2,11.0,0.0,0,18.0,-720.0,0,,,,,
2026-05-17 19:25:28,LivingRoom_LED_1,Smart LED Bulb,Brightness,80,Human,30.6,34.8,47.0,8.3,10.0,0.0,0,19.0,-720.0,0,,,,,
2026-05-17 19:26:28,LivingRoom_LED_1,Smart LED Bulb,Color Temperature,3000,Human,33.1,45.7,37.0,16.1,10.0,0.0,0,20.0,-720.0,0,,,,,
2026-05-17 19:59:28,TV_Plug_1,Smart Plug / Outlet,Switch State,On,Human,40.9,43.6,44.0,18.2,13.0,0.0,0,53.0,-720.0,0,,,,,
2026-05-17 21:50:00,Bedroom_LED_2,Smart LED Bulb,Power State,On,Human,31.5,47.7,35.0,13.2,18.0,0.0,0,163.5,-720.0,0,,,,,
2026-05-17 21:51:00,Bedroom_LED_2,Smart LED Bulb,Brightness,40,Human,37.7,42.3,57.0,13.6,8.0,0.0,0,164.5,-720.0,0,,,,,
2026-05-17 21:52:00,Bedroom_LED_2,Smart LED Bulb,Color Temperature,3000,Human,40.4,45.3,45.0,18.5,7.0,0.0,0,165.5,-720.0,0,,,,,
2026-05-17 22:44:00,Bedroom_AC_2,Smart Air Conditioner,Target Temperature,19,Human,33.4,45.9,48.0,20.1,13.0,0.0,0,217.5,-720.0,0,,,,,
2026-05-17 22:45:00,Bedroom_AC_2,Smart Air Conditioner,Operation Mode,Fan,Human,33.6,47.0,35.0,1.7,15.0,0.0,0,218.5,-720.0,0,,,,,
2026-05-17 22:51:00,FrontDoor_Cam_1,Security Camera,Privacy Mode,Enabled,Human,34.3,45.8,39.0,19.2,6.0,0.0,0,224.5,-720.0,0,,,,,
2026-05-17 23:11:00,LivingRoom_LED_1,Smart LED Bulb,Power State,Off,Human,34.5,44.1,48.0,15.4,11.0,0.0,0,244.5,-720.0,0,,,,,
2026-05-17 23:13:00,TV_Plug_1,Smart Plug / Outlet,Switch State,Off,Human,37.2,43.6,57.0,16.6,18.0,0.0,0,246.5,-720.0,0,,,,,
2026-05-17 23:14:00,Bedroom_Plug_1,Smart Plug / Outlet,Switch State,Off,Human,34.0,47.5,51.0,12.4,14.0,0.0,0,247.5,-720.0,0,,,,,
2026-05-18 06:24:11,LivingRoom_Blinds_1,Smart Blinds / Shades,Open/Close Percentage,91,Human,34.0,37.3,56.0,6.1,6.0,0.0,0,-720.0,-21.0,1,,,,,
2026-05-18 06:36:00,Garden_Irrigation_1,Smart Irrigation Controller,Zone 1 State,On,Human,28.4,42.4,56.0,11.5,20.0,0.0,0,-720.0,-32.8,1,,,,,
2026-05-18 06:54:00,LivingRoom_AC_1,Smart Air Conditioner,Target Temperature,19,Human,36.7,39.6,47.0,13.7,13.0,0.0,0,-720.0,-50.8,1,,,,,
2026-05-18 06:55:00,LivingRoom_AC_1,Smart Air Conditioner,Operation Mode,Cool,Human,37.1,39.7,54.0,12.1,19.0,0.0,0,-720.0,-51.8,1,,,,,
2026-05-18 06:56:00,LivingRoom_AC_1,Smart Air Conditioner,Fan Speed,High,Human,37.7,42.4,47.0,15.1,23.0,0.0,0,-720.0,-52.8,1,,,,,
2026-05-18 07:57:00,Kitchen_Speaker_1,Smart Speaker / Receiver,Playback State,Play,Human,37.7,46.7,40.0,4.9,5.0,0.0,0,-669.9,-113.8,1,,,,,
2026-05-18 07:58:00,Kitchen_Speaker_1,Smart Speaker / Receiver,Volume Level,40,Human,34.9,41.5,50.0,14.1,18.0,0.0,0,-668.9,-114.8,1,,,,,
2026-05-18 08:53:00,Kitchen_Speaker_1,Smart Speaker / Receiver,Playback State,Stop,Human,37.4,47.9,46.0,18.3,11.0,7.7,0,-613.9,-169.8,1,,,,,
2026-05-18 13:17:00,LivingRoom_Fan_1,Smart Ceiling Fan,Power State,On,Human,39.1,46.7,53.0,7.3,6.0,11.4,0,-349.9,-433.8,1,,,,,
2026-05-18 13:18:00,LivingRoom_Fan_1,Smart Ceiling Fan,Fan Speed,High,Human,36.3,43.8,49.0,16.0,15.0,7.7,0,-348.9,-434.8,1,,,,,
2026-05-18 18:09:00,LivingRoom_Fan_1,Smart Ceiling Fan,Power State,Off,Human,41.0,43.3,37.0,19.1,22.0,0.0,0,-57.9,-720.0,1,,,,,
2026-05-18 18:54:51,LivingRoom_Blinds_1,Smart Blinds / Shades,Open/Close Percentage,0,Human,33.9,44.8,44.0,18.2,14.0,0.0,0,-12.0,-720.0,1,,,,,
2026-05-18 19:11:51,LivingRoom_LED_1,Smart LED Bulb,Power State,On,Human,36.9,43.2,38.0,14.8,9.0,0.0,0,5.0,-720.0,0,,,,,
2026-05-18 19:12:51,LivingRoom_LED_1,Smart LED Bulb,Brightness,75,Human,36.2,44.2,47.0,11.6,7.0,0.0,0,6.0,-720.0,0,,,,,
2026-05-18 19:13:51,LivingRoom_LED_1,Smart LED Bulb,Color Temperature,2700,Human,35.7,37.2,56.0,16.0,11.0,0.0,0,7.0,-720.0,0,,,,,
2026-05-18 19:59:51,TV_Plug_1,Smart Plug / Outlet,Switch State,On,Human,36.2,42.6,52.0,20.6,16.0,0.0,0,53.0,-720.0,0,,,,,
2026-05-18 22:01:00,Bedroom_LED_2,Smart LED Bulb,Power State,On,Human,33.4,42.9,50.0,13.4,19.0,0.0,0,174.1,-720.0,0,,,,,
2026-05-18 22:02:00,Bedroom_LED_2,Smart LED Bulb,Brightness,40,Human,39.6,43.6,45.0,18.8,14.0,0.0,0,175.1,-720.0,0,,,,,
2026-05-18 22:03:00,Bedroom_LED_2,Smart LED Bulb,Color Temperature,2700,Human,36.1,49.3,37.0,7.4,8.0,0.0,0,176.1,-720.0,0,,,,,
2026-05-18 22:27:00,Bedroom_AC_2,Smart Air Conditioner,Target Temperature,19,Human,31.4,40.2,37.0,18.5,7.0,0.0,0,200.1,-720.0,0,,,,,
2026-05-18 22:28:00,Bedroom_AC_2,Smart Air Conditioner,Operation Mode,Cool,Human,38.3,40.0,39.0,22.8,17.0,0.0,0,201.1,-720.0,0,,,,,
2026-05-18 22:48:00,FrontDoor_Cam_1,Security Camera,Privacy Mode,Enabled,Human,43.3,46.4,43.0,7.7,20.0,0.0,0,221.1,-720.0,0,,,,,
2026-05-18 23:11:00,LivingRoom_LED_1,Smart LED Bulb,Power State,Off,Human,33.6,45.2,35.0,17.3,22.0,0.0,0,244.1,-720.0,0,,,,,
2026-05-18 23:13:00,TV_Plug_1,Smart Plug / Outlet,Switch State,Off,Human,35.0,43.9,36.0,11.2,8.0,0.0,0,246.1,-720.0,0,,,,,
2026-05-18 23:14:00,Bedroom_Plug_1,Smart Plug / Outlet,Switch State,Off,Human,36.5,38.7,48.0,8.3,16.0,0.0,0,247.1,-720.0,0,,,,,
2026-05-19 06:28:53,LivingRoom_Blinds_1,Smart Blinds / Shades,Open/Close Percentage,81,Human,37.2,41.1,56.0,16.3,10.0,0.0,0,-720.0,-26.0,1,,,,,
2026-05-19 06:29:00,Garden_Irrigation_1,Smart Irrigation Controller,Zone 1 State,On,Human,33.2,36.7,36.0,3.5,9.0,0.0,0,-720.0,-26.1,1,,,,,
2026-05-19 07:01:00,LivingRoom_AC_1,Smart Air Conditioner,Target Temperature,21,Human,34.6,41.9,50.0,13.3,10.0,0.0,0,-720.0,-58.1,1,,,,,
2026-05-19 07:02:00,LivingRoom_AC_1,Smart Air Conditioner,Operation Mode,Cool,Human,34.8,36.0,45.0,18.8,13.0,0.0,0,-720.0,-59.1,1,,,,,
2026-05-19 07:03:00,LivingRoom_AC_1,Smart Air Conditioner,Fan Speed,Low,Human,38.2,39.5,46.0,21.1,9.0,0.0,0,-720.0,-60.1,1,,,,,
2026-05-19 07:59:00,Kitchen_Speaker_1,Smart Speaker / Receiver,Playback State,Play,Human,36.5,39.4,44.0,7.9,10.0,0.0,0,-668.3,-116.1,1,,,,,
2026-05-19 08:00:00,Kitchen_Speaker_1,Smart Speaker / Receiver,Volume Level,40,Human,30.0,40.3,51.0,6.0,20.0,9.6,0,-667.3,-117.1,1,,,,,
2026-05-19 09:05:00,Kitchen_Speaker_1,Smart Speaker / Receiver,Playback State,Stop,Human,39.9,46.4,44.0,11.2,22.0,11.5,0,-602.3,-182.1,1,,,,,
2026-05-19 12:51:00,LivingRoom_Fan_1,Smart Ceiling Fan,Power State,On,Human,35.7,41.6,45.0,11.7,17.0,8.9,0,-376.3,-408.1,1,,,,,
2026-05-19 12:52:00,LivingRoom_Fan_1,Smart Ceiling Fan,Fan Speed,High,Human,35.4,46.0,47.0,6.9,7.0,7.7,0,-375.3,-409.1,1,,,,,
2026-05-19 17:52:00,LivingRoom_Fan_1,Smart Ceiling Fan,Power State,Off,Human,35.6,39.9,49.0,6.8,13.0,9.3,0,-75.3,-709.1,1,,,,,
2026-05-19 18:52:15,LivingRoom_Blinds_1,Smart Blinds / Shades,Open/Close Percentage,0,Human,37.9,48.8,50.0,12.7,14.0,0.0,0,-15.0,-720.0,1,,,,,
2026-05-19 19:23:15,LivingRoom_LED_1,Smart LED Bulb,Power State,On,Human,40.1,42.1,45.0,13.5,8.0,0.0,0,16.0,-720.0,0,,,,,
2026-05-19 19:24:15,LivingRoom_LED_1,Smart LED Bulb,Brightness,70,Human,33.7,42.8,47.0,5.0,12.0,0.0,0,17.0,-720.0,0,,,,,
2026-05-19 19:25:15,LivingRoom_LED_1,Smart LED Bulb,Color Temperature,3000,Human,35.3,41.5,54.0,12.4,22.0,0.0,0,18.0,-720.0,0,,,,,
2026-05-19 19:54:15,TV_Plug_1,Smart Plug / Outlet,Switch State,On,Human,33.8,43.6,42.0,20.5,16.0,0.0,0,47.0,-720.0,0,,,,,
2026-05-19 22:02:00,Bedroom_LED_2,Smart LED Bulb,Power State,On,Human,37.2,43.2,49.0,11.4,5.0,0.0,0,174.7,-720.0,0,,,,,
2026-05-19 22:03:00,Bedroom_LED_2,Smart LED Bulb,Brightness,40,Human,40.2,38.2,40.0,14.2,7.0,0.0,0,175.7,-720.0,0,,,,,
2026-05-19 22:04:00,Bedroom_LED_2,Smart LED Bulb,Color Temperature,3000,Human,34.0,42.0,38.0,6.0,23.0,0.0,0,176.7,-720.0,0,,,,,
2026-05-19 22:36:00,Bedroom_AC_2,Smart Air Conditioner,Target Temperature,19,Human,37.6,36.2,36.0,14.2,23.0,0.0,0,208.7,-720.0,0,,,,,
2026-05-19 22:37:00,Bedroom_AC_2,Smart Air Conditioner,Operation Mode,Cool,Human,36.2,43.3,56.0,9.4,24.0,0.0,0,209.7,-720.0,0,,,,,
2026-05-19 22:40:00,FrontDoor_Cam_1,Security Camera,Privacy Mode,Enabled,Human,37.9,40.6,46.0,15.5,17.0,0.0,0,212.7,-720.0,0,,,,,
2026-05-19 23:01:00,LivingRoom_LED_1,Smart LED Bulb,Power State,Off,Human,34.6,41.3,55.0,14.3,18.0,0.0,0,233.7,-720.0,0,,,,,
2026-05-19 23:03:00,TV_Plug_1,Smart Plug / Outlet,Switch State,Off,Human,34.8,45.0,42.0,5.6,19.0,0.0,0,235.7,-720.0,0,,,,,
2026-05-19 23:04:00,Bedroom_Plug_1,Smart Plug / Outlet,Switch State,Off,Human,38.9,43.5,45.0,10.6,10.0,0.0,0,236.7,-720.0,0,,,,,
2026-05-20 06:15:35,LivingRoom_Blinds_1,Smart Blinds / Shades,Open/Close Percentage,84,Human,36.2,43.0,47.0,3.9,13.0,0.0,0,-720.0,-13.0,1,,,,,
2026-05-20 06:32:00,Garden_Irrigation_1,Smart Irrigation Controller,Zone 1 State,On,Human,35.6,42.4,53.0,13.7,5.0,0.0,0,-720.0,-29.4,1,,,,,
2026-05-20 06:59:00,LivingRoom_AC_1,Smart Air Conditioner,Target Temperature,21,Human,41.7,44.7,43.0,7.3,17.0,0.0,0,-720.0,-56.4,1,,,,,
2026-05-20 07:00:00,LivingRoom_AC_1,Smart Air Conditioner,Operation Mode,Cool,Human,34.4,33.5,50.0,12.9,15.0,0.0,0,-720.0,-57.4,1,,,,,
2026-05-20 07:01:00,LivingRoom_AC_1,Smart Air Conditioner,Fan Speed,Low,Human,31.4,40.1,35.0,32.6,8.0,0.0,0,-720.0,-58.4,1,,,,,
2026-05-20 07:52:00,Kitchen_Speaker_1,Smart Speaker / Receiver,Playback State,Play,Human,34.3,36.7,37.0,7.7,14.0,0.0,0,-675.6,-109.4,1,,,,,
2026-05-20 07:53:00,Kitchen_Speaker_1,Smart Speaker / Receiver,Volume Level,35,Human,35.0,42.6,57.0,18.1,23.0,0.0,0,-674.6,-110.4,1,,,,,
2026-05-20 09:00:00,Kitchen_Speaker_1,Smart Speaker / Receiver,Playback State,Stop,Human,36.7,45.4,37.0,4.0,9.0,8.8,0,-607.6,-177.4,1,,,,,
2026-05-20 13:16:00,LivingRoom_Fan_1,Smart Ceiling Fan,Power State,On,Human,34.6,41.4,50.0,5.7,18.0,8.6,0,-351.6,-433.4,1,,,,,
2026-05-20 13:17:00,LivingRoom_Fan_1,Smart Ceiling Fan,Fan Speed,High,Human,36.4,49.4,42.0,14.3,17.0,7.7,0,-350.6,-434.4,1,,,,,
2026-05-20 17:49:00,LivingRoom_Fan_1,Smart Ceiling Fan,Power State,Off,Human,38.7,39.4,37.0,5.1,21.0,10.4,0,-78.6,-706.4,1,,,,,
2026-05-20 19:00:38,LivingRoom_Blinds_1,Smart Blinds / Shades,Open/Close Percentage,0,Human,36.1,43.5,47.0,11.9,8.0,0.0,0,-7.0,-720.0,1,,,,,
2026-05-20 19:17:38,LivingRoom_LED_1,Smart LED Bulb,Power State,On,Human,32.5,38.0,42.0,8.5,18.0,0.0,0,10.0,-720.0,0,,,,,
2026-05-20 19:18:38,LivingRoom_LED_1,Smart LED Bulb,Brightness,80,Human,38.9,44.6,37.0,0.4,23.0,0.0,0,11.0,-720.0,0,,,,,
2026-05-20 19:19:38,LivingRoom_LED_1,Smart LED Bulb,Color Temperature,3000,Human,34.4,40.6,44.0,8.0,21.0,0.0,0,12.0,-720.0,0,,,,,
2026-05-20 19:38:38,TV_Plug_1,Smart Plug / Outlet,Switch State,On,Human,38.0,43.1,43.0,16.8,11.0,0.0,0,31.0,-720.0,0,,,,,
2026-05-20 21:50:00,Bedroom_LED_2,Smart LED Bulb,Power State,On,Human,35.3,40.3,41.0,9.2,17.0,0.0,0,162.4,-720.0,0,,,,,
2026-05-20 21:51:00,Bedroom_LED_2,Smart LED Bulb,Brightness,40,Human,37.0,41.3,50.0,9.7,21.0,0.0,0,163.4,-720.0,0,,,,,
2026-05-20 21:52:00,Bedroom_LED_2,Smart LED Bulb,Color Temperature,2700,Human,38.2,41.9,46.0,9.3,24.0,0.0,0,164.4,-720.0,0,,,,,
2026-05-20 22:20:00,Bedroom_AC_2,Smart Air Conditioner,Target Temperature,19,Human,38.2,42.4,45.0,12.9,5.0,0.0,0,192.4,-720.0,0,,,,,
2026-05-20 22:21:00,Bedroom_AC_2,Smart Air Conditioner,Operation Mode,Cool,Human,37.8,38.1,50.0,14.4,22.0,0.0,0,193.4,-720.0,0,,,,,
2026-05-20 22:43:00,FrontDoor_Cam_1,Security Camera,Privacy Mode,Enabled,Human,35.6,46.8,48.0,3.3,14.0,0.0,0,215.4,-720.0,0,,,,,
2026-05-20 22:55:00,LivingRoom_LED_1,Smart LED Bulb,Power State,Off,Human,39.4,41.8,46.0,19.5,14.0,0.0,0,227.4,-720.0,0,,,,,
2026-05-20 22:57:00,TV_Plug_1,Smart Plug / Outlet,Switch State,Off,Human,39.2,37.0,48.0,15.3,14.0,0.0,0,229.4,-720.0,0,,,,,
2026-05-20 22:58:00,Bedroom_Plug_1,Smart Plug / Outlet,Switch State,Off,Human,33.8,39.4,43.0,11.6,20.0,0.0,0,230.4,-720.0,0,,,,,
2026-05-21 06:15:19,LivingRoom_Blinds_1,Smart Blinds / Shades,Open/Close Percentage,94,Human,30.9,42.9,40.0,17.3,24.0,0.0,0,-720.0,-13.0,1,,,,,
2026-05-21 06:27:00,Garden_Irrigation_1,Smart Irrigation Controller,Zone 1 State,On,Human,33.3,44.1,36.0,15.0,9.0,0.0,0,-720.0,-24.7,1,,,,,
2026-05-21 06:50:00,LivingRoom_AC_1,Smart Air Conditioner,Target Temperature,20,Human,36.1,38.5,36.0,11.3,5.0,0.0,0,-720.0,-47.7,1,,,,,
2026-05-21 06:51:00,LivingRoom_AC_1,Smart Air Conditioner,Operation Mode,Cool,Human,36.6,45.0,54.0,13.8,13.0,0.0,0,-720.0,-48.7,1,,,,,
2026-05-21 06:52:00,LivingRoom_AC_1,Smart Air Conditioner,Fan Speed,Low,Human,37.5,40.3,49.0,8.6,14.0,0.0,0,-720.0,-49.7,1,,,,,
2026-05-21 07:58:00,Kitchen_Speaker_1,Smart Speaker / Receiver,Playback State,Play,Human,28.5,41.6,47.0,11.8,19.0,0.0,0,-670.0,-115.7,1,,,,,
2026-05-21 07:59:00,Kitchen_Speaker_1,Smart Speaker / Receiver,Volume Level,35,Human,35.8,42.0,36.0,4.5,19.0,0.0,0,-669.0,-116.7,1,,,,,
2026-05-21 08:50:00,Kitchen_Speaker_1,Smart Speaker / Receiver,Playback State,Stop,Human,33.4,43.2,57.0,11.4,20.0,10.4,0,-618.0,-167.7,1,,,,,
2026-05-21 12:32:00,LivingRoom_Fan_1,Smart Ceiling Fan,Power State,On,Human,33.7,45.7,42.0,13.5,13.0,10.7,0,-396.0,-389.7,1,,,,,
2026-05-21 12:33:00,LivingRoom_Fan_1,Smart Ceiling Fan,Fan Speed,High,Human,38.3,40.9,52.0,10.8,5.0,8.6,0,-395.0,-390.7,1,,,,,
2026-05-21 18:01:00,LivingRoom_Fan_1,Smart Ceiling Fan,Power State,Off,Human,38.0,41.8,37.0,21.8,17.0,0.0,0,-67.0,-718.7,1,,,,,
2026-05-21 18:59:02,LivingRoom_Blinds_1,Smart Blinds / Shades,Open/Close Percentage,0,Human,34.8,43.8,47.0,12.2,12.0,0.0,0,-9.0,-720.0,1,,,,,
2026-05-21 19:24:02,LivingRoom_LED_1,Smart LED Bulb,Power State,On,Human,39.8,38.4,40.0,19.9,8.0,0.0,0,16.0,-720.0,0,,,,,
2026-05-21 19:25:02,LivingRoom_LED_1,Smart LED Bulb,Brightness,60,Human,38.5,41.3,43.0,12.5,20.0,0.0,0,17.0,-720.0,0,,,,,
2026-05-21 19:26:02,LivingRoom_LED_1,Smart LED Bulb,Color Temperature,3000,Human,39.9,44.0,39.0,9.3,9.0,0.0,0,18.0,-720.0,0,,,,,
2026-05-21 19:43:02,TV_Plug_1,Smart Plug / Outlet,Switch State,On,Human,38.0,41.5,42.0,16.2,9.0,0.0,0,35.0,-720.0,0,,,,,
2026-05-21 22:08:00,Bedroom_LED_2,Smart LED Bulb,Power State,On,Human,38.5,42.1,49.0,15.4,19.0,0.0,0,180.0,-720.0,0,,,,,
2026-05-21 22:09:00,Bedroom_LED_2,Smart LED Bulb,Brightness,40,Human,30.0,43.1,41.0,10.4,11.0,0.0,0,181.0,-720.0,0,,,,,
2026-05-21 22:10:00,Bedroom_LED_2,Smart LED Bulb,Color Temperature,3000,Human,39.1,47.1,55.0,18.3,6.0,0.0,0,182.0,-720.0,0,,,,,
2026-05-21 22:20:00,Bedroom_AC_2,Smart Air Conditioner,Target Temperature,19,Human,37.0,41.2,54.0,16.3,5.0,0.0,0,192.0,-720.0,0,,,,,
2026-05-21 22:21:00,Bedroom_AC_2,Smart Air Conditioner,Operation Mode,Fan,Human,39.3,39.6,55.0,8.7,11.0,0.0,0,193.0,-720.0,0,,,,,
2026-05-21 22:46:00,FrontDoor_Cam_1,Security Camera,Privacy Mode,Enabled,Human,38.1,44.0,51.0,19.3,19.0,0.0,0,218.0,-720.0,0,,,,,
2026-05-21 23:02:00,LivingRoom_LED_1,Smart LED Bulb,Power State,Off,Human,36.8,45.1,49.0,12.0,6.0,0.0,0,234.0,-720.0,0,,,,,
2026-05-21 23:04:00,TV_Plug_1,Smart Plug / Outlet,Switch State,Off,Human,34.2,44.1,51.0,20.9,11.0,0.0,0,236.0,-720.0,0,,,,,
2026-05-21 23:05:00,Bedroom_Plug_1,Smart Plug / Outlet,Switch State,Off,Human,40.1,45.4,48.0,14.4,15.0,0.0,0,237.0,-720.0,0,,,,,
2026-05-22 06:16:04,LivingRoom_Blinds_1,Smart Blinds / Shades,Open/Close Percentage,96,Human,33.2,41.2,50.0,17.8,17.0,0.0,0,-720.0,-14.0,1,,,,,
2026-05-22 06:24:00,Garden_Irrigation_1,Smart Irrigation Controller,Zone 1 State,On,Human,34.9,40.3,51.0,10.8,7.0,0.0,0,-720.0,-21.9,1,,,,,
2026-05-22 06:53:00,LivingRoom_AC_1,Smart Air Conditioner,Target Temperature,20,Human,31.9,44.9,42.0,14.8,13.0,0.0,0,-720.0,-50.9,1,,,,,
2026-05-22 06:54:00,LivingRoom_AC_1,Smart Air Conditioner,Operation Mode,Cool,Human,33.4,43.1,54.0,15.1,13.0,0.0,0,-720.0,-51.9,1,,,,,
2026-05-22 06:55:00,LivingRoom_AC_1,Smart Air Conditioner,Fan Speed,Med,Human,36.0,47.2,52.0,12.9,23.0,0.0,0,-720.0,-52.9,1,,,,,
2026-05-22 07:58:00,Kitchen_Speaker_1,Smart Speaker / Receiver,Playback State,Play,Human,31.1,43.4,55.0,14.0,24.0,0.0,0,-670.4,-115.9,1,,,,,
2026-05-22 07:59:00,Kitchen_Speaker_1,Smart Speaker / Receiver,Volume Level,35,Human,34.3,46.4,55.0,15.8,12.0,0.0,0,-669.4,-116.9,1,,,,,
2026-05-22 08:55:00,Kitchen_Speaker_1,Smart Speaker / Receiver,Playback State,Stop,Human,35.8,40.5,56.0,14.0,16.0,8.7,0,-613.4,-172.9,1,,,,,
2026-05-22 13:28:00,LivingRoom_Fan_1,Smart Ceiling Fan,Power State,On,Human,38.0,39.8,37.0,9.1,20.0,11.6,0,-340.4,-445.9,1,,,,,
2026-05-22 13:29:00,LivingRoom_Fan_1,Smart Ceiling Fan,Fan Speed,High,Human,33.2,39.1,51.0,16.3,16.0,11.6,0,-339.4,-446.9,1,,,,,
2026-05-22 17:43:00,LivingRoom_Fan_1,Smart Ceiling Fan,Power State,Off,Human,37.1,41.3,54.0,16.3,15.0,10.5,0,-85.4,-700.9,1,,,,,
2026-05-22 19:07:25,LivingRoom_Blinds_1,Smart Blinds / Shades,Open/Close Percentage,10,Human,32.3,40.4,43.0,15.2,9.0,0.0,0,-1.0,-720.0,1,,,,,
2026-05-22 19:25:25,LivingRoom_LED_1,Smart LED Bulb,Power State,On,Human,37.2,40.5,50.0,8.4,22.0,0.0,0,17.0,-720.0,0,,,,,
2026-05-22 19:26:25,LivingRoom_LED_1,Smart LED Bulb,Brightness,70,Human,35.6,42.3,42.0,14.3,21.0,0.0,0,18.0,-720.0,0,,,,,
2026-05-22 19:27:25,LivingRoom_LED_1,Smart LED Bulb,Color Temperature,3500,Human,37.9,38.9,44.0,9.9,23.0,0.0,0,19.0,-720.0,0,,,,,
2026-05-22 20:03:25,TV_Plug_1,Smart Plug / Outlet,Switch State,On,Human,40.0,35.2,43.0,20.6,9.0,0.0,0,55.0,-720.0,0,,,,,
2026-05-22 21:56:00,Bedroom_LED_2,Smart LED Bulb,Power State,On,Human,33.6,44.4,38.0,21.8,8.0,0.0,0,167.6,-720.0,0,,,,,
2026-05-22 21:57:00,Bedroom_LED_2,Smart LED Bulb,Brightness,40,Human,38.7,44.3,35.0,18.4,10.0,0.0,0,168.6,-720.0,0,,,,,
2026-05-22 21:58:00,Bedroom_LED_2,Smart LED Bulb,Color Temperature,3000,Human,38.2,39.9,53.0,18.0,23.0,0.0,0,169.6,-720.0,0,,,,,
2026-05-22 22:30:00,Bedroom_AC_2,Smart Air Conditioner,Target Temperature,19,Human,32.8,43.6,43.0,1.4,8.0,0.0,0,201.6,-720.0,0,,,,,
2026-05-22 22:31:00,Bedroom_AC_2,Smart Air Conditioner,Operation Mode,Cool,Human,35.8,40.1,52.0,16.6,17.0,0.0,0,202.6,-720.0,0,,,,,
2026-05-22 22:46:00,LivingRoom_LED_1,Smart LED Bulb,Power State,Off,Human,37.1,42.0,39.0,5.5,17.0,0.0,0,217.6,-720.0,0,,,,,
2026-05-22 22:48:00,TV_Plug_1,Smart Plug / Outlet,Switch State,Off,Human,27.4,41.5,50.0,12.4,5.0,0.0,0,219.6,-720.0,0,,,,,
2026-05-22 22:49:00,Bedroom_Plug_1,Smart Plug / Outlet,Switch State,Off,Human,35.5,37.3,36.0,23.0,20.0,0.0,0,220.6,-720.0,0,,,,,
2026-05-22 22:52:00,FrontDoor_Cam_1,Security Camera,Privacy Mode,Enabled,Human,41.6,42.1,35.0,11.7,18.0,0.0,0,223.6,-720.0,0,,,,,
2026-05-23 06:36:00,Garden_Irrigation_1,Smart Irrigation Controller,Zone 1 State,On,Human,38.8,37.3,51.0,10.6,14.0,0.0,0,-720.0,-34.2,1,,,,,
2026-05-23 09:02:00,Hallway_Vacuum_1,Robot Vacuum,Cleaning State,Clean,Human,32.2,38.9,35.0,12.6,18.0,11.0,0,-606.8,-180.2,1,,,,,
2026-05-23 09:03:00,Hallway_Vacuum_1,Robot Vacuum,Suction Power,Standard,Human,34.6,41.7,47.0,17.1,13.0,8.0,0,-605.8,-181.2,1,,,,,
2026-05-23 13:20:00,LivingRoom_Fan_1,Smart Ceiling Fan,Power State,On,Human,40.4,39.7,43.0,19.2,13.0,9.9,0,-348.8,-438.2,1,,,,,
2026-05-23 13:21:00,LivingRoom_Fan_1,Smart Ceiling Fan,Fan Speed,Med,Human,32.1,44.9,44.0,26.6,8.0,10.3,0,-347.8,-439.2,1,,,,,
2026-05-23 14:17:00,LivingRoom_AC_1,Smart Air Conditioner,Target Temperature,19,Human,37.1,42.2,53.0,18.3,14.0,7.8,0,-291.8,-495.2,1,,,,,
2026-05-23 14:18:00,LivingRoom_AC_1,Smart Air Conditioner,Operation Mode,Cool,Human,34.5,40.9,48.0,23.4,15.0,9.0,0,-290.8,-496.2,1,,,,,
2026-05-23 18:00:00,LivingRoom_LED_1,Smart LED Bulb,Brightness,50,Automation,38.4,38.0,52.0,17.1,20.0,0.0,0,-68.8,-718.2,1,,,,,
2026-05-23 18:04:00,LivingRoom_Fan_1,Smart Ceiling Fan,Power State,Off,Human,33.6,43.9,35.0,16.5,8.0,0.0,0,-64.8,-720.0,1,,,,,
2026-05-23 19:17:49,LivingRoom_LED_1,Smart LED Bulb,Power State,On,Human,36.9,37.2,37.0,15.2,14.0,0.0,0,9.0,-720.0,0,,,,,
2026-05-23 19:18:49,LivingRoom_LED_1,Smart LED Bulb,Brightness,70,Human,42.1,46.3,50.0,13.8,15.0,0.0,0,10.0,-720.0,0,,,,,
2026-05-23 19:19:49,LivingRoom_LED_1,Smart LED Bulb,Color Temperature,3000,Human,41.3,46.4,37.0,16.9,18.0,0.0,0,11.0,-720.0,0,,,,,
2026-05-23 20:06:49,TV_Plug_1,Smart Plug / Outlet,Switch State,On,Human,37.1,37.3,48.0,17.3,16.0,0.0,0,58.0,-720.0,0,,,,,
2026-05-23 22:02:00,Bedroom_LED_2,Smart LED Bulb,Power State,On,Human,32.2,42.3,36.0,8.6,24.0,0.0,0,173.2,-720.0,0,,,,,
2026-05-23 22:03:00,Bedroom_LED_2,Smart LED Bulb,Brightness,40,Human,41.0,38.9,42.0,10.5,19.0,0.0,0,174.2,-720.0,0,,,,,
2026-05-23 22:04:00,Bedroom_LED_2,Smart LED Bulb,Color Temperature,2700,Human,31.5,48.1,47.0,6.9,23.0,0.0,0,175.2,-720.0,0,,,,,
2026-05-23 22:18:00,Bedroom_AC_2,Smart Air Conditioner,Target Temperature,19,Human,37.4,42.8,48.0,18.7,12.0,0.0,0,189.2,-720.0,0,,,,,
2026-05-23 22:19:00,Bedroom_AC_2,Smart Air Conditioner,Operation Mode,Cool,Human,36.7,40.7,42.0,15.2,23.0,0.0,0,190.2,-720.0,0,,,,,
2026-05-23 22:42:00,FrontDoor_Cam_1,Security Camera,Privacy Mode,Enabled,Human,35.0,42.8,38.0,12.3,13.0,0.0,0,213.2,-720.0,0,,,,,
2026-05-23 23:01:00,LivingRoom_LED_1,Smart LED Bulb,Power State,Off,Human,34.6,41.6,57.0,20.2,15.0,0.0,0,232.2,-720.0,0,,,,,
2026-05-23 23:03:00,TV_Plug_1,Smart Plug / Outlet,Switch State,Off,Human,37.6,43.7,46.0,10.2,5.0,0.0,0,234.2,-720.0,0,,,,,
2026-05-23 23:04:00,Bedroom_Plug_1,Smart Plug / Outlet,Switch State,Off,Human,35.2,40.6,55.0,15.9,9.0,0.0,0,235.2,-720.0,0,,,,,
2026-05-24 06:21:00,Garden_Irrigation_1,Smart Irrigation Controller,Zone 1 State,On,Human,34.3,40.0,40.0,12.3,13.0,0.0,0,-720.0,-19.4,1,,,,,
2026-05-24 13:28:00,LivingRoom_Fan_1,Smart Ceiling Fan,Power State,On,Human,34.7,41.0,37.0,14.2,13.0,11.5,0,-341.2,-446.4,1,,,,,
2026-05-24 13:29:00,LivingRoom_Fan_1,Smart Ceiling Fan,Fan Speed,High,Human,33.2,41.0,42.0,10.8,20.0,7.1,0,-340.2,-447.4,1,,,,,
2026-05-24 14:25:00,LivingRoom_AC_1,Smart Air Conditioner,Target Temperature,22,Human,33.5,40.1,36.0,13.9,18.0,7.2,0,-284.2,-503.4,1,,,,,
2026-05-24 14:26:00,LivingRoom_AC_1,Smart Air Conditioner,Operation Mode,Cool,Human,35.2,38.9,48.0,3.7,21.0,9.7,0,-283.2,-504.4,1,,,,,
2026-05-24 17:49:00,LivingRoom_Fan_1,Smart Ceiling Fan,Power State,Off,Human,37.1,44.4,49.0,6.6,8.0,9.7,0,-80.2,-707.4,1,,,,,
2026-05-24 19:28:13,LivingRoom_LED_1,Smart LED Bulb,Power State,On,Human,39.3,43.0,54.0,15.3,20.0,0.0,0,19.0,-720.0,0,,,,,
2026-05-24 19:29:13,LivingRoom_LED_1,Smart LED Bulb,Brightness,70,Human,36.2,44.5,38.0,14.4,11.0,0.0,0,20.0,-720.0,0,,,,,
2026-05-24 19:30:13,LivingRoom_LED_1,Smart LED Bulb,Color Temperature,3500,Human,37.9,41.9,36.0,18.4,12.0,0.0,0,21.0,-720.0,0,,,,,
2026-05-24 19:41:13,TV_Plug_1,Smart Plug / Outlet,Switch State,On,Human,38.8,50.7,45.0,11.5,23.0,0.0,0,32.0,-720.0,0,,,,,
2026-05-24 22:01:00,Bedroom_LED_2,Smart LED Bulb,Power State,On,Human,32.0,45.4,49.0,4.9,20.0,0.0,0,171.8,-720.0,0,,,,,
2026-05-24 22:02:00,Bedroom_LED_2,Smart LED Bulb,Brightness,30,Human,36.8,40.4,56.0,18.1,17.0,0.0,0,172.8,-720.0,0,,,,,
2026-05-24 22:03:00,Bedroom_LED_2,Smart LED Bulb,Color Temperature,2700,Human,38.4,46.4,50.0,22.1,14.0,0.0,0,173.8,-720.0,0,,,,,
2026-05-24 22:38:00,Bedroom_AC_2,Smart Air Conditioner,Target Temperature,19,Human,30.1,43.4,54.0,15.4,11.0,0.0,0,208.8,-720.0,0,,,,,
2026-05-24 22:39:00,Bedroom_AC_2,Smart Air Conditioner,Operation Mode,Cool,Human,34.0,38.5,43.0,20.3,23.0,0.0,0,209.8,-720.0,0,,,,,
2026-05-24 22:45:00,FrontDoor_Cam_1,Security Camera,Privacy Mode,Enabled,Human,33.2,44.6,38.0,15.5,19.0,0.0,0,215.8,-720.0,0,,,,,
2026-05-24 22:47:00,LivingRoom_LED_1,Smart LED Bulb,Power State,Off,Human,32.2,47.1,38.0,13.4,16.0,0.0,0,217.8,-720.0,0,,,,,
2026-05-24 22:49:00,TV_Plug_1,Smart Plug / Outlet,Switch State,Off,Human,32.5,41.4,43.0,13.0,9.0,0.0,0,219.8,-720.0,0,,,,,
2026-05-24 22:50:00,Bedroom_Plug_1,Smart Plug / Outlet,Switch State,Off,Human,38.6,40.2,49.0,18.7,9.0,0.0,0,220.8,-720.0,0,,,,,
2026-05-25 06:24:00,Garden_Irrigation_1,Smart Irrigation Controller,Zone 1 State,On,Human,35.2,41.9,52.0,9.2,18.0,0.0,0,-720.0,-22.6,1,,,,,
2026-05-25 06:25:24,LivingRoom_Blinds_1,Smart Blinds / Shades,Open/Close Percentage,95,Human,36.2,47.2,41.0,12.9,6.0,0.0,0,-720.0,-24.0,1,,,,,
2026-05-25 07:06:00,LivingRoom_AC_1,Smart Air Conditioner,Target Temperature,21,Human,35.7,45.0,57.0,20.1,10.0,0.0,0,-720.0,-64.6,1,,,,,
2026-05-25 07:07:00,LivingRoom_AC_1,Smart Air Conditioner,Operation Mode,Cool,Human,35.2,44.1,42.0,17.0,20.0,0.0,0,-720.0,-65.6,1,,,,,
2026-05-25 07:08:00,LivingRoom_AC_1,Smart Air Conditioner,Fan Speed,Med,Human,33.6,41.5,50.0,18.5,17.0,0.0,0,-720.0,-66.6,1,,,,,
2026-05-25 07:57:00,Kitchen_Speaker_1,Smart Speaker / Receiver,Playback State,Play,Human,36.0,41.6,55.0,12.0,10.0,0.0,0,-672.6,-115.6,1,,,,,
2026-05-25 07:58:00,Kitchen_Speaker_1,Smart Speaker / Receiver,Volume Level,35,Human,39.0,46.9,39.0,10.6,23.0,0.0,0,-671.6,-116.6,1,,,,,
2026-05-25 09:09:00,Kitchen_Speaker_1,Smart Speaker / Receiver,Playback State,Stop,Human,33.6,42.4,36.0,13.0,13.0,9.3,0,-600.6,-187.6,1,,,,,
2026-05-25 12:00:00,LivingRoom_AC_1,Smart Air Conditioner,Target Temperature,26,Automation,34.4,47.0,47.0,13.7,7.0,7.4,0,-429.6,-358.6,1,,,,,
2026-05-25 12:36:00,LivingRoom_Fan_1,Smart Ceiling Fan,Power State,On,Human,33.9,44.2,57.0,14.7,7.0,9.7,0,-393.6,-394.6,1,,,,,
2026-05-25 12:37:00,LivingRoom_Fan_1,Smart Ceiling Fan,Fan Speed,Med,Human,37.8,41.8,39.0,18.3,9.0,9.8,0,-392.6,-395.6,1,,,,,
2026-05-25 17:40:00,LivingRoom_Fan_1,Smart Ceiling Fan,Power State,Off,Human,37.5,38.3,47.0,21.2,22.0,7.5,0,-89.6,-698.6,1,,,,,
2026-05-25 19:03:36,LivingRoom_Blinds_1,Smart Blinds / Shades,Open/Close Percentage,10,Human,37.2,39.7,42.0,10.8,13.0,0.0,0,-6.0,-720.0,1,,,,,
2026-05-25 19:15:36,LivingRoom_LED_1,Smart LED Bulb,Power State,On,Human,35.5,42.4,41.0,9.9,8.0,0.0,0,6.0,-720.0,0,,,,,
2026-05-25 19:16:36,LivingRoom_LED_1,Smart LED Bulb,Brightness,70,Human,31.9,39.9,50.0,9.3,14.0,0.0,0,7.0,-720.0,0,,,,,
2026-05-25 19:17:36,LivingRoom_LED_1,Smart LED Bulb,Color Temperature,3000,Human,37.4,41.6,38.0,15.8,20.0,0.0,0,8.0,-720.0,0,,,,,
2026-05-25 19:39:36,TV_Plug_1,Smart Plug / Outlet,Switch State,On,Human,35.6,43.6,51.0,10.4,8.0,0.0,0,30.0,-720.0,0,,,,,
2026-05-25 22:07:00,Bedroom_LED_2,Smart LED Bulb,Power State,On,Human,41.4,36.4,52.0,10.0,21.0,0.0,0,177.4,-720.0,0,,,,,
2026-05-25 22:08:00,Bedroom_LED_2,Smart LED Bulb,Brightness,30,Human,32.8,45.2,47.0,11.4,14.0,0.0,0,178.4,-720.0,0,,,,,
2026-05-25 22:09:00,Bedroom_LED_2,Smart LED Bulb,Color Temperature,2700,Human,33.5,42.0,51.0,16.8,16.0,0.0,0,179.4,-720.0,0,,,,,
2026-05-25 22:21:00,Bedroom_AC_2,Smart Air Conditioner,Target Temperature,19,Human,29.5,42.9,41.0,14.8,11.0,0.0,0,191.4,-720.0,0,,,,,
2026-05-25 22:22:00,Bedroom_AC_2,Smart Air Conditioner,Operation Mode,Cool,Human,34.7,41.5,56.0,10.4,14.0,0.0,0,192.4,-720.0,0,,,,,
2026-05-25 22:44:00,FrontDoor_Cam_1,Security Camera,Privacy Mode,Enabled,Human,33.6,46.1,44.0,14.1,19.0,0.0,0,214.4,-720.0,0,,,,,
2026-05-25 23:07:00,LivingRoom_LED_1,Smart LED Bulb,Power State,Off,Human,36.2,47.9,41.0,11.3,20.0,0.0,0,237.4,-720.0,0,,,,,
2026-05-25 23:09:00,TV_Plug_1,Smart Plug / Outlet,Switch State,Off,Human,38.3,42.7,39.0,13.2,14.0,0.0,0,239.4,-720.0,0,,,,,
2026-05-25 23:10:00,Bedroom_Plug_1,Smart Plug / Outlet,Switch State,Off,Human,41.3,43.2,37.0,0.7,24.0,0.0,0,240.4,-720.0,0,,,,,
2026-05-26 06:25:00,Garden_Irrigation_1,Smart Irrigation Controller,Zone 1 State,On,Human,37.1,41.6,38.0,11.3,14.0,0.0,0,-720.0,-23.8,1,,,,,
2026-05-26 06:26:13,LivingRoom_Blinds_1,Smart Blinds / Shades,Open/Close Percentage,86,Human,32.4,40.0,51.0,18.4,12.0,0.0,0,-720.0,-25.0,1,,,,,
2026-05-26 07:01:00,LivingRoom_AC_1,Smart Air Conditioner,Target Temperature,20,Human,37.5,40.7,35.0,13.2,21.0,0.0,0,-720.0,-59.8,1,,,,,
2026-05-26 07:02:00,LivingRoom_AC_1,Smart Air Conditioner,Operation Mode,Cool,Human,35.2,40.6,53.0,14.2,17.0,0.0,0,-720.0,-60.8,1,,,,,
2026-05-26 07:03:00,LivingRoom_AC_1,Smart Air Conditioner,Fan Speed,Low,Human,38.0,40.0,35.0,14.7,7.0,0.0,0,-720.0,-61.8,1,,,,,
2026-05-26 07:53:00,Kitchen_Speaker_1,Smart Speaker / Receiver,Playback State,Play,Human,37.8,45.0,47.0,22.7,22.0,0.0,0,-677.0,-111.8,1,,,,,
2026-05-26 07:54:00,Kitchen_Speaker_1,Smart Speaker / Receiver,Volume Level,30,Human,42.0,37.8,35.0,15.7,19.0,0.0,0,-676.0,-112.8,1,,,,,
2026-05-26 09:04:00,Kitchen_Speaker_1,Smart Speaker / Receiver,Playback State,Stop,Human,39.7,43.0,55.0,12.7,14.0,10.4,0,-606.0,-182.8,1,,,,,
2026-05-26 13:15:00,LivingRoom_Fan_1,Smart Ceiling Fan,Power State,On,Human,36.6,45.3,56.0,22.7,18.0,9.1,0,-355.0,-433.8,1,,,,,
2026-05-26 13:16:00,LivingRoom_Fan_1,Smart Ceiling Fan,Fan Speed,High,Human,35.5,43.8,40.0,20.3,17.0,7.5,0,-354.0,-434.8,1,,,,,
2026-05-26 18:18:00,LivingRoom_Fan_1,Smart Ceiling Fan,Power State,Off,Human,38.5,35.8,44.0,13.5,13.0,0.0,0,-52.0,-720.0,1,,,,,
2026-05-26 18:55:00,LivingRoom_Blinds_1,Smart Blinds / Shades,Open/Close Percentage,0,Human,37.9,38.0,46.0,16.1,17.0,0.0,0,-15.0,-720.0,1,,,,,
2026-05-26 19:17:00,LivingRoom_LED_1,Smart LED Bulb,Power State,On,Human,34.2,34.1,38.0,8.4,20.0,0.0,0,7.0,-720.0,0,,,,,
2026-05-26 19:18:00,LivingRoom_LED_1,Smart LED Bulb,Brightness,70,Human,28.4,44.5,44.0,22.9,17.0,0.0,0,8.0,-720.0,0,,,,,
2026-05-26 19:19:00,LivingRoom_LED_1,Smart LED Bulb,Color Temperature,2700,Human,35.9,40.6,41.0,13.7,13.0,0.0,0,9.0,-720.0,0,,,,,
2026-05-26 19:56:00,TV_Plug_1,Smart Plug / Outlet,Switch State,On,Human,34.6,44.2,47.0,13.8,22.0,0.0,0,46.0,-720.0,0,,,,,
2026-05-26 21:58:00,Bedroom_LED_2,Smart LED Bulb,Power State,On,Human,33.4,47.7,38.0,13.8,10.0,0.0,0,168.0,-720.0,0,,,,,
2026-05-26 21:59:00,Bedroom_LED_2,Smart LED Bulb,Brightness,40,Human,38.4,40.9,49.0,9.4,7.0,0.0,0,169.0,-720.0,0,,,,,
2026-05-26 22:00:00,Bedroom_LED_2,Smart LED Bulb,Color Temperature,3000,Human,32.4,42.1,49.0,10.2,24.0,0.0,0,170.0,-720.0,0,,,,,
2026-05-26 22:37:00,FrontDoor_Cam_1,Security Camera,Privacy Mode,Enabled,Human,33.1,47.6,43.0,12.4,20.0,0.0,0,207.0,-720.0,0,,,,,
2026-05-26 22:41:00,Bedroom_AC_2,Smart Air Conditioner,Target Temperature,19,Human,34.6,43.8,54.0,15.9,23.0,0.0,0,211.0,-720.0,0,,,,,
2026-05-26 22:42:00,Bedroom_AC_2,Smart Air Conditioner,Operation Mode,Cool,Human,33.9,43.8,37.0,13.3,15.0,0.0,0,212.0,-720.0,0,,,,,
2026-05-26 23:13:00,LivingRoom_LED_1,Smart LED Bulb,Power State,Off,Human,41.7,40.1,56.0,13.9,23.0,0.0,0,243.0,-720.0,0,,,,,
2026-05-26 23:15:00,TV_Plug_1,Smart Plug / Outlet,Switch State,Off,Human,37.0,39.7,45.0,13.5,13.0,0.0,0,245.0,-720.0,0,,,,,
2026-05-26 23:16:00,Bedroom_Plug_1,Smart Plug / Outlet,Switch State,Off,Human,32.7,42.0,48.0,14.1,22.0,0.0,0,246.0,-720.0,0,,,,,
2026-05-27 06:21:00,Garden_Irrigation_1,Smart Irrigation Controller,Zone 1 State,On,Human,33.9,38.3,38.0,10.5,6.0,0.0,0,-720.0,-19.9,1,,,,,
2026-05-27 06:28:03,LivingRoom_Blinds_1,Smart Blinds / Shades,Open/Close Percentage,98,Human,34.8,39.9,36.0,11.8,21.0,0.0,0,-720.0,-27.0,1,,,,,
2026-05-27 06:56:00,LivingRoom_AC_1,Smart Air Conditioner,Target Temperature,21,Human,36.5,40.4,56.0,18.2,6.0,0.0,0,-720.0,-54.9,1,,,,,
2026-05-27 06:57:00,LivingRoom_AC_1,Smart Air Conditioner,Operation Mode,Cool,Human,36.8,46.9,54.0,20.7,19.0,0.0,0,-720.0,-55.9,1,,,,,
2026-05-27 06:58:00,LivingRoom_AC_1,Smart Air Conditioner,Fan Speed,Low,Human,37.5,42.0,38.0,5.2,7.0,0.0,0,-720.0,-56.9,1,,,,,
2026-05-27 07:55:00,Kitchen_Speaker_1,Smart Speaker / Receiver,Playback State,Play,Human,34.5,40.9,55.0,12.3,22.0,0.0,0,-675.4,-113.9,1,,,,,
2026-05-27 07:56:00,Kitchen_Speaker_1,Smart Speaker / Receiver,Volume Level,35,Human,34.5,43.6,55.0,9.4,7.0,0.0,0,-674.4,-114.9,1,,,,,
2026-05-27 09:09:00,Kitchen_Speaker_1,Smart Speaker / Receiver,Playback State,Stop,Human,39.3,38.3,40.0,19.2,12.0,7.7,0,-601.4,-187.9,1,,,,,
2026-05-27 13:27:00,LivingRoom_Fan_1,Smart Ceiling Fan,Power State,On,Human,32.7,48.8,52.0,19.7,18.0,10.1,0,-343.4,-445.9,1,,,,,
2026-05-27 13:28:00,LivingRoom_Fan_1,Smart Ceiling Fan,Fan Speed,High,Human,32.7,45.3,54.0,11.9,8.0,8.7,0,-342.4,-446.9,1,,,,,
2026-05-27 18:12:00,LivingRoom_Fan_1,Smart Ceiling Fan,Power State,Off,Human,33.5,41.3,47.0,7.0,22.0,0.0,0,-58.4,-720.0,1,,,,,
2026-05-27 19:05:23,LivingRoom_Blinds_1,Smart Blinds / Shades,Open/Close Percentage,0,Human,31.8,45.2,55.0,18.6,18.0,0.0,0,-5.0,-720.0,1,,,,,
2026-05-27 19:27:23,LivingRoom_LED_1,Smart LED Bulb,Power State,On,Human,37.5,39.3,57.0,13.4,16.0,0.0,0,17.0,-720.0,0,,,,,
2026-05-27 19:28:23,LivingRoom_LED_1,Smart LED Bulb,Brightness,80,Human,30.1,39.4,35.0,9.1,8.0,0.0,0,18.0,-720.0,0,,,,,
2026-05-27 19:29:23,LivingRoom_LED_1,Smart LED Bulb,Color Temperature,3500,Human,29.6,41.3,52.0,8.3,11.0,0.0,0,19.0,-720.0,0,,,,,
2026-05-27 20:09:23,TV_Plug_1,Smart Plug / Outlet,Switch State,On,Human,37.9,46.1,54.0,10.5,10.0,0.0,0,59.0,-720.0,0,,,,,
2026-05-27 22:08:00,Bedroom_LED_2,Smart LED Bulb,Power State,On,Human,36.3,43.5,55.0,21.1,19.0,0.0,0,177.6,-720.0,0,,,,,
2026-05-27 22:09:00,Bedroom_LED_2,Smart LED Bulb,Brightness,50,Human,40.7,34.5,42.0,13.7,22.0,0.0,0,178.6,-720.0,0,,,,,
2026-05-27 22:10:00,Bedroom_LED_2,Smart LED Bulb,Color Temperature,2700,Human,36.5,43.3,48.0,17.3,9.0,0.0,0,179.6,-720.0,0,,,,,
2026-05-27 22:42:00,Bedroom_AC_2,Smart Air Conditioner,Target Temperature,19,Human,38.4,41.4,45.0,18.6,7.0,0.0,0,211.6,-720.0,0,,,,,
2026-05-27 22:43:00,Bedroom_AC_2,Smart Air Conditioner,Operation Mode,Cool,Human,36.4,38.5,44.0,6.7,23.0,0.0,0,212.6,-720.0,0,,,,,
2026-05-27 22:48:00,LivingRoom_LED_1,Smart LED Bulb,Power State,Off,Human,39.9,37.9,51.0,7.8,13.0,0.0,0,217.6,-720.0,0,,,,,
2026-05-27 22:50:00,TV_Plug_1,Smart Plug / Outlet,Switch State,Off,Human,34.8,41.3,35.0,18.0,22.0,0.0,0,219.6,-720.0,0,,,,,
2026-05-27 22:51:00,FrontDoor_Cam_1,Security Camera,Privacy Mode,Disabled,Human,41.2,38.8,39.0,19.6,7.0,0.0,0,220.6,-720.0,0,,,,,
2026-05-27 22:51:00,Bedroom_Plug_1,Smart Plug / Outlet,Switch State,Off,Human,36.6,44.6,55.0,20.6,20.0,0.0,0,220.6,-720.0,0,,,,,
2026-05-28 06:13:54,LivingRoom_Blinds_1,Smart Blinds / Shades,Open/Close Percentage,99,Human,37.6,43.6,38.0,15.5,5.0,0.0,0,-720.0,-13.0,1,,,,,
2026-05-28 06:34:00,Garden_Irrigation_1,Smart Irrigation Controller,Zone 1 State,On,Human,38.9,43.3,43.0,16.8,13.0,0.0,0,-720.0,-33.1,1,,,,,
2026-05-28 06:58:00,LivingRoom_AC_1,Smart Air Conditioner,Target Temperature,21,Human,38.7,39.1,42.0,18.0,11.0,0.0,0,-720.0,-57.1,1,,,,,
2026-05-28 06:59:00,LivingRoom_AC_1,Smart Air Conditioner,Operation Mode,Cool,Human,36.1,41.0,48.0,15.7,15.0,0.0,0,-720.0,-58.1,1,,,,,
2026-05-28 07:00:00,LivingRoom_AC_1,Smart Air Conditioner,Fan Speed,Med,Human,36.1,39.2,56.0,12.2,7.0,0.0,0,-720.0,-59.1,1,,,,,
2026-05-28 07:51:00,Kitchen_Speaker_1,Smart Speaker / Receiver,Playback State,Play,Human,38.3,45.6,51.0,16.1,5.0,0.0,0,-679.8,-110.1,1,,,,,
2026-05-28 07:52:00,Kitchen_Speaker_1,Smart Speaker / Receiver,Volume Level,30,Human,35.3,43.5,53.0,23.2,14.0,0.0,0,-678.8,-111.1,1,,,,,
2026-05-28 08:58:00,Kitchen_Speaker_1,Smart Speaker / Receiver,Playback State,Stop,Human,36.1,40.0,54.0,13.9,6.0,7.9,0,-612.8,-177.1,1,,,,,
2026-05-28 12:49:00,LivingRoom_Fan_1,Smart Ceiling Fan,Power State,On,Human,36.0,42.0,52.0,11.7,15.0,11.6,0,-381.8,-408.1,1,,,,,
2026-05-28 12:50:00,LivingRoom_Fan_1,Smart Ceiling Fan,Fan Speed,High,Human,34.2,41.4,42.0,12.6,8.0,9.0,0,-380.8,-409.1,1,,,,,
2026-05-28 18:17:00,LivingRoom_Fan_1,Smart Ceiling Fan,Power State,Off,Human,36.8,38.7,36.0,18.8,5.0,0.0,0,-53.8,-720.0,1,,,,,
2026-05-28 18:53:46,LivingRoom_Blinds_1,Smart Blinds / Shades,Open/Close Percentage,0,Human,30.5,37.0,54.0,5.2,5.0,0.0,0,-17.0,-720.0,1,,,,,
2026-05-28 19:16:46,LivingRoom_LED_1,Smart LED Bulb,Power State,On,Human,36.5,42.1,43.0,21.5,21.0,0.0,0,6.0,-720.0,0,,,,,
2026-05-28 19:17:46,LivingRoom_LED_1,Smart LED Bulb,Brightness,70,Human,38.4,40.4,36.0,6.2,15.0,0.0,0,7.0,-720.0,0,,,,,
2026-05-28 19:18:46,LivingRoom_LED_1,Smart LED Bulb,Color Temperature,3500,Human,30.2,38.1,44.0,5.8,24.0,0.0,0,8.0,-720.0,0,,,,,
2026-05-28 20:02:46,TV_Plug_1,Smart Plug / Outlet,Switch State,On,Human,39.8,48.1,43.0,15.8,20.0,0.0,0,52.0,-720.0,0,,,,,
2026-05-28 22:03:00,Bedroom_LED_2,Smart LED Bulb,Power State,On,Human,36.0,39.3,36.0,14.9,9.0,0.0,0,172.2,-720.0,0,,,,,
2026-05-28 22:04:00,Bedroom_LED_2,Smart LED Bulb,Brightness,30,Human,36.1,40.6,36.0,10.6,17.0,0.0,0,173.2,-720.0,0,,,,,
2026-05-28 22:05:00,Bedroom_LED_2,Smart LED Bulb,Color Temperature,2700,Human,37.3,45.0,39.0,14.3,20.0,0.0,0,174.2,-720.0,0,,,,,
2026-05-28 22:16:00,Bedroom_AC_2,Smart Air Conditioner,Target Temperature,19,Human,32.9,45.6,52.0,13.3,19.0,0.0,0,185.2,-720.0,0,,,,,
2026-05-28 22:17:00,Bedroom_AC_2,Smart Air Conditioner,Operation Mode,Fan,Human,36.9,44.3,55.0,10.3,24.0,0.0,0,186.2,-720.0,0,,,,,
2026-05-28 22:54:00,FrontDoor_Cam_1,Security Camera,Privacy Mode,Disabled,Human,30.8,43.1,46.0,13.8,8.0,0.0,0,223.2,-720.0,0,,,,,
2026-05-28 23:08:00,LivingRoom_LED_1,Smart LED Bulb,Power State,Off,Human,28.8,43.7,46.0,21.2,23.0,0.0,0,237.2,-720.0,0,,,,,
2026-05-28 23:10:00,TV_Plug_1,Smart Plug / Outlet,Switch State,Off,Human,35.9,39.5,53.0,15.8,21.0,0.0,0,239.2,-720.0,0,,,,,
2026-05-28 23:11:00,Bedroom_Plug_1,Smart Plug / Outlet,Switch State,Off,Human,30.3,41.3,55.0,10.6,11.0,0.0,0,240.2,-720.0,0,,,,,
2026-05-29 06:27:00,Garden_Irrigation_1,Smart Irrigation Controller,Zone 1 State,On,Human,34.9,38.6,54.0,21.8,10.0,0.0,0,-720.0,-26.2,1,,,,,
2026-05-29 06:27:46,LivingRoom_Blinds_1,Smart Blinds / Shades,Open/Close Percentage,84,Human,34.1,37.4,46.0,9.6,5.0,0.0,0,-720.0,-27.0,1,,,,,
2026-05-29 07:00:00,LivingRoom_AC_1,Smart Air Conditioner,Target Temperature,21,Human,37.9,42.6,50.0,17.7,17.0,0.0,0,-720.0,-59.2,1,,,,,
2026-05-29 07:01:00,LivingRoom_AC_1,Smart Air Conditioner,Operation Mode,Cool,Human,40.2,40.0,45.0,23.2,8.0,0.0,0,-720.0,-60.2,1,,,,,
2026-05-29 07:02:00,LivingRoom_AC_1,Smart Air Conditioner,Fan Speed,Low,Human,36.4,38.1,43.0,13.0,12.0,0.0,0,-720.0,-61.2,1,,,,,
2026-05-29 08:04:00,Kitchen_Speaker_1,Smart Speaker / Receiver,Playback State,Play,Human,37.9,36.8,40.0,14.4,19.0,8.0,0,-667.2,-123.2,1,,,,,
2026-05-29 08:05:00,Kitchen_Speaker_1,Smart Speaker / Receiver,Volume Level,35,Human,38.0,45.0,50.0,16.5,16.0,8.7,0,-666.2,-124.2,1,,,,,
2026-05-29 09:07:00,Kitchen_Speaker_1,Smart Speaker / Receiver,Playback State,Stop,Human,35.2,39.2,55.0,7.3,9.0,8.2,0,-604.2,-186.2,1,,,,,
2026-05-29 13:12:00,LivingRoom_Fan_1,Smart Ceiling Fan,Power State,On,Human,39.1,44.8,36.0,12.9,16.0,9.9,0,-359.2,-431.2,1,,,,,
2026-05-29 13:13:00,LivingRoom_Fan_1,Smart Ceiling Fan,Fan Speed,High,Human,37.2,44.8,43.0,22.4,13.0,9.6,0,-358.2,-432.2,1,,,,,
2026-05-29 17:57:00,LivingRoom_Fan_1,Smart Ceiling Fan,Power State,Off,Human,37.0,40.1,42.0,10.2,21.0,7.3,0,-74.2,-716.2,1,,,,,
2026-05-29 18:58:09,LivingRoom_Blinds_1,Smart Blinds / Shades,Open/Close Percentage,0,Human,34.5,39.5,49.0,13.7,9.0,0.0,0,-13.0,-720.0,1,,,,,
2026-05-29 19:26:09,LivingRoom_LED_1,Smart LED Bulb,Power State,On,Human,32.5,49.4,35.0,13.6,11.0,0.0,0,15.0,-720.0,0,,,,,
2026-05-29 19:27:09,LivingRoom_LED_1,Smart LED Bulb,Brightness,75,Human,33.2,41.5,36.0,9.8,18.0,0.0,0,16.0,-720.0,0,,,,,
2026-05-29 19:28:09,LivingRoom_LED_1,Smart LED Bulb,Color Temperature,3000,Human,35.7,45.6,48.0,17.3,12.0,0.0,0,17.0,-720.0,0,,,,,
2026-05-29 19:48:09,TV_Plug_1,Smart Plug / Outlet,Switch State,On,Human,34.1,42.1,56.0,9.2,12.0,0.0,0,37.0,-720.0,0,,,,,
2026-05-29 21:53:00,Bedroom_LED_2,Smart LED Bulb,Power State,On,Human,31.4,45.3,45.0,21.6,5.0,0.0,0,161.8,-720.0,0,,,,,
2026-05-29 21:54:00,Bedroom_LED_2,Smart LED Bulb,Brightness,40,Human,39.2,38.7,39.0,16.5,16.0,0.0,0,162.8,-720.0,0,,,,,
2026-05-29 21:55:00,Bedroom_LED_2,Smart LED Bulb,Color Temperature,2700,Human,35.2,42.5,39.0,11.0,5.0,0.0,0,163.8,-720.0,0,,,,,
2026-05-29 22:24:00,Bedroom_AC_2,Smart Air Conditioner,Target Temperature,19,Human,35.1,42.2,44.0,13.2,15.0,0.0,0,192.8,-720.0,0,,,,,
2026-05-29 22:25:00,Bedroom_AC_2,Smart Air Conditioner,Operation Mode,Cool,Human,40.6,38.5,51.0,12.4,13.0,0.0,0,193.8,-720.0,0,,,,,
2026-05-29 22:50:00,FrontDoor_Cam_1,Security Camera,Privacy Mode,Enabled,Human,41.1,40.1,37.0,17.7,16.0,0.0,0,218.8,-720.0,0,,,,,
2026-05-29 23:10:00,LivingRoom_LED_1,Smart LED Bulb,Power State,Off,Human,35.3,43.7,56.0,8.2,19.0,0.0,0,238.8,-720.0,0,,,,,
2026-05-29 23:12:00,TV_Plug_1,Smart Plug / Outlet,Switch State,Off,Human,33.2,41.9,42.0,9.8,9.0,0.0,0,240.8,-720.0,0,,,,,
2026-05-29 23:13:00,Bedroom_Plug_1,Smart Plug / Outlet,Switch State,Off,Human,36.9,42.6,46.0,10.0,24.0,0.0,0,241.8,-720.0,0,,,,,
2026-05-30 06:23:00,Garden_Irrigation_1,Smart Irrigation Controller,Zone 1 State,On,Human,38.4,39.9,51.0,24.2,8.0,0.0,0,-720.0,-22.4,1,,,,,
2026-05-30 09:06:00,Hallway_Vacuum_1,Robot Vacuum,Cleaning State,Clean,Human,41.4,36.4,46.0,14.5,13.0,9.1,0,-605.5,-185.4,1,,,,,
2026-05-30 09:07:00,Hallway_Vacuum_1,Robot Vacuum,Suction Power,Max,Human,37.4,46.2,35.0,14.8,10.0,9.4,0,-604.5,-186.4,1,,,,,
2026-05-30 13:18:00,LivingRoom_Fan_1,Smart Ceiling Fan,Power State,On,Human,35.3,36.9,48.0,12.2,14.0,9.3,0,-353.5,-437.4,1,,,,,
2026-05-30 13:19:00,LivingRoom_Fan_1,Smart Ceiling Fan,Fan Speed,Med,Human,33.3,44.0,57.0,20.5,19.0,8.3,0,-352.5,-438.4,1,,,,,
2026-05-30 14:28:00,LivingRoom_AC_1,Smart Air Conditioner,Target Temperature,21,Human,37.4,42.6,42.0,18.9,8.0,7.8,0,-283.5,-507.4,1,,,,,
2026-05-30 14:29:00,LivingRoom_AC_1,Smart Air Conditioner,Operation Mode,Cool,Human,39.4,45.5,53.0,9.6,19.0,8.4,0,-282.5,-508.4,1,,,,,
2026-05-30 18:04:00,LivingRoom_Fan_1,Smart Ceiling Fan,Power State,Off,Human,36.9,40.3,49.0,17.2,13.0,0.0,0,-67.5,-720.0,1,,,,,
2026-05-30 19:26:32,LivingRoom_LED_1,Smart LED Bulb,Power State,On,Human,36.5,46.9,57.0,16.3,17.0,0.0,0,15.0,-720.0,0,,,,,
2026-05-30 19:27:32,LivingRoom_LED_1,Smart LED Bulb,Brightness,70,Human,37.0,43.7,44.0,18.4,8.0,0.0,0,16.0,-720.0,0,,,,,
2026-05-30 19:28:32,LivingRoom_LED_1,Smart LED Bulb,Color Temperature,3000,Human,33.4,48.8,52.0,8.7,5.0,0.0,0,17.0,-720.0,0,,,,,
2026-05-30 20:05:32,TV_Plug_1,Smart Plug / Outlet,Switch State,On,Human,36.8,37.8,42.0,10.8,9.0,0.0,0,54.0,-720.0,0,,,,,
2026-05-30 22:01:00,Bedroom_LED_2,Smart LED Bulb,Power State,On,Human,35.2,44.4,51.0,14.4,11.0,0.0,0,169.5,-720.0,0,,,,,
2026-05-30 22:02:00,Bedroom_LED_2,Smart LED Bulb,Brightness,50,Human,37.3,40.8,53.0,12.6,24.0,0.0,0,170.5,-720.0,0,,,,,
2026-05-30 22:03:00,Bedroom_LED_2,Smart LED Bulb,Color Temperature,3000,Human,35.6,40.1,52.0,0.7,16.0,0.0,0,171.5,-720.0,0,,,,,
2026-05-30 22:29:00,Bedroom_AC_2,Smart Air Conditioner,Target Temperature,19,Human,29.6,38.7,38.0,11.7,22.0,0.0,0,197.5,-720.0,0,,,,,
2026-05-30 22:30:00,Bedroom_AC_2,Smart Air Conditioner,Operation Mode,Fan,Human,38.3,43.3,47.0,17.0,17.0,0.0,0,198.5,-720.0,0,,,,,
2026-05-30 22:45:00,FrontDoor_Cam_1,Security Camera,Privacy Mode,Enabled,Human,36.6,45.6,57.0,17.7,13.0,0.0,0,213.5,-720.0,0,,,,,
2026-05-30 22:46:00,LivingRoom_LED_1,Smart LED Bulb,Power State,Off,Human,35.9,43.3,47.0,16.8,7.0,0.0,0,214.5,-720.0,0,,,,,
2026-05-30 22:48:00,TV_Plug_1,Smart Plug / Outlet,Switch State,Off,Human,36.2,40.5,50.0,13.0,9.0,0.0,0,216.5,-720.0,0,,,,,
2026-05-30 22:49:00,Bedroom_Plug_1,Smart Plug / Outlet,Switch State,Off,Human,32.9,39.7,49.0,3.0,12.0,0.0,0,217.5,-720.0,0,,,,,
2026-06-09T16:16:00.484Z,FrontDoor_Cam_1,,Privacy Mode,Off,Human,25.0,25.0,60.0,10.0,50.0,3.0,0,163.2,-720.0,0,Entrance,Security Camera,camera,On,"{'timestamp': '2026-06-09T14:37:44.871718', 'parameter': 'Privacy Mode', 'predicted_value': None, 'confidence': 0.5295, 'status': 'Suppressed', 'reason': 'confidence 0.53 < threshold 0.7', 'is_correction': True}"
2026-06-09T16:15:58.403Z,FrontDoor_Cam_1,,Privacy Mode,On,Human,25.0,25.0,60.0,10.0,50.0,3.0,0,163.2,-720.0,0,Entrance,Security Camera,camera,Off,"{'timestamp': '2026-06-09T14:37:44.871718', 'parameter': 'Privacy Mode', 'predicted_value': None, 'confidence': 0.5295, 'status': 'Suppressed', 'reason': 'confidence 0.53 < threshold 0.7', 'is_correction': True}"
2026-06-09T16:15:17.446Z,Bedroom_AC_2,,Target Temperature,16,Human,25.0,25.0,60.0,10.0,50.0,3.0,0,163.2,-720.0,0,Master Bedroom,Bedroom AC,ac,17,"{'timestamp': '2026-06-09T14:37:44.853996', 'parameter': 'Operation Mode', 'predicted_value': 'Cool', 'confidence': 0.7194, 'status': 'Executed', 'reason': 'OK', 'is_correction': True}"
2026-06-09T16:15:17.367Z,Bedroom_AC_2,,Target Temperature,17,Human,25.0,25.0,60.0,10.0,50.0,3.0,0,163.2,-720.0,0,Master Bedroom,Bedroom AC,ac,18,"{'timestamp': '2026-06-09T14:37:44.853996', 'parameter': 'Operation Mode', 'predicted_value': 'Cool', 'confidence': 0.7194, 'status': 'Executed', 'reason': 'OK', 'is_correction': True}"
2026-06-09T16:15:17.284Z,Bedroom_AC_2,,Target Temperature,18,Human,25.0,25.0,60.0,10.0,50.0,3.0,0,163.2,-720.0,0,Master Bedroom,Bedroom AC,ac,19.03,"{'timestamp': '2026-06-09T14:37:44.853996', 'parameter': 'Operation Mode', 'predicted_value': 'Cool', 'confidence': 0.7194, 'status': 'Executed', 'reason': 'OK', 'is_correction': True}"
2026-06-09T16:15:12.326Z,Bedroom_AC_2,,Operation Mode,Cool,Human,25.0,25.0,60.0,10.0,50.0,3.0,0,163.2,-720.0,0,Master Bedroom,Bedroom AC,ac,Off,"{'timestamp': '2026-06-09T14:37:44.853996', 'parameter': 'Operation Mode', 'predicted_value': 'Cool', 'confidence': 0.7194, 'status': 'Executed', 'reason': 'OK', 'is_correction': True}"
2026-06-09T16:15:08.671Z,Bedroom_AC_2,,Operation Mode,Off,Human,25.0,25.0,60.0,10.0,50.0,3.0,0,163.2,-720.0,0,Master Bedroom,Bedroom AC,ac,Cool,"{'timestamp': '2026-06-09T14:37:44.853996', 'parameter': 'Operation Mode', 'predicted_value': 'Cool', 'confidence': 0.7194, 'status': 'Executed', 'reason': 'OK', 'is_correction': True}"
2026-06-09T16:15:03.210Z,Bedroom_Fan_2,,Power State,Off,Human,25.0,25.0,60.0,10.0,50.0,3.0,0,163.2,-720.0,0,Master Bedroom,Quiet Fan,fan,On,
2026-06-09T16:14:58.504Z,Bedroom_Fan_2,,Power State,On,Human,25.0,25.0,60.0,10.0,50.0,3.0,0,163.2,-720.0,0,Master Bedroom,Quiet Fan,fan,Off,
2026-06-09T16:14:57.912Z,Bedroom_Fan_2,,Power State,Off,Human,25.0,25.0,60.0,10.0,50.0,3.0,0,163.2,-720.0,0,Master Bedroom,Quiet Fan,fan,On,
2026-06-09T16:14:57.426Z,Bedroom_Fan_2,,Power State,On,Human,25.0,25.0,60.0,10.0,50.0,3.0,0,163.2,-720.0,0,Master Bedroom,Quiet Fan,fan,Off,
2026-06-09T15:50:03.563Z,LivingRoom_AC_1,,Operation Mode,Cool,Human,25.0,25.0,60.0,10.0,50.0,3.0,0,163.2,-720.0,0,Living Room,Climate AC,ac,Off,"{'timestamp': '2026-06-09T14:37:44.883243', 'parameter': 'Operation Mode', 'predicted_value': 'Cool', 'confidence': 0.7134, 'status': 'Executed', 'reason': 'OK', 'is_correction': True}"
2026-06-09T15:50:02.363Z,LivingRoom_AC_1,,Operation Mode,Off,Human,25.0,25.0,60.0,10.0,50.0,3.0,0,163.2,-720.0,0,Living Room,Climate AC,ac,Cool,"{'timestamp': '2026-06-09T14:37:44.883243', 'parameter': 'Operation Mode', 'predicted_value': 'Cool', 'confidence': 0.7134, 'status': 'Executed', 'reason': 'OK', 'is_correction': True}"
2026-06-09T15:49:51.674Z,LivingRoom_LED_1,,Power State,On,Human,25.0,25.0,60.0,10.0,50.0,3.0,0,163.2,-720.0,0,Living Room,Smart Lights,light,Off,"{'timestamp': '2026-06-09T14:37:45.491412', 'parameter': 'Color Temperature', 'predicted_value': None, 'confidence': None, 'status': 'No Model', 'reason': 'model_dropped_or_not_trained', 'is_correction': True}"
2026-06-09T15:49:47.140Z,LivingRoom_LED_1,,Power State,Off,Human,25.0,25.0,60.0,10.0,50.0,3.0,0,163.2,-720.0,0,Living Room,Smart Lights,light,On,"{'timestamp': '2026-06-09T14:37:45.491412', 'parameter': 'Color Temperature', 'predicted_value': None, 'confidence': None, 'status': 'No Model', 'reason': 'model_dropped_or_not_trained', 'is_correction': True}"
2026-06-10T02:48:46.331Z,LivingRoom_AC_1,Smart Air Conditioner,Target Temperature,24,Human,25.0,25.0,60.0,10.0,50.0,3.0,0,-656.7,-138.4,1,Living Room,,,22,"{'parameter': 'Target Temperature', 'validated_value': 22, 'confidence': 0.85, 'timestamp': '2026-06-10T02:47:46.331Z', 'reason': 'Hot weather detected'}"
2026-06-10T02:48:55.528Z,LivingRoom_AC_1,Smart Air Conditioner,Target Temperature,24,Human,25.0,25.0,60.0,10.0,50.0,3.0,0,-656.5,-138.5,1,Living Room,,,22,"{'parameter': 'Target Temperature', 'validated_value': 22, 'confidence': 0.85, 'timestamp': '2026-06-10T02:47:55.528Z', 'reason': 'Hot weather detected'}"
2026-06-10T07:14:36.760Z,LivingRoom_Fan_1,,Power State,On,Human,25.0,25.0,60.0,10.0,50.0,3.0,0,22.2,-720.0,0,Living Room,Ceiling Fan,fan,Off,"{'timestamp': '2026-06-10T07:14:13.264Z', 'parameter': 'Power State', 'predicted_value': 'On', 'confidence': 0.7253, 'status': 'Executed', 'reason': 'OK', 'is_correction': True}"
2026-06-10T07:10:21.268Z,LivingRoom_Fan_1,,Power State,Off,Human,25.0,25.0,60.0,10.0,50.0,3.0,0,22.2,-720.0,0,Living Room,Ceiling Fan,fan,On,"{'timestamp': '2026-06-10T07:10:10.699Z', 'parameter': 'Power State', 'predicted_value': 'On', 'confidence': 0.7269, 'status': 'Executed', 'reason': 'OK', 'is_correction': True}"
2026-06-10T06:56:17.278Z,LivingRoom_LED_1,,Brightness,72,Human,25.0,25.0,60.0,10.0,50.0,3.0,0,22.2,-720.0,0,Living Room,Smart Lights,light,35,"{'timestamp': '2026-06-10T06:56:10.973Z', 'parameter': 'Power State', 'predicted_value': 'On', 'confidence': 0.99, 'status': 'Executed', 'reason': 'OK', 'is_correction': True}"
2026-06-10T06:56:17.139Z,LivingRoom_LED_1,,Brightness,35,Human,25.0,25.0,60.0,10.0,50.0,3.0,0,22.2,-720.0,0,Living Room,Smart Lights,light,33,"{'timestamp': '2026-06-10T06:56:10.973Z', 'parameter': 'Power State', 'predicted_value': 'On', 'confidence': 0.99, 'status': 'Executed', 'reason': 'OK', 'is_correction': True}"
2026-06-10T06:56:17.065Z,LivingRoom_LED_1,,Brightness,33,Human,25.0,25.0,60.0,10.0,50.0,3.0,0,22.2,-720.0,0,Living Room,Smart Lights,light,66.71,"{'timestamp': '2026-06-10T06:56:10.973Z', 'parameter': 'Power State', 'predicted_value': 'On', 'confidence': 0.99, 'status': 'Executed', 'reason': 'OK', 'is_correction': True}"
2026-06-10T14:45:48.910Z,LivingRoom_AC_1,Smart Air Conditioner,Target Temperature,24,Human,25.0,25.0,60.0,10.0,50.0,3.0,0,60.4,-720.0,0,Living Room,,,22.0,"{'parameter': 'Target Temperature', 'validated_value': 22, 'confidence': 0.85, 'timestamp': '2026-06-10T14:44:48.910Z', 'reason': 'Hot weather detected'}"
2026-06-10T14:42:54.292Z,LivingRoom_Blinds_1,Smart Motorized Blinds,Open/Close Percentage,43,Human,25.0,25.0,60.0,10.0,50.0,3.0,0,60.4,-720.0,0,Living Room,Window Blinds,blinds,44.0,"{'timestamp': '2026-06-10T14:42:41.450Z', 'parameter': 'Open/Close Percentage', 'predicted_value': 62.43, 'confidence': 0.72, 'status': 'Executed', 'reason': 'OK', 'is_correction': True}"
2026-06-10T14:42:54.244Z,LivingRoom_Blinds_1,Smart Motorized Blinds,Open/Close Percentage,44,Human,25.0,25.0,60.0,10.0,50.0,3.0,0,60.4,-720.0,0,Living Room,Window Blinds,blinds,45.0,"{'timestamp': '2026-06-10T14:42:41.450Z', 'parameter': 'Open/Close Percentage', 'predicted_value': 62.43, 'confidence': 0.72, 'status': 'Executed', 'reason': 'OK', 'is_correction': True}"
2026-06-10T14:42:54.229Z,LivingRoom_Blinds_1,Smart Motorized Blinds,Open/Close Percentage,45,Human,25.0,25.0,60.0,10.0,50.0,3.0,0,60.4,-720.0,0,Living Room,Window Blinds,blinds,48.0,"{'timestamp': '2026-06-10T14:42:41.450Z', 'parameter': 'Open/Close Percentage', 'predicted_value': 62.43, 'confidence': 0.72, 'status': 'Executed', 'reason': 'OK', 'is_correction': True}"
2026-06-10T14:42:54.208Z,LivingRoom_Blinds_1,Smart Motorized Blinds,Open/Close Percentage,48,Human,25.0,25.0,60.0,10.0,50.0,3.0,0,60.4,-720.0,0,Living Room,Window Blinds,blinds,49.0,"{'timestamp': '2026-06-10T14:42:41.450Z', 'parameter': 'Open/Close Percentage', 'predicted_value': 62.43, 'confidence': 0.72, 'status': 'Executed', 'reason': 'OK', 'is_correction': True}"
2026-06-10T14:42:54.195Z,LivingRoom_Blinds_1,Smart Motorized Blinds,Open/Close Percentage,49,Human,25.0,25.0,60.0,10.0,50.0,3.0,0,60.4,-720.0,0,Living Room,Window Blinds,blinds,50.0,"{'timestamp': '2026-06-10T14:42:41.450Z', 'parameter': 'Open/Close Percentage', 'predicted_value': 62.43, 'confidence': 0.72, 'status': 'Executed', 'reason': 'OK', 'is_correction': True}"
2026-06-10T14:42:53.887Z,LivingRoom_Blinds_1,Smart Motorized Blinds,Open/Close Percentage,50,Human,25.0,25.0,60.0,10.0,50.0,3.0,0,60.4,-720.0,0,Living Room,Window Blinds,blinds,49.0,"{'timestamp': '2026-06-10T14:42:41.450Z', 'parameter': 'Open/Close Percentage', 'predicted_value': 62.43, 'confidence': 0.72, 'status': 'Executed', 'reason': 'OK', 'is_correction': True}"
2026-06-10T14:42:53.873Z,LivingRoom_Blinds_1,Smart Motorized Blinds,Open/Close Percentage,49,Human,25.0,25.0,60.0,10.0,50.0,3.0,0,60.4,-720.0,0,Living Room,Window Blinds,blinds,46.0,"{'timestamp': '2026-06-10T14:42:41.450Z', 'parameter': 'Open/Close Percentage', 'predicted_value': 62.43, 'confidence': 0.72, 'status': 'Executed', 'reason': 'OK', 'is_correction': True}"
2026-06-10T14:42:53.858Z,LivingRoom_Blinds_1,Smart Motorized Blinds,Open/Close Percentage,46,Human,25.0,25.0,60.0,10.0,50.0,3.0,0,60.4,-720.0,0,Living Room,Window Blinds,blinds,44.0,"{'timestamp': '2026-06-10T14:42:41.450Z', 'parameter': 'Open/Close Percentage', 'predicted_value': 62.43, 'confidence': 0.72, 'status': 'Executed', 'reason': 'OK', 'is_correction': True}"
2026-06-10T14:42:53.842Z,LivingRoom_Blinds_1,Smart Motorized Blinds,Open/Close Percentage,44,Human,25.0,25.0,60.0,10.0,50.0,3.0,0,60.4,-720.0,0,Living Room,Window Blinds,blinds,43.0,"{'timestamp': '2026-06-10T14:42:41.450Z', 'parameter': 'Open/Close Percentage', 'predicted_value': 62.43, 'confidence': 0.72, 'status': 'Executed', 'reason': 'OK', 'is_correction': True}"
2026-06-10T14:42:53.827Z,LivingRoom_Blinds_1,Smart Motorized Blinds,Open/Close Percentage,43,Human,25.0,25.0,60.0,10.0,50.0,3.0,0,60.4,-720.0,0,Living Room,Window Blinds,blinds,42.0,"{'timestamp': '2026-06-10T14:42:41.450Z', 'parameter': 'Open/Close Percentage', 'predicted_value': 62.43, 'confidence': 0.72, 'status': 'Executed', 'reason': 'OK', 'is_correction': True}"
2026-06-10T14:42:53.797Z,LivingRoom_Blinds_1,Smart Motorized Blinds,Open/Close Percentage,42,Human,25.0,25.0,60.0,10.0,50.0,3.0,0,60.4,-720.0,0,Living Room,Window Blinds,blinds,41.0,"{'timestamp': '2026-06-10T14:42:41.450Z', 'parameter': 'Open/Close Percentage', 'predicted_value': 62.43, 'confidence': 0.72, 'status': 'Executed', 'reason': 'OK', 'is_correction': True}"
2026-06-10T14:42:53.781Z,LivingRoom_Blinds_1,Smart Motorized Blinds,Open/Close Percentage,41,Human,25.0,25.0,60.0,10.0,50.0,3.0,0,60.4,-720.0,0,Living Room,Window Blinds,blinds,40.0,"{'timestamp': '2026-06-10T14:42:41.450Z', 'parameter': 'Open/Close Percentage', 'predicted_value': 62.43, 'confidence': 0.72, 'status': 'Executed', 'reason': 'OK', 'is_correction': True}"
2026-06-10T14:42:53.762Z,LivingRoom_Blinds_1,Smart Motorized Blinds,Open/Close Percentage,40,Human,25.0,25.0,60.0,10.0,50.0,3.0,0,60.4,-720.0,0,Living Room,Window Blinds,blinds,35.0,"{'timestamp': '2026-06-10T14:42:41.450Z', 'parameter': 'Open/Close Percentage', 'predicted_value': 62.43, 'confidence': 0.72, 'status': 'Executed', 'reason': 'OK', 'is_correction': True}"
2026-06-10T14:42:53.746Z,LivingRoom_Blinds_1,Smart Motorized Blinds,Open/Close Percentage,35,Human,25.0,25.0,60.0,10.0,50.0,3.0,0,60.4,-720.0,0,Living Room,Window Blinds,blinds,31.0,"{'timestamp': '2026-06-10T14:42:41.450Z', 'parameter': 'Open/Close Percentage', 'predicted_value': 62.43, 'confidence': 0.72, 'status': 'Executed', 'reason': 'OK', 'is_correction': True}"
2026-06-10T14:42:53.727Z,LivingRoom_Blinds_1,Smart Motorized Blinds,Open/Close Percentage,31,Human,25.0,25.0,60.0,10.0,50.0,3.0,0,60.4,-720.0,0,Living Room,Window Blinds,blinds,27.0,"{'timestamp': '2026-06-10T14:42:41.450Z', 'parameter': 'Open/Close Percentage', 'predicted_value': 62.43, 'confidence': 0.72, 'status': 'Executed', 'reason': 'OK', 'is_correction': True}"
2026-06-10T14:42:53.712Z,LivingRoom_Blinds_1,Smart Motorized Blinds,Open/Close Percentage,27,Human,25.0,25.0,60.0,10.0,50.0,3.0,0,60.4,-720.0,0,Living Room,Window Blinds,blinds,25.0,"{'timestamp': '2026-06-10T14:42:41.450Z', 'parameter': 'Open/Close Percentage', 'predicted_value': 62.43, 'confidence': 0.72, 'status': 'Executed', 'reason': 'OK', 'is_correction': True}"
2026-06-10T14:42:53.697Z,LivingRoom_Blinds_1,Smart Motorized Blinds,Open/Close Percentage,25,Human,25.0,25.0,60.0,10.0,50.0,3.0,0,60.4,-720.0,0,Living Room,Window Blinds,blinds,24.0,"{'timestamp': '2026-06-10T14:42:41.450Z', 'parameter': 'Open/Close Percentage', 'predicted_value': 62.43, 'confidence': 0.72, 'status': 'Executed', 'reason': 'OK', 'is_correction': True}"
2026-06-10T14:42:53.682Z,LivingRoom_Blinds_1,Smart Motorized Blinds,Open/Close Percentage,24,Human,25.0,25.0,60.0,10.0,50.0,3.0,0,60.4,-720.0,0,Living Room,Window Blinds,blinds,22.0,"{'timestamp': '2026-06-10T14:42:41.450Z', 'parameter': 'Open/Close Percentage', 'predicted_value': 62.43, 'confidence': 0.72, 'status': 'Executed', 'reason': 'OK', 'is_correction': True}"
2026-06-10T14:42:53.663Z,LivingRoom_Blinds_1,Smart Motorized Blinds,Open/Close Percentage,22,Human,25.0,25.0,60.0,10.0,50.0,3.0,0,60.4,-720.0,0,Living Room,Window Blinds,blinds,19.0,"{'timestamp': '2026-06-10T14:42:41.450Z', 'parameter': 'Open/Close Percentage', 'predicted_value': 62.43, 'confidence': 0.72, 'status': 'Executed', 'reason': 'OK', 'is_correction': True}"
2026-06-10T14:42:53.649Z,LivingRoom_Blinds_1,Smart Motorized Blinds,Open/Close Percentage,19,Human,25.0,25.0,60.0,10.0,50.0,3.0,0,60.4,-720.0,0,Living Room,Window Blinds,blinds,17.0,"{'timestamp': '2026-06-10T14:42:41.450Z', 'parameter': 'Open/Close Percentage', 'predicted_value': 62.43, 'confidence': 0.72, 'status': 'Executed', 'reason': 'OK', 'is_correction': True}"
2026-06-10T14:42:53.633Z,LivingRoom_Blinds_1,Smart Motorized Blinds,Open/Close Percentage,17,Human,25.0,25.0,60.0,10.0,50.0,3.0,0,60.4,-720.0,0,Living Room,Window Blinds,blinds,14.0,"{'timestamp': '2026-06-10T14:42:41.450Z', 'parameter': 'Open/Close Percentage', 'predicted_value': 62.43, 'confidence': 0.72, 'status': 'Executed', 'reason': 'OK', 'is_correction': True}"
2026-06-10T14:42:53.614Z,LivingRoom_Blinds_1,Smart Motorized Blinds,Open/Close Percentage,14,Human,25.0,25.0,60.0,10.0,50.0,3.0,0,60.4,-720.0,0,Living Room,Window Blinds,blinds,10.0,"{'timestamp': '2026-06-10T14:42:41.450Z', 'parameter': 'Open/Close Percentage', 'predicted_value': 62.43, 'confidence': 0.72, 'status': 'Executed', 'reason': 'OK', 'is_correction': True}"
2026-06-10T14:42:53.583Z,LivingRoom_Blinds_1,Smart Motorized Blinds,Open/Close Percentage,10,Human,25.0,25.0,60.0,10.0,50.0,3.0,0,60.4,-720.0,0,Living Room,Window Blinds,blinds,9.0,"{'timestamp': '2026-06-10T14:42:41.450Z', 'parameter': 'Open/Close Percentage', 'predicted_value': 62.43, 'confidence': 0.72, 'status': 'Executed', 'reason': 'OK', 'is_correction': True}"
2026-06-10T14:42:53.434Z,LivingRoom_Blinds_1,Smart Motorized Blinds,Open/Close Percentage,9,Human,25.0,25.0,60.0,10.0,50.0,3.0,0,60.4,-720.0,0,Living Room,Window Blinds,blinds,10.0,"{'timestamp': '2026-06-10T14:42:41.450Z', 'parameter': 'Open/Close Percentage', 'predicted_value': 62.43, 'confidence': 0.72, 'status': 'Executed', 'reason': 'OK', 'is_correction': True}"
2026-06-10T14:42:53.408Z,LivingRoom_Blinds_1,Smart Motorized Blinds,Open/Close Percentage,10,Human,25.0,25.0,60.0,10.0,50.0,3.0,0,60.4,-720.0,0,Living Room,Window Blinds,blinds,11.0,"{'timestamp': '2026-06-10T14:42:41.450Z', 'parameter': 'Open/Close Percentage', 'predicted_value': 62.43, 'confidence': 0.72, 'status': 'Executed', 'reason': 'OK', 'is_correction': True}"
2026-06-10T14:42:53.384Z,LivingRoom_Blinds_1,Smart Motorized Blinds,Open/Close Percentage,11,Human,25.0,25.0,60.0,10.0,50.0,3.0,0,60.4,-720.0,0,Living Room,Window Blinds,blinds,12.0,"{'timestamp': '2026-06-10T14:42:41.450Z', 'parameter': 'Open/Close Percentage', 'predicted_value': 62.43, 'confidence': 0.72, 'status': 'Executed', 'reason': 'OK', 'is_correction': True}"
2026-06-10T14:42:53.359Z,LivingRoom_Blinds_1,Smart Motorized Blinds,Open/Close Percentage,12,Human,25.0,25.0,60.0,10.0,50.0,3.0,0,60.4,-720.0,0,Living Room,Window Blinds,blinds,13.0,"{'timestamp': '2026-06-10T14:42:41.450Z', 'parameter': 'Open/Close Percentage', 'predicted_value': 62.43, 'confidence': 0.72, 'status': 'Executed', 'reason': 'OK', 'is_correction': True}"
2026-06-10T14:42:53.335Z,LivingRoom_Blinds_1,Smart Motorized Blinds,Open/Close Percentage,13,Human,25.0,25.0,60.0,10.0,50.0,3.0,0,60.4,-720.0,0,Living Room,Window Blinds,blinds,19.0,"{'timestamp': '2026-06-10T14:42:41.450Z', 'parameter': 'Open/Close Percentage', 'predicted_value': 62.43, 'confidence': 0.72, 'status': 'Executed', 'reason': 'OK', 'is_correction': True}"
2026-06-10T14:42:53.309Z,LivingRoom_Blinds_1,Smart Motorized Blinds,Open/Close Percentage,19,Human,25.0,25.0,60.0,10.0,50.0,3.0,0,60.4,-720.0,0,Living Room,Window Blinds,blinds,21.0,"{'timestamp': '2026-06-10T14:42:41.450Z', 'parameter': 'Open/Close Percentage', 'predicted_value': 62.43, 'confidence': 0.72, 'status': 'Executed', 'reason': 'OK', 'is_correction': True}"
2026-06-10T14:42:53.286Z,LivingRoom_Blinds_1,Smart Motorized Blinds,Open/Close Percentage,21,Human,25.0,25.0,60.0,10.0,50.0,3.0,0,60.4,-720.0,0,Living Room,Window Blinds,blinds,22.0,"{'timestamp': '2026-06-10T14:42:41.450Z', 'parameter': 'Open/Close Percentage', 'predicted_value': 62.43, 'confidence': 0.72, 'status': 'Executed', 'reason': 'OK', 'is_correction': True}"
2026-06-10T14:42:53.244Z,LivingRoom_Blinds_1,Smart Motorized Blinds,Open/Close Percentage,22,Human,25.0,25.0,60.0,10.0,50.0,3.0,0,60.4,-720.0,0,Living Room,Window Blinds,blinds,26.0,"{'timestamp': '2026-06-10T14:42:41.450Z', 'parameter': 'Open/Close Percentage', 'predicted_value': 62.43, 'confidence': 0.72, 'status': 'Executed', 'reason': 'OK', 'is_correction': True}"
2026-06-10T14:42:53.227Z,LivingRoom_Blinds_1,Smart Motorized Blinds,Open/Close Percentage,26,Human,25.0,25.0,60.0,10.0,50.0,3.0,0,60.4,-720.0,0,Living Room,Window Blinds,blinds,35.0,"{'timestamp': '2026-06-10T14:42:41.450Z', 'parameter': 'Open/Close Percentage', 'predicted_value': 62.43, 'confidence': 0.72, 'status': 'Executed', 'reason': 'OK', 'is_correction': True}"
2026-06-10T14:42:53.212Z,LivingRoom_Blinds_1,Smart Motorized Blinds,Open/Close Percentage,35,Human,25.0,25.0,60.0,10.0,50.0,3.0,0,60.4,-720.0,0,Living Room,Window Blinds,blinds,42.0,"{'timestamp': '2026-06-10T14:42:41.450Z', 'parameter': 'Open/Close Percentage', 'predicted_value': 62.43, 'confidence': 0.72, 'status': 'Executed', 'reason': 'OK', 'is_correction': True}"
2026-06-10T14:42:53.199Z,LivingRoom_Blinds_1,Smart Motorized Blinds,Open/Close Percentage,42,Human,25.0,25.0,60.0,10.0,50.0,3.0,0,60.4,-720.0,0,Living Room,Window Blinds,blinds,48.0,"{'timestamp': '2026-06-10T14:42:41.450Z', 'parameter': 'Open/Close Percentage', 'predicted_value': 62.43, 'confidence': 0.72, 'status': 'Executed', 'reason': 'OK', 'is_correction': True}"
2026-06-10T14:42:53.186Z,LivingRoom_Blinds_1,Smart Motorized Blinds,Open/Close Percentage,48,Human,25.0,25.0,60.0,10.0,50.0,3.0,0,60.4,-720.0,0,Living Room,Window Blinds,blinds,50.0,"{'timestamp': '2026-06-10T14:42:41.450Z', 'parameter': 'Open/Close Percentage', 'predicted_value': 62.43, 'confidence': 0.72, 'status': 'Executed', 'reason': 'OK', 'is_correction': True}"
2026-06-10T14:42:53.173Z,LivingRoom_Blinds_1,Smart Motorized Blinds,Open/Close Percentage,50,Human,25.0,25.0,60.0,10.0,50.0,3.0,0,60.4,-720.0,0,Living Room,Window Blinds,blinds,51.0,"{'timestamp': '2026-06-10T14:42:41.450Z', 'parameter': 'Open/Close Percentage', 'predicted_value': 62.43, 'confidence': 0.72, 'status': 'Executed', 'reason': 'OK', 'is_correction': True}"
2026-06-10T14:42:53.014Z,LivingRoom_Blinds_1,Smart Motorized Blinds,Open/Close Percentage,51,Human,25.0,25.0,60.0,10.0,50.0,3.0,0,60.4,-720.0,0,Living Room,Window Blinds,blinds,50.0,"{'timestamp': '2026-06-10T14:42:41.450Z', 'parameter': 'Open/Close Percentage', 'predicted_value': 62.43, 'confidence': 0.72, 'status': 'Executed', 'reason': 'OK', 'is_correction': True}"
2026-06-10T14:42:52.954Z,LivingRoom_Blinds_1,Smart Motorized Blinds,Open/Close Percentage,50,Human,25.0,25.0,60.0,10.0,50.0,3.0,0,60.4,-720.0,0,Living Room,Window Blinds,blinds,49.0,"{'timestamp': '2026-06-10T14:42:41.450Z', 'parameter': 'Open/Close Percentage', 'predicted_value': 62.43, 'confidence': 0.72, 'status': 'Executed', 'reason': 'OK', 'is_correction': True}"
2026-06-10T14:42:52.940Z,LivingRoom_Blinds_1,Smart Motorized Blinds,Open/Close Percentage,49,Human,25.0,25.0,60.0,10.0,50.0,3.0,0,60.4,-720.0,0,Living Room,Window Blinds,blinds,48.0,"{'timestamp': '2026-06-10T14:42:41.450Z', 'parameter': 'Open/Close Percentage', 'predicted_value': 62.43, 'confidence': 0.72, 'status': 'Executed', 'reason': 'OK', 'is_correction': True}"
2026-06-10T14:42:52.920Z,LivingRoom_Blinds_1,Smart Motorized Blinds,Open/Close Percentage,48,Human,25.0,25.0,60.0,10.0,50.0,3.0,0,60.4,-720.0,0,Living Room,Window Blinds,blinds,47.0,"{'timestamp': '2026-06-10T14:42:41.450Z', 'parameter': 'Open/Close Percentage', 'predicted_value': 62.43, 'confidence': 0.72, 'status': 'Executed', 'reason': 'OK', 'is_correction': True}"
2026-06-10T14:42:52.904Z,LivingRoom_Blinds_1,Smart Motorized Blinds,Open/Close Percentage,47,Human,25.0,25.0,60.0,10.0,50.0,3.0,0,60.4,-720.0,0,Living Room,Window Blinds,blinds,46.0,"{'timestamp': '2026-06-10T14:42:41.450Z', 'parameter': 'Open/Close Percentage', 'predicted_value': 62.43, 'confidence': 0.72, 'status': 'Executed', 'reason': 'OK', 'is_correction': True}"
2026-06-10T14:42:52.890Z,LivingRoom_Blinds_1,Smart Motorized Blinds,Open/Close Percentage,46,Human,25.0,25.0,60.0,10.0,50.0,3.0,0,60.4,-720.0,0,Living Room,Window Blinds,blinds,43.0,"{'timestamp': '2026-06-10T14:42:41.450Z', 'parameter': 'Open/Close Percentage', 'predicted_value': 62.43, 'confidence': 0.72, 'status': 'Executed', 'reason': 'OK', 'is_correction': True}"
2026-06-10T14:42:52.875Z,LivingRoom_Blinds_1,Smart Motorized Blinds,Open/Close Percentage,43,Human,25.0,25.0,60.0,10.0,50.0,3.0,0,60.4,-720.0,0,Living Room,Window Blinds,blinds,40.0,"{'timestamp': '2026-06-10T14:42:41.450Z', 'parameter': 'Open/Close Percentage', 'predicted_value': 62.43, 'confidence': 0.72, 'status': 'Executed', 'reason': 'OK', 'is_correction': True}"
2026-06-10T14:42:52.860Z,LivingRoom_Blinds_1,Smart Motorized Blinds,Open/Close Percentage,40,Human,25.0,25.0,60.0,10.0,50.0,3.0,0,60.4,-720.0,0,Living Room,Window Blinds,blinds,33.0,"{'timestamp': '2026-06-10T14:42:41.450Z', 'parameter': 'Open/Close Percentage', 'predicted_value': 62.43, 'confidence': 0.72, 'status': 'Executed', 'reason': 'OK', 'is_correction': True}"
2026-06-10T14:42:52.837Z,LivingRoom_Blinds_1,Smart Motorized Blinds,Open/Close Percentage,33,Human,25.0,25.0,60.0,10.0,50.0,3.0,0,60.4,-720.0,0,Living Room,Window Blinds,blinds,28.0,"{'timestamp': '2026-06-10T14:42:41.450Z', 'parameter': 'Open/Close Percentage', 'predicted_value': 62.43, 'confidence': 0.72, 'status': 'Executed', 'reason': 'OK', 'is_correction': True}"
2026-06-10T14:42:52.813Z,LivingRoom_Blinds_1,Smart Motorized Blinds,Open/Close Percentage,28,Human,25.0,25.0,60.0,10.0,50.0,3.0,0,60.4,-720.0,0,Living Room,Window Blinds,blinds,23.0,"{'timestamp': '2026-06-10T14:42:41.450Z', 'parameter': 'Open/Close Percentage', 'predicted_value': 62.43, 'confidence': 0.72, 'status': 'Executed', 'reason': 'OK', 'is_correction': True}"
2026-06-10T14:42:52.789Z,LivingRoom_Blinds_1,Smart Motorized Blinds,Open/Close Percentage,23,Human,25.0,25.0,60.0,10.0,50.0,3.0,0,60.4,-720.0,0,Living Room,Window Blinds,blinds,17.0,"{'timestamp': '2026-06-10T14:42:41.450Z', 'parameter': 'Open/Close Percentage', 'predicted_value': 62.43, 'confidence': 0.72, 'status': 'Executed', 'reason': 'OK', 'is_correction': True}"
2026-06-10T14:42:52.765Z,LivingRoom_Blinds_1,Smart Motorized Blinds,Open/Close Percentage,17,Human,25.0,25.0,60.0,10.0,50.0,3.0,0,60.4,-720.0,0,Living Room,Window Blinds,blinds,6.0,"{'timestamp': '2026-06-10T14:42:41.450Z', 'parameter': 'Open/Close Percentage', 'predicted_value': 62.43, 'confidence': 0.72, 'status': 'Executed', 'reason': 'OK', 'is_correction': True}"
2026-06-10T14:42:52.739Z,LivingRoom_Blinds_1,Smart Motorized Blinds,Open/Close Percentage,6,Human,25.0,25.0,60.0,10.0,50.0,3.0,0,60.4,-720.0,0,Living Room,Window Blinds,blinds,3.0,"{'timestamp': '2026-06-10T14:42:41.450Z', 'parameter': 'Open/Close Percentage', 'predicted_value': 62.43, 'confidence': 0.72, 'status': 'Executed', 'reason': 'OK', 'is_correction': True}"
2026-06-10T14:42:52.715Z,LivingRoom_Blinds_1,Smart Motorized Blinds,Open/Close Percentage,3,Human,25.0,25.0,60.0,10.0,50.0,3.0,0,60.4,-720.0,0,Living Room,Window Blinds,blinds,2.0,"{'timestamp': '2026-06-10T14:42:41.450Z', 'parameter': 'Open/Close Percentage', 'predicted_value': 62.43, 'confidence': 0.72, 'status': 'Executed', 'reason': 'OK', 'is_correction': True}"
2026-06-10T14:42:52.288Z,LivingRoom_Blinds_1,Smart Motorized Blinds,Open/Close Percentage,2,Human,25.0,25.0,60.0,10.0,50.0,3.0,0,60.4,-720.0,0,Living Room,Window Blinds,blinds,3.0,"{'timestamp': '2026-06-10T14:42:41.450Z', 'parameter': 'Open/Close Percentage', 'predicted_value': 62.43, 'confidence': 0.72, 'status': 'Executed', 'reason': 'OK', 'is_correction': True}"
2026-06-10T14:42:52.265Z,LivingRoom_Blinds_1,Smart Motorized Blinds,Open/Close Percentage,3,Human,25.0,25.0,60.0,10.0,50.0,3.0,0,60.4,-720.0,0,Living Room,Window Blinds,blinds,4.0,"{'timestamp': '2026-06-10T14:42:41.450Z', 'parameter': 'Open/Close Percentage', 'predicted_value': 62.43, 'confidence': 0.72, 'status': 'Executed', 'reason': 'OK', 'is_correction': True}"
2026-06-10T14:42:52.154Z,LivingRoom_Blinds_1,Smart Motorized Blinds,Open/Close Percentage,4,Human,25.0,25.0,60.0,10.0,50.0,3.0,0,60.4,-720.0,0,Living Room,Window Blinds,blinds,5.0,"{'timestamp': '2026-06-10T14:42:41.450Z', 'parameter': 'Open/Close Percentage', 'predicted_value': 62.43, 'confidence': 0.72, 'status': 'Executed', 'reason': 'OK', 'is_correction': True}"
2026-06-10T14:42:52.133Z,LivingRoom_Blinds_1,Smart Motorized Blinds,Open/Close Percentage,5,Human,25.0,25.0,60.0,10.0,50.0,3.0,0,60.4,-720.0,0,Living Room,Window Blinds,blinds,7.0,"{'timestamp': '2026-06-10T14:42:41.450Z', 'parameter': 'Open/Close Percentage', 'predicted_value': 62.43, 'confidence': 0.72, 'status': 'Executed', 'reason': 'OK', 'is_correction': True}"
2026-06-10T14:42:52.118Z,LivingRoom_Blinds_1,Smart Motorized Blinds,Open/Close Percentage,7,Human,25.0,25.0,60.0,10.0,50.0,3.0,0,60.4,-720.0,0,Living Room,Window Blinds,blinds,9.0,"{'timestamp': '2026-06-10T14:42:41.450Z', 'parameter': 'Open/Close Percentage', 'predicted_value': 62.43, 'confidence': 0.72, 'status': 'Executed', 'reason': 'OK', 'is_correction': True}"
2026-06-10T14:42:52.105Z,LivingRoom_Blinds_1,Smart Motorized Blinds,Open/Close Percentage,9,Human,25.0,25.0,60.0,10.0,50.0,3.0,0,60.4,-720.0,0,Living Room,Window Blinds,blinds,10.0,"{'timestamp': '2026-06-10T14:42:41.450Z', 'parameter': 'Open/Close Percentage', 'predicted_value': 62.43, 'confidence': 0.72, 'status': 'Executed', 'reason': 'OK', 'is_correction': True}"
2026-06-10T14:42:51.914Z,LivingRoom_Blinds_1,Smart Motorized Blinds,Open/Close Percentage,10,Human,25.0,25.0,60.0,10.0,50.0,3.0,0,60.4,-720.0,0,Living Room,Window Blinds,blinds,11.0,"{'timestamp': '2026-06-10T14:42:41.450Z', 'parameter': 'Open/Close Percentage', 'predicted_value': 62.43, 'confidence': 0.72, 'status': 'Executed', 'reason': 'OK', 'is_correction': True}"
2026-06-10T14:42:51.900Z,LivingRoom_Blinds_1,Smart Motorized Blinds,Open/Close Percentage,11,Human,25.0,25.0,60.0,10.0,50.0,3.0,0,60.4,-720.0,0,Living Room,Window Blinds,blinds,16.0,"{'timestamp': '2026-06-10T14:42:41.450Z', 'parameter': 'Open/Close Percentage', 'predicted_value': 62.43, 'confidence': 0.72, 'status': 'Executed', 'reason': 'OK', 'is_correction': True}"
2026-06-10T14:42:51.883Z,LivingRoom_Blinds_1,Smart Motorized Blinds,Open/Close Percentage,16,Human,25.0,25.0,60.0,10.0,50.0,3.0,0,60.4,-720.0,0,Living Room,Window Blinds,blinds,21.0,"{'timestamp': '2026-06-10T14:42:41.450Z', 'parameter': 'Open/Close Percentage', 'predicted_value': 62.43, 'confidence': 0.72, 'status': 'Executed', 'reason': 'OK', 'is_correction': True}"
2026-06-10T14:42:51.869Z,LivingRoom_Blinds_1,Smart Motorized Blinds,Open/Close Percentage,21,Human,25.0,25.0,60.0,10.0,50.0,3.0,0,60.4,-720.0,0,Living Room,Window Blinds,blinds,24.0,"{'timestamp': '2026-06-10T14:42:41.450Z', 'parameter': 'Open/Close Percentage', 'predicted_value': 62.43, 'confidence': 0.72, 'status': 'Executed', 'reason': 'OK', 'is_correction': True}"
2026-06-10T14:42:51.854Z,LivingRoom_Blinds_1,Smart Motorized Blinds,Open/Close Percentage,24,Human,25.0,25.0,60.0,10.0,50.0,3.0,0,60.4,-720.0,0,Living Room,Window Blinds,blinds,25.0,"{'timestamp': '2026-06-10T14:42:41.450Z', 'parameter': 'Open/Close Percentage', 'predicted_value': 62.43, 'confidence': 0.72, 'status': 'Executed', 'reason': 'OK', 'is_correction': True}"
2026-06-10T14:42:51.808Z,LivingRoom_Blinds_1,Smart Motorized Blinds,Open/Close Percentage,25,Human,25.0,25.0,60.0,10.0,50.0,3.0,0,60.4,-720.0,0,Living Room,Window Blinds,blinds,27.0,"{'timestamp': '2026-06-10T14:42:41.450Z', 'parameter': 'Open/Close Percentage', 'predicted_value': 62.43, 'confidence': 0.72, 'status': 'Executed', 'reason': 'OK', 'is_correction': True}"
2026-06-10T14:42:51.792Z,LivingRoom_Blinds_1,Smart Motorized Blinds,Open/Close Percentage,27,Human,25.0,25.0,60.0,10.0,50.0,3.0,0,60.4,-720.0,0,Living Room,Window Blinds,blinds,30.0,"{'timestamp': '2026-06-10T14:42:41.450Z', 'parameter': 'Open/Close Percentage', 'predicted_value': 62.43, 'confidence': 0.72, 'status': 'Executed', 'reason': 'OK', 'is_correction': True}"
2026-06-10T14:42:51.778Z,LivingRoom_Blinds_1,Smart Motorized Blinds,Open/Close Percentage,30,Human,25.0,25.0,60.0,10.0,50.0,3.0,0,60.4,-720.0,0,Living Room,Window Blinds,blinds,31.0,"{'timestamp': '2026-06-10T14:42:41.450Z', 'parameter': 'Open/Close Percentage', 'predicted_value': 62.43, 'confidence': 0.72, 'status': 'Executed', 'reason': 'OK', 'is_correction': True}"
2026-06-10T14:42:51.764Z,LivingRoom_Blinds_1,Smart Motorized Blinds,Open/Close Percentage,31,Human,25.0,25.0,60.0,10.0,50.0,3.0,0,60.4,-720.0,0,Living Room,Window Blinds,blinds,34.0,"{'timestamp': '2026-06-10T14:42:41.450Z', 'parameter': 'Open/Close Percentage', 'predicted_value': 62.43, 'confidence': 0.72, 'status': 'Executed', 'reason': 'OK', 'is_correction': True}"
2026-06-10T14:42:51.750Z,LivingRoom_Blinds_1,Smart Motorized Blinds,Open/Close Percentage,34,Human,25.0,25.0,60.0,10.0,50.0,3.0,0,60.4,-720.0,0,Living Room,Window Blinds,blinds,35.0,"{'timestamp': '2026-06-10T14:42:41.450Z', 'parameter': 'Open/Close Percentage', 'predicted_value': 62.43, 'confidence': 0.72, 'status': 'Executed', 'reason': 'OK', 'is_correction': True}"
2026-06-10T14:42:51.736Z,LivingRoom_Blinds_1,Smart Motorized Blinds,Open/Close Percentage,35,Human,25.0,25.0,60.0,10.0,50.0,3.0,0,60.4,-720.0,0,Living Room,Window Blinds,blinds,36.0,"{'timestamp': '2026-06-10T14:42:41.450Z', 'parameter': 'Open/Close Percentage', 'predicted_value': 62.43, 'confidence': 0.72, 'status': 'Executed', 'reason': 'OK', 'is_correction': True}"
2026-06-10T14:42:51.662Z,LivingRoom_Blinds_1,Smart Motorized Blinds,Open/Close Percentage,36,Human,25.0,25.0,60.0,10.0,50.0,3.0,0,60.4,-720.0,0,Living Room,Window Blinds,blinds,37.0,"{'timestamp': '2026-06-10T14:42:41.450Z', 'parameter': 'Open/Close Percentage', 'predicted_value': 62.43, 'confidence': 0.72, 'status': 'Executed', 'reason': 'OK', 'is_correction': True}"
2026-06-10T14:42:51.648Z,LivingRoom_Blinds_1,Smart Motorized Blinds,Open/Close Percentage,37,Human,25.0,25.0,60.0,10.0,50.0,3.0,0,60.4,-720.0,0,Living Room,Window Blinds,blinds,40.0,"{'timestamp': '2026-06-10T14:42:41.450Z', 'parameter': 'Open/Close Percentage', 'predicted_value': 62.43, 'confidence': 0.72, 'status': 'Executed', 'reason': 'OK', 'is_correction': True}"
2026-06-10T14:42:51.633Z,LivingRoom_Blinds_1,Smart Motorized Blinds,Open/Close Percentage,40,Human,25.0,25.0,60.0,10.0,50.0,3.0,0,60.4,-720.0,0,Living Room,Window Blinds,blinds,46.0,"{'timestamp': '2026-06-10T14:42:41.450Z', 'parameter': 'Open/Close Percentage', 'predicted_value': 62.43, 'confidence': 0.72, 'status': 'Executed', 'reason': 'OK', 'is_correction': True}"
2026-06-10T14:42:51.612Z,LivingRoom_Blinds_1,Smart Motorized Blinds,Open/Close Percentage,46,Human,25.0,25.0,60.0,10.0,50.0,3.0,0,60.4,-720.0,0,Living Room,Window Blinds,blinds,53.0,"{'timestamp': '2026-06-10T14:42:41.450Z', 'parameter': 'Open/Close Percentage', 'predicted_value': 62.43, 'confidence': 0.72, 'status': 'Executed', 'reason': 'OK', 'is_correction': True}"
2026-06-10T14:42:51.598Z,LivingRoom_Blinds_1,Smart Motorized Blinds,Open/Close Percentage,53,Human,25.0,25.0,60.0,10.0,50.0,3.0,0,60.4,-720.0,0,Living Room,Window Blinds,blinds,58.0,"{'timestamp': '2026-06-10T14:42:41.450Z', 'parameter': 'Open/Close Percentage', 'predicted_value': 62.43, 'confidence': 0.72, 'status': 'Executed', 'reason': 'OK', 'is_correction': True}"
2026-06-10T14:42:51.582Z,LivingRoom_Blinds_1,Smart Motorized Blinds,Open/Close Percentage,58,Human,25.0,25.0,60.0,10.0,50.0,3.0,0,60.4,-720.0,0,Living Room,Window Blinds,blinds,61.0,"{'timestamp': '2026-06-10T14:42:41.450Z', 'parameter': 'Open/Close Percentage', 'predicted_value': 62.43, 'confidence': 0.72, 'status': 'Executed', 'reason': 'OK', 'is_correction': True}"
2026-06-10T14:42:51.556Z,LivingRoom_Blinds_1,Smart Motorized Blinds,Open/Close Percentage,61,Human,25.0,25.0,60.0,10.0,50.0,3.0,0,60.4,-720.0,0,Living Room,Window Blinds,blinds,62.0,"{'timestamp': '2026-06-10T14:42:41.450Z', 'parameter': 'Open/Close Percentage', 'predicted_value': 62.43, 'confidence': 0.72, 'status': 'Executed', 'reason': 'OK', 'is_correction': True}"
2026-06-10T14:42:51.531Z,LivingRoom_Blinds_1,Smart Motorized Blinds,Open/Close Percentage,62,Human,25.0,25.0,60.0,10.0,50.0,3.0,0,60.4,-720.0,0,Living Room,Window Blinds,blinds,65.0,"{'timestamp': '2026-06-10T14:42:41.450Z', 'parameter': 'Open/Close Percentage', 'predicted_value': 62.43, 'confidence': 0.72, 'status': 'Executed', 'reason': 'OK', 'is_correction': True}"
2026-06-10T14:42:51.502Z,LivingRoom_Blinds_1,Smart Motorized Blinds,Open/Close Percentage,65,Human,25.0,25.0,60.0,10.0,50.0,3.0,0,60.4,-720.0,0,Living Room,Window Blinds,blinds,67.0,"{'timestamp': '2026-06-10T14:42:41.450Z', 'parameter': 'Open/Close Percentage', 'predicted_value': 62.43, 'confidence': 0.72, 'status': 'Executed', 'reason': 'OK', 'is_correction': True}"
2026-06-10T14:42:51.480Z,LivingRoom_Blinds_1,Smart Motorized Blinds,Open/Close Percentage,67,Human,25.0,25.0,60.0,10.0,50.0,3.0,0,60.4,-720.0,0,Living Room,Window Blinds,blinds,68.0,"{'timestamp': '2026-06-10T14:42:41.450Z', 'parameter': 'Open/Close Percentage', 'predicted_value': 62.43, 'confidence': 0.72, 'status': 'Executed', 'reason': 'OK', 'is_correction': True}"
2026-06-10T14:42:51.257Z,LivingRoom_Blinds_1,Smart Motorized Blinds,Open/Close Percentage,68,Human,25.0,25.0,60.0,10.0,50.0,3.0,0,60.4,-720.0,0,Living Room,Window Blinds,blinds,69.0,"{'timestamp': '2026-06-10T14:42:41.450Z', 'parameter': 'Open/Close Percentage', 'predicted_value': 62.43, 'confidence': 0.72, 'status': 'Executed', 'reason': 'OK', 'is_correction': True}"
2026-06-10T14:42:51.218Z,LivingRoom_Blinds_1,Smart Motorized Blinds,Open/Close Percentage,69,Human,25.0,25.0,60.0,10.0,50.0,3.0,0,60.4,-720.0,0,Living Room,Window Blinds,blinds,70.0,"{'timestamp': '2026-06-10T14:42:41.450Z', 'parameter': 'Open/Close Percentage', 'predicted_value': 62.43, 'confidence': 0.72, 'status': 'Executed', 'reason': 'OK', 'is_correction': True}"
2026-06-10T14:42:51.195Z,LivingRoom_Blinds_1,Smart Motorized Blinds,Open/Close Percentage,70,Human,25.0,25.0,60.0,10.0,50.0,3.0,0,60.4,-720.0,0,Living Room,Window Blinds,blinds,72.0,"{'timestamp': '2026-06-10T14:42:41.450Z', 'parameter': 'Open/Close Percentage', 'predicted_value': 62.43, 'confidence': 0.72, 'status': 'Executed', 'reason': 'OK', 'is_correction': True}"
2026-06-10T14:42:51.160Z,LivingRoom_Blinds_1,Smart Motorized Blinds,Open/Close Percentage,72,Human,25.0,25.0,60.0,10.0,50.0,3.0,0,60.4,-720.0,0,Living Room,Window Blinds,blinds,73.0,"{'timestamp': '2026-06-10T14:42:41.450Z', 'parameter': 'Open/Close Percentage', 'predicted_value': 62.43, 'confidence': 0.72, 'status': 'Executed', 'reason': 'OK', 'is_correction': True}"
2026-06-10T14:42:51.112Z,LivingRoom_Blinds_1,Smart Motorized Blinds,Open/Close Percentage,73,Human,25.0,25.0,60.0,10.0,50.0,3.0,0,60.4,-720.0,0,Living Room,Window Blinds,blinds,74.0,"{'timestamp': '2026-06-10T14:42:41.450Z', 'parameter': 'Open/Close Percentage', 'predicted_value': 62.43, 'confidence': 0.72, 'status': 'Executed', 'reason': 'OK', 'is_correction': True}"
2026-06-10T14:42:51.063Z,LivingRoom_Blinds_1,Smart Motorized Blinds,Open/Close Percentage,74,Human,25.0,25.0,60.0,10.0,50.0,3.0,0,60.4,-720.0,0,Living Room,Window Blinds,blinds,75.0,"{'timestamp': '2026-06-10T14:42:41.450Z', 'parameter': 'Open/Close Percentage', 'predicted_value': 62.43, 'confidence': 0.72, 'status': 'Executed', 'reason': 'OK', 'is_correction': True}"
2026-06-10T14:42:51.004Z,LivingRoom_Blinds_1,Smart Motorized Blinds,Open/Close Percentage,75,Human,25.0,25.0,60.0,10.0,50.0,3.0,0,60.4,-720.0,0,Living Room,Window Blinds,blinds,76.0,"{'timestamp': '2026-06-10T14:42:41.450Z', 'parameter': 'Open/Close Percentage', 'predicted_value': 62.43, 'confidence': 0.72, 'status': 'Executed', 'reason': 'OK', 'is_correction': True}"
2026-06-10T14:42:50.989Z,LivingRoom_Blinds_1,Smart Motorized Blinds,Open/Close Percentage,76,Human,25.0,25.0,60.0,10.0,50.0,3.0,0,60.4,-720.0,0,Living Room,Window Blinds,blinds,77.0,"{'timestamp': '2026-06-10T14:42:41.450Z', 'parameter': 'Open/Close Percentage', 'predicted_value': 62.43, 'confidence': 0.72, 'status': 'Executed', 'reason': 'OK', 'is_correction': True}"
2026-06-10T14:42:50.974Z,LivingRoom_Blinds_1,Smart Motorized Blinds,Open/Close Percentage,77,Human,25.0,25.0,60.0,10.0,50.0,3.0,0,60.4,-720.0,0,Living Room,Window Blinds,blinds,78.0,"{'timestamp': '2026-06-10T14:42:41.450Z', 'parameter': 'Open/Close Percentage', 'predicted_value': 62.43, 'confidence': 0.72, 'status': 'Executed', 'reason': 'OK', 'is_correction': True}"
2026-06-10T14:42:50.957Z,LivingRoom_Blinds_1,Smart Motorized Blinds,Open/Close Percentage,78,Human,25.0,25.0,60.0,10.0,50.0,3.0,0,60.4,-720.0,0,Living Room,Window Blinds,blinds,81.0,"{'timestamp': '2026-06-10T14:42:41.450Z', 'parameter': 'Open/Close Percentage', 'predicted_value': 62.43, 'confidence': 0.72, 'status': 'Executed', 'reason': 'OK', 'is_correction': True}"
2026-06-10T14:42:50.943Z,LivingRoom_Blinds_1,Smart Motorized Blinds,Open/Close Percentage,81,Human,25.0,25.0,60.0,10.0,50.0,3.0,0,60.4,-720.0,0,Living Room,Window Blinds,blinds,83.0,"{'timestamp': '2026-06-10T14:42:41.450Z', 'parameter': 'Open/Close Percentage', 'predicted_value': 62.43, 'confidence': 0.72, 'status': 'Executed', 'reason': 'OK', 'is_correction': True}"
2026-06-10T14:42:50.928Z,LivingRoom_Blinds_1,Smart Motorized Blinds,Open/Close Percentage,83,Human,25.0,25.0,60.0,10.0,50.0,3.0,0,60.4,-720.0,0,Living Room,Window Blinds,blinds,85.0,"{'timestamp': '2026-06-10T14:42:41.450Z', 'parameter': 'Open/Close Percentage', 'predicted_value': 62.43, 'confidence': 0.72, 'status': 'Executed', 'reason': 'OK', 'is_correction': True}"
2026-06-10T14:42:50.913Z,LivingRoom_Blinds_1,Smart Motorized Blinds,Open/Close Percentage,85,Human,25.0,25.0,60.0,10.0,50.0,3.0,0,60.4,-720.0,0,Living Room,Window Blinds,blinds,87.0,"{'timestamp': '2026-06-10T14:42:41.450Z', 'parameter': 'Open/Close Percentage', 'predicted_value': 62.43, 'confidence': 0.72, 'status': 'Executed', 'reason': 'OK', 'is_correction': True}"
2026-06-10T14:42:50.894Z,LivingRoom_Blinds_1,Smart Motorized Blinds,Open/Close Percentage,87,Human,25.0,25.0,60.0,10.0,50.0,3.0,0,60.4,-720.0,0,Living Room,Window Blinds,blinds,89.0,"{'timestamp': '2026-06-10T14:42:41.450Z', 'parameter': 'Open/Close Percentage', 'predicted_value': 62.43, 'confidence': 0.72, 'status': 'Executed', 'reason': 'OK', 'is_correction': True}"
2026-06-10T14:42:50.880Z,LivingRoom_Blinds_1,Smart Motorized Blinds,Open/Close Percentage,89,Human,25.0,25.0,60.0,10.0,50.0,3.0,0,60.4,-720.0,0,Living Room,Window Blinds,blinds,92.0,"{'timestamp': '2026-06-10T14:42:41.450Z', 'parameter': 'Open/Close Percentage', 'predicted_value': 62.43, 'confidence': 0.72, 'status': 'Executed', 'reason': 'OK', 'is_correction': True}"
2026-06-10T14:42:50.865Z,LivingRoom_Blinds_1,Smart Motorized Blinds,Open/Close Percentage,92,Human,25.0,25.0,60.0,10.0,50.0,3.0,0,60.4,-720.0,0,Living Room,Window Blinds,blinds,93.0,"{'timestamp': '2026-06-10T14:42:41.450Z', 'parameter': 'Open/Close Percentage', 'predicted_value': 62.43, 'confidence': 0.72, 'status': 'Executed', 'reason': 'OK', 'is_correction': True}"
2026-06-10T14:42:50.851Z,LivingRoom_Blinds_1,Smart Motorized Blinds,Open/Close Percentage,93,Human,25.0,25.0,60.0,10.0,50.0,3.0,0,60.4,-720.0,0,Living Room,Window Blinds,blinds,96.0,"{'timestamp': '2026-06-10T14:42:41.450Z', 'parameter': 'Open/Close Percentage', 'predicted_value': 62.43, 'confidence': 0.72, 'status': 'Executed', 'reason': 'OK', 'is_correction': True}"
2026-06-10T14:42:50.835Z,LivingRoom_Blinds_1,Smart Motorized Blinds,Open/Close Percentage,96,Human,25.0,25.0,60.0,10.0,50.0,3.0,0,60.4,-720.0,0,Living Room,Window Blinds,blinds,98.0,"{'timestamp': '2026-06-10T14:42:41.450Z', 'parameter': 'Open/Close Percentage', 'predicted_value': 62.43, 'confidence': 0.72, 'status': 'Executed', 'reason': 'OK', 'is_correction': True}"
2026-06-10T14:42:50.813Z,LivingRoom_Blinds_1,Smart Motorized Blinds,Open/Close Percentage,98,Human,25.0,25.0,60.0,10.0,50.0,3.0,0,60.4,-720.0,0,Living Room,Window Blinds,blinds,100.0,"{'timestamp': '2026-06-10T14:42:41.450Z', 'parameter': 'Open/Close Percentage', 'predicted_value': 62.43, 'confidence': 0.72, 'status': 'Executed', 'reason': 'OK', 'is_correction': True}"
2026-06-10T14:42:50.278Z,LivingRoom_Blinds_1,Smart Motorized Blinds,Open/Close Percentage,100,Human,25.0,25.0,60.0,10.0,50.0,3.0,0,60.4,-720.0,0,Living Room,Window Blinds,blinds,98.0,"{'timestamp': '2026-06-10T14:42:41.450Z', 'parameter': 'Open/Close Percentage', 'predicted_value': 62.43, 'confidence': 0.72, 'status': 'Executed', 'reason': 'OK', 'is_correction': True}"
2026-06-10T14:42:50.253Z,LivingRoom_Blinds_1,Smart Motorized Blinds,Open/Close Percentage,98,Human,25.0,25.0,60.0,10.0,50.0,3.0,0,60.4,-720.0,0,Living Room,Window Blinds,blinds,96.0,"{'timestamp': '2026-06-10T14:42:41.450Z', 'parameter': 'Open/Close Percentage', 'predicted_value': 62.43, 'confidence': 0.72, 'status': 'Executed', 'reason': 'OK', 'is_correction': True}"
2026-06-10T14:42:50.229Z,LivingRoom_Blinds_1,Smart Motorized Blinds,Open/Close Percentage,96,Human,25.0,25.0,60.0,10.0,50.0,3.0,0,60.4,-720.0,0,Living Room,Window Blinds,blinds,95.0,"{'timestamp': '2026-06-10T14:42:41.450Z', 'parameter': 'Open/Close Percentage', 'predicted_value': 62.43, 'confidence': 0.72, 'status': 'Executed', 'reason': 'OK', 'is_correction': True}"
2026-06-10T14:42:50.191Z,LivingRoom_Blinds_1,Smart Motorized Blinds,Open/Close Percentage,95,Human,25.0,25.0,60.0,10.0,50.0,3.0,0,60.4,-720.0,0,Living Room,Window Blinds,blinds,94.0,"{'timestamp': '2026-06-10T14:42:41.450Z', 'parameter': 'Open/Close Percentage', 'predicted_value': 62.43, 'confidence': 0.72, 'status': 'Executed', 'reason': 'OK', 'is_correction': True}"
2026-06-10T14:42:50.167Z,LivingRoom_Blinds_1,Smart Motorized Blinds,Open/Close Percentage,94,Human,25.0,25.0,60.0,10.0,50.0,3.0,0,60.4,-720.0,0,Living Room,Window Blinds,blinds,93.0,"{'timestamp': '2026-06-10T14:42:41.450Z', 'parameter': 'Open/Close Percentage', 'predicted_value': 62.43, 'confidence': 0.72, 'status': 'Executed', 'reason': 'OK', 'is_correction': True}"
2026-06-10T14:42:50.143Z,LivingRoom_Blinds_1,Smart Motorized Blinds,Open/Close Percentage,93,Human,25.0,25.0,60.0,10.0,50.0,3.0,0,60.4,-720.0,0,Living Room,Window Blinds,blinds,92.0,"{'timestamp': '2026-06-10T14:42:41.450Z', 'parameter': 'Open/Close Percentage', 'predicted_value': 62.43, 'confidence': 0.72, 'status': 'Executed', 'reason': 'OK', 'is_correction': True}"
2026-06-10T14:42:50.119Z,LivingRoom_Blinds_1,Smart Motorized Blinds,Open/Close Percentage,92,Human,25.0,25.0,60.0,10.0,50.0,3.0,0,60.4,-720.0,0,Living Room,Window Blinds,blinds,90.0,"{'timestamp': '2026-06-10T14:42:41.450Z', 'parameter': 'Open/Close Percentage', 'predicted_value': 62.43, 'confidence': 0.72, 'status': 'Executed', 'reason': 'OK', 'is_correction': True}"
2026-06-10T14:42:50.035Z,LivingRoom_Blinds_1,Smart Motorized Blinds,Open/Close Percentage,90,Human,25.0,25.0,60.0,10.0,50.0,3.0,0,60.4,-720.0,0,Living Room,Window Blinds,blinds,89.0,"{'timestamp': '2026-06-10T14:42:41.450Z', 'parameter': 'Open/Close Percentage', 'predicted_value': 62.43, 'confidence': 0.72, 'status': 'Executed', 'reason': 'OK', 'is_correction': True}"
2026-06-10T14:42:50.008Z,LivingRoom_Blinds_1,Smart Motorized Blinds,Open/Close Percentage,89,Human,25.0,25.0,60.0,10.0,50.0,3.0,0,60.4,-720.0,0,Living Room,Window Blinds,blinds,88.0,"{'timestamp': '2026-06-10T14:42:41.450Z', 'parameter': 'Open/Close Percentage', 'predicted_value': 62.43, 'confidence': 0.72, 'status': 'Executed', 'reason': 'OK', 'is_correction': True}"
2026-06-10T14:42:49.974Z,LivingRoom_Blinds_1,Smart Motorized Blinds,Open/Close Percentage,88,Human,25.0,25.0,60.0,10.0,50.0,3.0,0,60.4,-720.0,0,Living Room,Window Blinds,blinds,87.0,"{'timestamp': '2026-06-10T14:42:41.450Z', 'parameter': 'Open/Close Percentage', 'predicted_value': 62.43, 'confidence': 0.72, 'status': 'Executed', 'reason': 'OK', 'is_correction': True}"
2026-06-10T14:42:49.938Z,LivingRoom_Blinds_1,Smart Motorized Blinds,Open/Close Percentage,87,Human,25.0,25.0,60.0,10.0,50.0,3.0,0,60.4,-720.0,0,Living Room,Window Blinds,blinds,86.0,"{'timestamp': '2026-06-10T14:42:41.450Z', 'parameter': 'Open/Close Percentage', 'predicted_value': 62.43, 'confidence': 0.72, 'status': 'Executed', 'reason': 'OK', 'is_correction': True}"
2026-06-10T14:42:49.910Z,LivingRoom_Blinds_1,Smart Motorized Blinds,Open/Close Percentage,86,Human,25.0,25.0,60.0,10.0,50.0,3.0,0,60.4,-720.0,0,Living Room,Window Blinds,blinds,85.0,"{'timestamp': '2026-06-10T14:42:41.450Z', 'parameter': 'Open/Close Percentage', 'predicted_value': 62.43, 'confidence': 0.72, 'status': 'Executed', 'reason': 'OK', 'is_correction': True}"
2026-06-10T14:42:49.816Z,LivingRoom_Blinds_1,Smart Motorized Blinds,Open/Close Percentage,85,Human,25.0,25.0,60.0,10.0,50.0,3.0,0,60.4,-720.0,0,Living Room,Window Blinds,blinds,84.0,"{'timestamp': '2026-06-10T14:42:41.450Z', 'parameter': 'Open/Close Percentage', 'predicted_value': 62.43, 'confidence': 0.72, 'status': 'Executed', 'reason': 'OK', 'is_correction': True}"
2026-06-10T14:42:49.802Z,LivingRoom_Blinds_1,Smart Motorized Blinds,Open/Close Percentage,84,Human,25.0,25.0,60.0,10.0,50.0,3.0,0,60.4,-720.0,0,Living Room,Window Blinds,blinds,83.0,"{'timestamp': '2026-06-10T14:42:41.450Z', 'parameter': 'Open/Close Percentage', 'predicted_value': 62.43, 'confidence': 0.72, 'status': 'Executed', 'reason': 'OK', 'is_correction': True}"
2026-06-10T14:42:49.780Z,LivingRoom_Blinds_1,Smart Motorized Blinds,Open/Close Percentage,83,Human,25.0,25.0,60.0,10.0,50.0,3.0,0,60.4,-720.0,0,Living Room,Window Blinds,blinds,81.0,"{'timestamp': '2026-06-10T14:42:41.450Z', 'parameter': 'Open/Close Percentage', 'predicted_value': 62.43, 'confidence': 0.72, 'status': 'Executed', 'reason': 'OK', 'is_correction': True}"
2026-06-10T14:42:49.766Z,LivingRoom_Blinds_1,Smart Motorized Blinds,Open/Close Percentage,81,Human,25.0,25.0,60.0,10.0,50.0,3.0,0,60.4,-720.0,0,Living Room,Window Blinds,blinds,79.0,"{'timestamp': '2026-06-10T14:42:41.450Z', 'parameter': 'Open/Close Percentage', 'predicted_value': 62.43, 'confidence': 0.72, 'status': 'Executed', 'reason': 'OK', 'is_correction': True}"
2026-06-10T14:42:49.751Z,LivingRoom_Blinds_1,Smart Motorized Blinds,Open/Close Percentage,79,Human,25.0,25.0,60.0,10.0,50.0,3.0,0,60.4,-720.0,0,Living Room,Window Blinds,blinds,77.0,"{'timestamp': '2026-06-10T14:42:41.450Z', 'parameter': 'Open/Close Percentage', 'predicted_value': 62.43, 'confidence': 0.72, 'status': 'Executed', 'reason': 'OK', 'is_correction': True}"
2026-06-10T14:42:49.730Z,LivingRoom_Blinds_1,Smart Motorized Blinds,Open/Close Percentage,77,Human,25.0,25.0,60.0,10.0,50.0,3.0,0,60.4,-720.0,0,Living Room,Window Blinds,blinds,76.0,"{'timestamp': '2026-06-10T14:42:41.450Z', 'parameter': 'Open/Close Percentage', 'predicted_value': 62.43, 'confidence': 0.72, 'status': 'Executed', 'reason': 'OK', 'is_correction': True}"
2026-06-10T14:42:49.477Z,LivingRoom_Blinds_1,Smart Motorized Blinds,Open/Close Percentage,76,Human,25.0,25.0,60.0,10.0,50.0,3.0,0,60.4,-720.0,0,Living Room,Window Blinds,blinds,75.0,"{'timestamp': '2026-06-10T14:42:41.450Z', 'parameter': 'Open/Close Percentage', 'predicted_value': 62.43, 'confidence': 0.72, 'status': 'Executed', 'reason': 'OK', 'is_correction': True}"
2026-06-10T14:42:49.462Z,LivingRoom_Blinds_1,Smart Motorized Blinds,Open/Close Percentage,75,Human,25.0,25.0,60.0,10.0,50.0,3.0,0,60.4,-720.0,0,Living Room,Window Blinds,blinds,74.0,"{'timestamp': '2026-06-10T14:42:41.450Z', 'parameter': 'Open/Close Percentage', 'predicted_value': 62.43, 'confidence': 0.72, 'status': 'Executed', 'reason': 'OK', 'is_correction': True}"
2026-06-10T14:42:49.448Z,LivingRoom_Blinds_1,Smart Motorized Blinds,Open/Close Percentage,74,Human,25.0,25.0,60.0,10.0,50.0,3.0,0,60.4,-720.0,0,Living Room,Window Blinds,blinds,72.0,"{'timestamp': '2026-06-10T14:42:41.450Z', 'parameter': 'Open/Close Percentage', 'predicted_value': 62.43, 'confidence': 0.72, 'status': 'Executed', 'reason': 'OK', 'is_correction': True}"
2026-06-10T14:42:49.428Z,LivingRoom_Blinds_1,Smart Motorized Blinds,Open/Close Percentage,72,Human,25.0,25.0,60.0,10.0,50.0,3.0,0,60.4,-720.0,0,Living Room,Window Blinds,blinds,70.0,"{'timestamp': '2026-06-10T14:42:41.450Z', 'parameter': 'Open/Close Percentage', 'predicted_value': 62.43, 'confidence': 0.72, 'status': 'Executed', 'reason': 'OK', 'is_correction': True}"
2026-06-10T14:42:49.414Z,LivingRoom_Blinds_1,Smart Motorized Blinds,Open/Close Percentage,70,Human,25.0,25.0,60.0,10.0,50.0,3.0,0,60.4,-720.0,0,Living Room,Window Blinds,blinds,64.0,"{'timestamp': '2026-06-10T14:42:41.450Z', 'parameter': 'Open/Close Percentage', 'predicted_value': 62.43, 'confidence': 0.72, 'status': 'Executed', 'reason': 'OK', 'is_correction': True}"
2026-06-10T14:42:49.399Z,LivingRoom_Blinds_1,Smart Motorized Blinds,Open/Close Percentage,64,Human,25.0,25.0,60.0,10.0,50.0,3.0,0,60.4,-720.0,0,Living Room,Window Blinds,blinds,61.0,"{'timestamp': '2026-06-10T14:42:41.450Z', 'parameter': 'Open/Close Percentage', 'predicted_value': 62.43, 'confidence': 0.72, 'status': 'Executed', 'reason': 'OK', 'is_correction': True}"
2026-06-10T14:42:49.385Z,LivingRoom_Blinds_1,Smart Motorized Blinds,Open/Close Percentage,61,Human,25.0,25.0,60.0,10.0,50.0,3.0,0,60.4,-720.0,0,Living Room,Window Blinds,blinds,53.0,"{'timestamp': '2026-06-10T14:42:41.450Z', 'parameter': 'Open/Close Percentage', 'predicted_value': 62.43, 'confidence': 0.72, 'status': 'Executed', 'reason': 'OK', 'is_correction': True}"
2026-06-10T14:42:49.371Z,LivingRoom_Blinds_1,Smart Motorized Blinds,Open/Close Percentage,53,Human,25.0,25.0,60.0,10.0,50.0,3.0,0,60.4,-720.0,0,Living Room,Window Blinds,blinds,48.0,"{'timestamp': '2026-06-10T14:42:41.450Z', 'parameter': 'Open/Close Percentage', 'predicted_value': 62.43, 'confidence': 0.72, 'status': 'Executed', 'reason': 'OK', 'is_correction': True}"
2026-06-10T14:42:49.356Z,LivingRoom_Blinds_1,Smart Motorized Blinds,Open/Close Percentage,48,Human,25.0,25.0,60.0,10.0,50.0,3.0,0,60.4,-720.0,0,Living Room,Window Blinds,blinds,47.0,"{'timestamp': '2026-06-10T14:42:41.450Z', 'parameter': 'Open/Close Percentage', 'predicted_value': 62.43, 'confidence': 0.72, 'status': 'Executed', 'reason': 'OK', 'is_correction': True}"
2026-06-10T14:42:49.341Z,LivingRoom_Blinds_1,Smart Motorized Blinds,Open/Close Percentage,47,Human,25.0,25.0,60.0,10.0,50.0,3.0,0,60.4,-720.0,0,Living Room,Window Blinds,blinds,46.0,"{'timestamp': '2026-06-10T14:42:41.450Z', 'parameter': 'Open/Close Percentage', 'predicted_value': 62.43, 'confidence': 0.72, 'status': 'Executed', 'reason': 'OK', 'is_correction': True}"
2026-06-10T14:42:49.300Z,LivingRoom_Blinds_1,Smart Motorized Blinds,Open/Close Percentage,46,Human,25.0,25.0,60.0,10.0,50.0,3.0,0,60.4,-720.0,0,Living Room,Window Blinds,blinds,45.0,"{'timestamp': '2026-06-10T14:42:41.450Z', 'parameter': 'Open/Close Percentage', 'predicted_value': 62.43, 'confidence': 0.72, 'status': 'Executed', 'reason': 'OK', 'is_correction': True}"
2026-06-10T14:42:49.285Z,LivingRoom_Blinds_1,Smart Motorized Blinds,Open/Close Percentage,45,Human,25.0,25.0,60.0,10.0,50.0,3.0,0,60.4,-720.0,0,Living Room,Window Blinds,blinds,44.0,"{'timestamp': '2026-06-10T14:42:41.450Z', 'parameter': 'Open/Close Percentage', 'predicted_value': 62.43, 'confidence': 0.72, 'status': 'Executed', 'reason': 'OK', 'is_correction': True}"
2026-06-10T14:42:49.270Z,LivingRoom_Blinds_1,Smart Motorized Blinds,Open/Close Percentage,44,Human,25.0,25.0,60.0,10.0,50.0,3.0,0,60.4,-720.0,0,Living Room,Window Blinds,blinds,41.0,"{'timestamp': '2026-06-10T14:42:41.450Z', 'parameter': 'Open/Close Percentage', 'predicted_value': 62.43, 'confidence': 0.72, 'status': 'Executed', 'reason': 'OK', 'is_correction': True}"
2026-06-10T14:42:49.255Z,LivingRoom_Blinds_1,Smart Motorized Blinds,Open/Close Percentage,41,Human,25.0,25.0,60.0,10.0,50.0,3.0,0,60.4,-720.0,0,Living Room,Window Blinds,blinds,36.0,"{'timestamp': '2026-06-10T14:42:41.450Z', 'parameter': 'Open/Close Percentage', 'predicted_value': 62.43, 'confidence': 0.72, 'status': 'Executed', 'reason': 'OK', 'is_correction': True}"
2026-06-10T14:42:49.231Z,LivingRoom_Blinds_1,Smart Motorized Blinds,Open/Close Percentage,36,Human,25.0,25.0,60.0,10.0,50.0,3.0,0,60.4,-720.0,0,Living Room,Window Blinds,blinds,28.0,"{'timestamp': '2026-06-10T14:42:41.450Z', 'parameter': 'Open/Close Percentage', 'predicted_value': 62.43, 'confidence': 0.72, 'status': 'Executed', 'reason': 'OK', 'is_correction': True}"
2026-06-10T14:42:49.205Z,LivingRoom_Blinds_1,Smart Motorized Blinds,Open/Close Percentage,28,Human,25.0,25.0,60.0,10.0,50.0,3.0,0,60.4,-720.0,0,Living Room,Window Blinds,blinds,25.0,"{'timestamp': '2026-06-10T14:42:41.450Z', 'parameter': 'Open/Close Percentage', 'predicted_value': 62.43, 'confidence': 0.72, 'status': 'Executed', 'reason': 'OK', 'is_correction': True}"
2026-06-10T14:42:49.181Z,LivingRoom_Blinds_1,Smart Motorized Blinds,Open/Close Percentage,25,Human,25.0,25.0,60.0,10.0,50.0,3.0,0,60.4,-720.0,0,Living Room,Window Blinds,blinds,21.0,"{'timestamp': '2026-06-10T14:42:41.450Z', 'parameter': 'Open/Close Percentage', 'predicted_value': 62.43, 'confidence': 0.72, 'status': 'Executed', 'reason': 'OK', 'is_correction': True}"
2026-06-10T14:42:49.156Z,LivingRoom_Blinds_1,Smart Motorized Blinds,Open/Close Percentage,21,Human,25.0,25.0,60.0,10.0,50.0,3.0,0,60.4,-720.0,0,Living Room,Window Blinds,blinds,19.0,"{'timestamp': '2026-06-10T14:42:41.450Z', 'parameter': 'Open/Close Percentage', 'predicted_value': 62.43, 'confidence': 0.72, 'status': 'Executed', 'reason': 'OK', 'is_correction': True}"
2026-06-10T14:42:49.130Z,LivingRoom_Blinds_1,Smart Motorized Blinds,Open/Close Percentage,19,Human,25.0,25.0,60.0,10.0,50.0,3.0,0,60.4,-720.0,0,Living Room,Window Blinds,blinds,16.0,"{'timestamp': '2026-06-10T14:42:41.450Z', 'parameter': 'Open/Close Percentage', 'predicted_value': 62.43, 'confidence': 0.72, 'status': 'Executed', 'reason': 'OK', 'is_correction': True}"
2026-06-10T14:42:49.108Z,LivingRoom_Blinds_1,Smart Motorized Blinds,Open/Close Percentage,16,Human,25.0,25.0,60.0,10.0,50.0,3.0,0,60.4,-720.0,0,Living Room,Window Blinds,blinds,12.0,"{'timestamp': '2026-06-10T14:42:41.450Z', 'parameter': 'Open/Close Percentage', 'predicted_value': 62.43, 'confidence': 0.72, 'status': 'Executed', 'reason': 'OK', 'is_correction': True}"
2026-06-10T14:42:49.084Z,LivingRoom_Blinds_1,Smart Motorized Blinds,Open/Close Percentage,12,Human,25.0,25.0,60.0,10.0,50.0,3.0,0,60.4,-720.0,0,Living Room,Window Blinds,blinds,7.0,"{'timestamp': '2026-06-10T14:42:41.450Z', 'parameter': 'Open/Close Percentage', 'predicted_value': 62.43, 'confidence': 0.72, 'status': 'Executed', 'reason': 'OK', 'is_correction': True}"
2026-06-10T14:42:49.059Z,LivingRoom_Blinds_1,Smart Motorized Blinds,Open/Close Percentage,7,Human,25.0,25.0,60.0,10.0,50.0,3.0,0,60.4,-720.0,0,Living Room,Window Blinds,blinds,1.0,"{'timestamp': '2026-06-10T14:42:41.450Z', 'parameter': 'Open/Close Percentage', 'predicted_value': 62.43, 'confidence': 0.72, 'status': 'Executed', 'reason': 'OK', 'is_correction': True}"
2026-06-10T14:42:49.035Z,LivingRoom_Blinds_1,Smart Motorized Blinds,Open/Close Percentage,1,Human,25.0,25.0,60.0,10.0,50.0,3.0,0,60.4,-720.0,0,Living Room,Window Blinds,blinds,0.0,"{'timestamp': '2026-06-10T14:42:41.450Z', 'parameter': 'Open/Close Percentage', 'predicted_value': 62.43, 'confidence': 0.72, 'status': 'Executed', 'reason': 'OK', 'is_correction': True}"
2026-06-10T14:42:47.126Z,LivingRoom_Blinds_1,Smart Motorized Blinds,Open/Close Percentage,0,Human,25.0,25.0,60.0,10.0,50.0,3.0,0,60.4,-720.0,0,Living Room,Window Blinds,blinds,1.0,"{'timestamp': '2026-06-10T14:42:41.450Z', 'parameter': 'Open/Close Percentage', 'predicted_value': 62.43, 'confidence': 0.72, 'status': 'Executed', 'reason': 'OK', 'is_correction': True}"
2026-06-10T14:42:47.055Z,LivingRoom_Blinds_1,Smart Motorized Blinds,Open/Close Percentage,1,Human,25.0,25.0,60.0,10.0,50.0,3.0,0,60.4,-720.0,0,Living Room,Window Blinds,blinds,2.0,"{'timestamp': '2026-06-10T14:42:41.450Z', 'parameter': 'Open/Close Percentage', 'predicted_value': 62.43, 'confidence': 0.72, 'status': 'Executed', 'reason': 'OK', 'is_correction': True}"
2026-06-10T14:42:47.028Z,LivingRoom_Blinds_1,Smart Motorized Blinds,Open/Close Percentage,2,Human,25.0,25.0,60.0,10.0,50.0,3.0,0,60.4,-720.0,0,Living Room,Window Blinds,blinds,3.0,"{'timestamp': '2026-06-10T14:42:41.450Z', 'parameter': 'Open/Close Percentage', 'predicted_value': 62.43, 'confidence': 0.72, 'status': 'Executed', 'reason': 'OK', 'is_correction': True}"
2026-06-10T14:42:46.995Z,LivingRoom_Blinds_1,Smart Motorized Blinds,Open/Close Percentage,3,Human,25.0,25.0,60.0,10.0,50.0,3.0,0,60.4,-720.0,0,Living Room,Window Blinds,blinds,4.0,"{'timestamp': '2026-06-10T14:42:41.450Z', 'parameter': 'Open/Close Percentage', 'predicted_value': 62.43, 'confidence': 0.72, 'status': 'Executed', 'reason': 'OK', 'is_correction': True}"
2026-06-10T14:42:46.973Z,LivingRoom_Blinds_1,Smart Motorized Blinds,Open/Close Percentage,4,Human,25.0,25.0,60.0,10.0,50.0,3.0,0,60.4,-720.0,0,Living Room,Window Blinds,blinds,5.0,"{'timestamp': '2026-06-10T14:42:41.450Z', 'parameter': 'Open/Close Percentage', 'predicted_value': 62.43, 'confidence': 0.72, 'status': 'Executed', 'reason': 'OK', 'is_correction': True}"
2026-06-10T14:42:46.903Z,LivingRoom_Blinds_1,Smart Motorized Blinds,Open/Close Percentage,5,Human,25.0,25.0,60.0,10.0,50.0,3.0,0,60.4,-720.0,0,Living Room,Window Blinds,blinds,6.0,"{'timestamp': '2026-06-10T14:42:41.450Z', 'parameter': 'Open/Close Percentage', 'predicted_value': 62.43, 'confidence': 0.72, 'status': 'Executed', 'reason': 'OK', 'is_correction': True}"
2026-06-10T14:42:46.841Z,LivingRoom_Blinds_1,Smart Motorized Blinds,Open/Close Percentage,6,Human,25.0,25.0,60.0,10.0,50.0,3.0,0,60.4,-720.0,0,Living Room,Window Blinds,blinds,8.0,"{'timestamp': '2026-06-10T14:42:41.450Z', 'parameter': 'Open/Close Percentage', 'predicted_value': 62.43, 'confidence': 0.72, 'status': 'Executed', 'reason': 'OK', 'is_correction': True}"
2026-06-10T14:42:46.813Z,LivingRoom_Blinds_1,Smart Motorized Blinds,Open/Close Percentage,8,Human,25.0,25.0,60.0,10.0,50.0,3.0,0,60.4,-720.0,0,Living Room,Window Blinds,blinds,9.0,"{'timestamp': '2026-06-10T14:42:41.450Z', 'parameter': 'Open/Close Percentage', 'predicted_value': 62.43, 'confidence': 0.72, 'status': 'Executed', 'reason': 'OK', 'is_correction': True}"
2026-06-10T14:42:46.793Z,LivingRoom_Blinds_1,Smart Motorized Blinds,Open/Close Percentage,9,Human,25.0,25.0,60.0,10.0,50.0,3.0,0,60.4,-720.0,0,Living Room,Window Blinds,blinds,10.0,"{'timestamp': '2026-06-10T14:42:41.450Z', 'parameter': 'Open/Close Percentage', 'predicted_value': 62.43, 'confidence': 0.72, 'status': 'Executed', 'reason': 'OK', 'is_correction': True}"
2026-06-10T14:42:46.658Z,LivingRoom_Blinds_1,Smart Motorized Blinds,Open/Close Percentage,10,Human,25.0,25.0,60.0,10.0,50.0,3.0,0,60.4,-720.0,0,Living Room,Window Blinds,blinds,11.0,"{'timestamp': '2026-06-10T14:42:41.450Z', 'parameter': 'Open/Close Percentage', 'predicted_value': 62.43, 'confidence': 0.72, 'status': 'Executed', 'reason': 'OK', 'is_correction': True}"
2026-06-10T14:42:46.642Z,LivingRoom_Blinds_1,Smart Motorized Blinds,Open/Close Percentage,11,Human,25.0,25.0,60.0,10.0,50.0,3.0,0,60.4,-720.0,0,Living Room,Window Blinds,blinds,14.0,"{'timestamp': '2026-06-10T14:42:41.450Z', 'parameter': 'Open/Close Percentage', 'predicted_value': 62.43, 'confidence': 0.72, 'status': 'Executed', 'reason': 'OK', 'is_correction': True}"
2026-06-10T14:42:46.628Z,LivingRoom_Blinds_1,Smart Motorized Blinds,Open/Close Percentage,14,Human,25.0,25.0,60.0,10.0,50.0,3.0,0,60.4,-720.0,0,Living Room,Window Blinds,blinds,18.0,"{'timestamp': '2026-06-10T14:42:41.450Z', 'parameter': 'Open/Close Percentage', 'predicted_value': 62.43, 'confidence': 0.72, 'status': 'Executed', 'reason': 'OK', 'is_correction': True}"
2026-06-10T14:42:46.609Z,LivingRoom_Blinds_1,Smart Motorized Blinds,Open/Close Percentage,18,Human,25.0,25.0,60.0,10.0,50.0,3.0,0,60.4,-720.0,0,Living Room,Window Blinds,blinds,20.0,"{'timestamp': '2026-06-10T14:42:41.450Z', 'parameter': 'Open/Close Percentage', 'predicted_value': 62.43, 'confidence': 0.72, 'status': 'Executed', 'reason': 'OK', 'is_correction': True}"
2026-06-10T14:42:46.591Z,LivingRoom_Blinds_1,Smart Motorized Blinds,Open/Close Percentage,20,Human,25.0,25.0,60.0,10.0,50.0,3.0,0,60.4,-720.0,0,Living Room,Window Blinds,blinds,21.0,"{'timestamp': '2026-06-10T14:42:41.450Z', 'parameter': 'Open/Close Percentage', 'predicted_value': 62.43, 'confidence': 0.72, 'status': 'Executed', 'reason': 'OK', 'is_correction': True}"
2026-06-10T14:42:46.572Z,LivingRoom_Blinds_1,Smart Motorized Blinds,Open/Close Percentage,21,Human,25.0,25.0,60.0,10.0,50.0,3.0,0,60.4,-720.0,0,Living Room,Window Blinds,blinds,22.0,"{'timestamp': '2026-06-10T14:42:41.450Z', 'parameter': 'Open/Close Percentage', 'predicted_value': 62.43, 'confidence': 0.72, 'status': 'Executed', 'reason': 'OK', 'is_correction': True}"
2026-06-10T14:42:46.545Z,LivingRoom_Blinds_1,Smart Motorized Blinds,Open/Close Percentage,22,Human,25.0,25.0,60.0,10.0,50.0,3.0,0,60.4,-720.0,0,Living Room,Window Blinds,blinds,24.0,"{'timestamp': '2026-06-10T14:42:41.450Z', 'parameter': 'Open/Close Percentage', 'predicted_value': 62.43, 'confidence': 0.72, 'status': 'Executed', 'reason': 'OK', 'is_correction': True}"
2026-06-10T14:42:46.524Z,LivingRoom_Blinds_1,Smart Motorized Blinds,Open/Close Percentage,24,Human,25.0,25.0,60.0,10.0,50.0,3.0,0,60.4,-720.0,0,Living Room,Window Blinds,blinds,25.0,"{'timestamp': '2026-06-10T14:42:41.450Z', 'parameter': 'Open/Close Percentage', 'predicted_value': 62.43, 'confidence': 0.72, 'status': 'Executed', 'reason': 'OK', 'is_correction': True}"
2026-06-10T14:42:46.509Z,LivingRoom_Blinds_1,Smart Motorized Blinds,Open/Close Percentage,25,Human,25.0,25.0,60.0,10.0,50.0,3.0,0,60.4,-720.0,0,Living Room,Window Blinds,blinds,26.0,"{'timestamp': '2026-06-10T14:42:41.450Z', 'parameter': 'Open/Close Percentage', 'predicted_value': 62.43, 'confidence': 0.72, 'status': 'Executed', 'reason': 'OK', 'is_correction': True}"
2026-06-10T14:42:46.494Z,LivingRoom_Blinds_1,Smart Motorized Blinds,Open/Close Percentage,26,Human,25.0,25.0,60.0,10.0,50.0,3.0,0,60.4,-720.0,0,Living Room,Window Blinds,blinds,27.0,"{'timestamp': '2026-06-10T14:42:41.450Z', 'parameter': 'Open/Close Percentage', 'predicted_value': 62.43, 'confidence': 0.72, 'status': 'Executed', 'reason': 'OK', 'is_correction': True}"
2026-06-10T14:42:46.473Z,LivingRoom_Blinds_1,Smart Motorized Blinds,Open/Close Percentage,27,Human,25.0,25.0,60.0,10.0,50.0,3.0,0,60.4,-720.0,0,Living Room,Window Blinds,blinds,30.0,"{'timestamp': '2026-06-10T14:42:41.450Z', 'parameter': 'Open/Close Percentage', 'predicted_value': 62.43, 'confidence': 0.72, 'status': 'Executed', 'reason': 'OK', 'is_correction': True}"
2026-06-10T14:42:46.452Z,LivingRoom_Blinds_1,Smart Motorized Blinds,Open/Close Percentage,30,Human,25.0,25.0,60.0,10.0,50.0,3.0,0,60.4,-720.0,0,Living Room,Window Blinds,blinds,31.0,"{'timestamp': '2026-06-10T14:42:41.450Z', 'parameter': 'Open/Close Percentage', 'predicted_value': 62.43, 'confidence': 0.72, 'status': 'Executed', 'reason': 'OK', 'is_correction': True}"
2026-06-10T14:42:46.438Z,LivingRoom_Blinds_1,Smart Motorized Blinds,Open/Close Percentage,31,Human,25.0,25.0,60.0,10.0,50.0,3.0,0,60.4,-720.0,0,Living Room,Window Blinds,blinds,32.0,"{'timestamp': '2026-06-10T14:42:41.450Z', 'parameter': 'Open/Close Percentage', 'predicted_value': 62.43, 'confidence': 0.72, 'status': 'Executed', 'reason': 'OK', 'is_correction': True}"
2026-06-10T14:42:46.410Z,LivingRoom_Blinds_1,Smart Motorized Blinds,Open/Close Percentage,32,Human,25.0,25.0,60.0,10.0,50.0,3.0,0,60.4,-720.0,0,Living Room,Window Blinds,blinds,33.0,"{'timestamp': '2026-06-10T14:42:41.450Z', 'parameter': 'Open/Close Percentage', 'predicted_value': 62.43, 'confidence': 0.72, 'status': 'Executed', 'reason': 'OK', 'is_correction': True}"
2026-06-10T14:42:46.377Z,LivingRoom_Blinds_1,Smart Motorized Blinds,Open/Close Percentage,33,Human,25.0,25.0,60.0,10.0,50.0,3.0,0,60.4,-720.0,0,Living Room,Window Blinds,blinds,35.0,"{'timestamp': '2026-06-10T14:42:41.450Z', 'parameter': 'Open/Close Percentage', 'predicted_value': 62.43, 'confidence': 0.72, 'status': 'Executed', 'reason': 'OK', 'is_correction': True}"
2026-06-10T14:42:46.362Z,LivingRoom_Blinds_1,Smart Motorized Blinds,Open/Close Percentage,35,Human,25.0,25.0,60.0,10.0,50.0,3.0,0,60.4,-720.0,0,Living Room,Window Blinds,blinds,36.0,"{'timestamp': '2026-06-10T14:42:41.450Z', 'parameter': 'Open/Close Percentage', 'predicted_value': 62.43, 'confidence': 0.72, 'status': 'Executed', 'reason': 'OK', 'is_correction': True}"
2026-06-10T14:42:46.341Z,LivingRoom_Blinds_1,Smart Motorized Blinds,Open/Close Percentage,36,Human,25.0,25.0,60.0,10.0,50.0,3.0,0,60.4,-720.0,0,Living Room,Window Blinds,blinds,37.0,"{'timestamp': '2026-06-10T14:42:41.450Z', 'parameter': 'Open/Close Percentage', 'predicted_value': 62.43, 'confidence': 0.72, 'status': 'Executed', 'reason': 'OK', 'is_correction': True}"
2026-06-10T14:42:46.328Z,LivingRoom_Blinds_1,Smart Motorized Blinds,Open/Close Percentage,37,Human,25.0,25.0,60.0,10.0,50.0,3.0,0,60.4,-720.0,0,Living Room,Window Blinds,blinds,38.0,"{'timestamp': '2026-06-10T14:42:41.450Z', 'parameter': 'Open/Close Percentage', 'predicted_value': 62.43, 'confidence': 0.72, 'status': 'Executed', 'reason': 'OK', 'is_correction': True}"
2026-06-10T14:42:46.299Z,LivingRoom_Blinds_1,Smart Motorized Blinds,Open/Close Percentage,38,Human,25.0,25.0,60.0,10.0,50.0,3.0,0,60.4,-720.0,0,Living Room,Window Blinds,blinds,39.0,"{'timestamp': '2026-06-10T14:42:41.450Z', 'parameter': 'Open/Close Percentage', 'predicted_value': 62.43, 'confidence': 0.72, 'status': 'Executed', 'reason': 'OK', 'is_correction': True}"
2026-06-10T14:42:46.278Z,LivingRoom_Blinds_1,Smart Motorized Blinds,Open/Close Percentage,39,Human,25.0,25.0,60.0,10.0,50.0,3.0,0,60.4,-720.0,0,Living Room,Window Blinds,blinds,40.0,"{'timestamp': '2026-06-10T14:42:41.450Z', 'parameter': 'Open/Close Percentage', 'predicted_value': 62.43, 'confidence': 0.72, 'status': 'Executed', 'reason': 'OK', 'is_correction': True}"
2026-06-10T14:42:46.250Z,LivingRoom_Blinds_1,Smart Motorized Blinds,Open/Close Percentage,40,Human,25.0,25.0,60.0,10.0,50.0,3.0,0,60.4,-720.0,0,Living Room,Window Blinds,blinds,41.0,"{'timestamp': '2026-06-10T14:42:41.450Z', 'parameter': 'Open/Close Percentage', 'predicted_value': 62.43, 'confidence': 0.72, 'status': 'Executed', 'reason': 'OK', 'is_correction': True}"
2026-06-10T14:42:46.235Z,LivingRoom_Blinds_1,Smart Motorized Blinds,Open/Close Percentage,41,Human,25.0,25.0,60.0,10.0,50.0,3.0,0,60.4,-720.0,0,Living Room,Window Blinds,blinds,44.0,"{'timestamp': '2026-06-10T14:42:41.450Z', 'parameter': 'Open/Close Percentage', 'predicted_value': 62.43, 'confidence': 0.72, 'status': 'Executed', 'reason': 'OK', 'is_correction': True}"
2026-06-10T14:42:46.217Z,LivingRoom_Blinds_1,Smart Motorized Blinds,Open/Close Percentage,44,Human,25.0,25.0,60.0,10.0,50.0,3.0,0,60.4,-720.0,0,Living Room,Window Blinds,blinds,46.0,"{'timestamp': '2026-06-10T14:42:41.450Z', 'parameter': 'Open/Close Percentage', 'predicted_value': 62.43, 'confidence': 0.72, 'status': 'Executed', 'reason': 'OK', 'is_correction': True}"
2026-06-10T14:42:46.203Z,LivingRoom_Blinds_1,Smart Motorized Blinds,Open/Close Percentage,46,Human,25.0,25.0,60.0,10.0,50.0,3.0,0,60.4,-720.0,0,Living Room,Window Blinds,blinds,47.0,"{'timestamp': '2026-06-10T14:42:41.450Z', 'parameter': 'Open/Close Percentage', 'predicted_value': 62.43, 'confidence': 0.72, 'status': 'Executed', 'reason': 'OK', 'is_correction': True}"
2026-06-10T14:42:46.189Z,LivingRoom_Blinds_1,Smart Motorized Blinds,Open/Close Percentage,47,Human,25.0,25.0,60.0,10.0,50.0,3.0,0,60.4,-720.0,0,Living Room,Window Blinds,blinds,48.0,"{'timestamp': '2026-06-10T14:42:41.450Z', 'parameter': 'Open/Close Percentage', 'predicted_value': 62.43, 'confidence': 0.72, 'status': 'Executed', 'reason': 'OK', 'is_correction': True}"
2026-06-10T14:42:46.158Z,LivingRoom_Blinds_1,Smart Motorized Blinds,Open/Close Percentage,48,Human,25.0,25.0,60.0,10.0,50.0,3.0,0,60.4,-720.0,0,Living Room,Window Blinds,blinds,49.0,"{'timestamp': '2026-06-10T14:42:41.450Z', 'parameter': 'Open/Close Percentage', 'predicted_value': 62.43, 'confidence': 0.72, 'status': 'Executed', 'reason': 'OK', 'is_correction': True}"
2026-06-10T14:42:46.143Z,LivingRoom_Blinds_1,Smart Motorized Blinds,Open/Close Percentage,49,Human,25.0,25.0,60.0,10.0,50.0,3.0,0,60.4,-720.0,0,Living Room,Window Blinds,blinds,50.0,"{'timestamp': '2026-06-10T14:42:41.450Z', 'parameter': 'Open/Close Percentage', 'predicted_value': 62.43, 'confidence': 0.72, 'status': 'Executed', 'reason': 'OK', 'is_correction': True}"
2026-06-10T14:42:46.126Z,LivingRoom_Blinds_1,Smart Motorized Blinds,Open/Close Percentage,50,Human,25.0,25.0,60.0,10.0,50.0,3.0,0,60.4,-720.0,0,Living Room,Window Blinds,blinds,51.0,"{'timestamp': '2026-06-10T14:42:41.450Z', 'parameter': 'Open/Close Percentage', 'predicted_value': 62.43, 'confidence': 0.72, 'status': 'Executed', 'reason': 'OK', 'is_correction': True}"
2026-06-10T14:42:46.102Z,LivingRoom_Blinds_1,Smart Motorized Blinds,Open/Close Percentage,51,Human,25.0,25.0,60.0,10.0,50.0,3.0,0,60.4,-720.0,0,Living Room,Window Blinds,blinds,52.0,"{'timestamp': '2026-06-10T14:42:41.450Z', 'parameter': 'Open/Close Percentage', 'predicted_value': 62.43, 'confidence': 0.72, 'status': 'Executed', 'reason': 'OK', 'is_correction': True}"
2026-06-10T14:42:46.077Z,LivingRoom_Blinds_1,Smart Motorized Blinds,Open/Close Percentage,52,Human,25.0,25.0,60.0,10.0,50.0,3.0,0,60.4,-720.0,0,Living Room,Window Blinds,blinds,53.0,"{'timestamp': '2026-06-10T14:42:41.450Z', 'parameter': 'Open/Close Percentage', 'predicted_value': 62.43, 'confidence': 0.72, 'status': 'Executed', 'reason': 'OK', 'is_correction': True}"
2026-06-10T14:42:46.036Z,LivingRoom_Blinds_1,Smart Motorized Blinds,Open/Close Percentage,53,Human,25.0,25.0,60.0,10.0,50.0,3.0,0,60.4,-720.0,0,Living Room,Window Blinds,blinds,55.0,"{'timestamp': '2026-06-10T14:42:41.450Z', 'parameter': 'Open/Close Percentage', 'predicted_value': 62.43, 'confidence': 0.72, 'status': 'Executed', 'reason': 'OK', 'is_correction': True}"
2026-06-10T14:42:46.007Z,LivingRoom_Blinds_1,Smart Motorized Blinds,Open/Close Percentage,55,Human,25.0,25.0,60.0,10.0,50.0,3.0,0,60.4,-720.0,0,Living Room,Window Blinds,blinds,56.0,"{'timestamp': '2026-06-10T14:42:41.450Z', 'parameter': 'Open/Close Percentage', 'predicted_value': 62.43, 'confidence': 0.72, 'status': 'Executed', 'reason': 'OK', 'is_correction': True}"
2026-06-10T14:42:45.973Z,LivingRoom_Blinds_1,Smart Motorized Blinds,Open/Close Percentage,56,Human,25.0,25.0,60.0,10.0,50.0,3.0,0,60.4,-720.0,0,Living Room,Window Blinds,blinds,57.0,"{'timestamp': '2026-06-10T14:42:41.450Z', 'parameter': 'Open/Close Percentage', 'predicted_value': 62.43, 'confidence': 0.72, 'status': 'Executed', 'reason': 'OK', 'is_correction': True}"
2026-06-10T14:42:45.940Z,LivingRoom_Blinds_1,Smart Motorized Blinds,Open/Close Percentage,57,Human,25.0,25.0,60.0,10.0,50.0,3.0,0,60.4,-720.0,0,Living Room,Window Blinds,blinds,58.0,"{'timestamp': '2026-06-10T14:42:41.450Z', 'parameter': 'Open/Close Percentage', 'predicted_value': 62.43, 'confidence': 0.72, 'status': 'Executed', 'reason': 'OK', 'is_correction': True}"
2026-06-10T14:42:45.918Z,LivingRoom_Blinds_1,Smart Motorized Blinds,Open/Close Percentage,58,Human,25.0,25.0,60.0,10.0,50.0,3.0,0,60.4,-720.0,0,Living Room,Window Blinds,blinds,59.0,"{'timestamp': '2026-06-10T14:42:41.450Z', 'parameter': 'Open/Close Percentage', 'predicted_value': 62.43, 'confidence': 0.72, 'status': 'Executed', 'reason': 'OK', 'is_correction': True}"
2026-06-10T14:42:45.897Z,LivingRoom_Blinds_1,Smart Motorized Blinds,Open/Close Percentage,59,Human,25.0,25.0,60.0,10.0,50.0,3.0,0,60.4,-720.0,0,Living Room,Window Blinds,blinds,61.0,"{'timestamp': '2026-06-10T14:42:41.450Z', 'parameter': 'Open/Close Percentage', 'predicted_value': 62.43, 'confidence': 0.72, 'status': 'Executed', 'reason': 'OK', 'is_correction': True}"
2026-06-10T14:42:45.862Z,LivingRoom_Blinds_1,Smart Motorized Blinds,Open/Close Percentage,61,Human,25.0,25.0,60.0,10.0,50.0,3.0,0,60.4,-720.0,0,Living Room,Window Blinds,blinds,62.43,"{'timestamp': '2026-06-10T14:42:41.450Z', 'parameter': 'Open/Close Percentage', 'predicted_value': 62.43, 'confidence': 0.72, 'status': 'Executed', 'reason': 'OK', 'is_correction': True}"
2026-06-10T14:46:04.586Z,LivingRoom_AC_1,Smart Air Conditioner,Target Temperature,24,Human,25.0,25.0,60.0,10.0,50.0,3.0,0,60.6,-720.0,0,Living Room,,,22.0,"{'parameter': 'Target Temperature', 'validated_value': 22, 'confidence': 0.85, 'timestamp': '2026-06-10T14:45:04.586Z', 'reason': 'Hot weather detected'}"
