timestamp,key,device_id,parameter,n_samples,metric_name,metric,model_type,status,reason,predicted
2026-06-09T14:36:39.987198,Bedroom_AC_2__Operation Mode,Bedroom_AC_2,Operation Mode,54,Accuracy,0.5455,clf,DROPPED,accuracy 0.545 < 0.55,
2026-06-09T14:36:40.179220,Bedroom_AC_2__Target Temperature,Bedroom_AC_2,Target Temperature,54,MAE,0.1203,reg,OK,,
2026-06-09T14:36:40.384684,Bedroom_LED_2__Brightness,Bedroom_LED_2,Brightness,54,MAE,5.0362,reg,OK,,
2026-06-09T14:36:40.618988,Bedroom_LED_2__Color Temperature,Bedroom_LED_2,Color Temperature,54,Accuracy,0.3636,clf,DROPPED,accuracy 0.364 < 0.55,
2026-06-09T14:36:40.863520,FrontDoor_Cam_1__Privacy Mode,FrontDoor_Cam_1,Privacy Mode,54,Accuracy,0.2727,clf,DROPPED,accuracy 0.273 < 0.55,
2026-06-09T14:36:41.134107,Garden_Irrigation_1__Zone 1 State,Garden_Irrigation_1,Zone 1 State,55,Accuracy,1.0,clf,OK,,
2026-06-09T14:36:41.437338,Hallway_Vacuum_1__Suction Power,Hallway_Vacuum_1,Suction Power,8,Accuracy,0.5,clf,DROPPED,accuracy 0.500 < 0.55,
2026-06-09T14:36:41.724149,Kitchen_Speaker_1__Playback State,Kitchen_Speaker_1,Playback State,78,Accuracy,1.0,clf,OK,,
2026-06-09T14:36:41.940305,Kitchen_Speaker_1__Volume Level,Kitchen_Speaker_1,Volume Level,39,MAE,5.5137,reg,OK,,
2026-06-09T14:36:42.198750,LivingRoom_AC_1__Fan Speed,LivingRoom_AC_1,Fan Speed,39,Accuracy,0.125,clf,DROPPED,accuracy 0.125 < 0.55,
2026-06-09T14:36:42.431911,LivingRoom_AC_1__Operation Mode,LivingRoom_AC_1,Operation Mode,55,Accuracy,0.9091,clf,OK,,
2026-06-09T14:36:42.634209,LivingRoom_AC_1__Target Temperature,LivingRoom_AC_1,Target Temperature,55,MAE,0.4692,reg,OK,,
2026-06-09T14:36:42.825919,LivingRoom_Blinds_1__Open/Close Percentage,LivingRoom_Blinds_1,Open/Close Percentage,77,MAE,5.1525,reg,OK,,
2026-06-09T14:36:43.015288,LivingRoom_LED_1__Brightness,LivingRoom_LED_1,Brightness,54,MAE,5.2504,reg,OK,,
2026-06-09T14:36:43.278450,LivingRoom_LED_1__Color Temperature,LivingRoom_LED_1,Color Temperature,54,Accuracy,0.3636,clf,DROPPED,accuracy 0.364 < 0.55,
2026-06-09T14:36:43.506963,LivingRoom_LED_1__Power State,LivingRoom_LED_1,Power State,108,Accuracy,1.0,clf,OK,,
2026-06-09T14:36:43.730843,TV_Plug_1__Switch State,TV_Plug_1,Switch State,108,Accuracy,1.0,clf,OK,,
2026-06-09T14:36:45.469321,Bedroom_AC_2__Operation Mode,Bedroom_AC_2,Operation Mode,102,Accuracy,0.7619,clf,OK,,
2026-06-09T14:36:45.656800,Bedroom_AC_2__Target Temperature,Bedroom_AC_2,Target Temperature,102,MAE,0.0525,reg,OK,,
2026-06-09T14:36:45.853467,Bedroom_LED_2__Brightness,Bedroom_LED_2,Brightness,102,MAE,6.5557,reg,OK,,
2026-06-09T14:36:46.076054,Bedroom_LED_2__Color Temperature,Bedroom_LED_2,Color Temperature,102,Accuracy,0.5714,clf,OK,,
2026-06-09T14:36:46.305793,FrontDoor_Cam_1__Privacy Mode,FrontDoor_Cam_1,Privacy Mode,102,Accuracy,0.7143,clf,OK,,
2026-06-09T14:36:46.543739,Garden_Irrigation_1__Zone 1 State,Garden_Irrigation_1,Zone 1 State,103,Accuracy,1.0,clf,OK,,
2026-06-09T14:36:46.772698,Hallway_Vacuum_1__Suction Power,Hallway_Vacuum_1,Suction Power,15,Accuracy,0.3333,clf,DROPPED,accuracy 0.333 < 0.55,
2026-06-09T14:36:47.003689,Kitchen_Speaker_1__Playback State,Kitchen_Speaker_1,Playback State,146,Accuracy,1.0,clf,OK,,
2026-06-09T14:36:47.192295,Kitchen_Speaker_1__Volume Level,Kitchen_Speaker_1,Volume Level,73,MAE,4.3822,reg,OK,,
2026-06-09T14:36:47.439676,LivingRoom_AC_1__Fan Speed,LivingRoom_AC_1,Fan Speed,73,Accuracy,0.6,clf,OK,,
2026-06-09T14:36:47.669034,LivingRoom_AC_1__Operation Mode,LivingRoom_AC_1,Operation Mode,103,Accuracy,0.9524,clf,OK,,
2026-06-09T14:36:47.865785,LivingRoom_AC_1__Target Temperature,LivingRoom_AC_1,Target Temperature,103,MAE,0.8106,reg,OK,,
2026-06-09T14:36:48.050020,LivingRoom_Blinds_1__Open/Close Percentage,LivingRoom_Blinds_1,Open/Close Percentage,146,MAE,5.0566,reg,OK,,
2026-06-09T14:36:48.286677,LivingRoom_Fan_1__Fan Speed,LivingRoom_Fan_1,Fan Speed,44,Accuracy,0.5556,clf,OK,,
2026-06-09T14:36:48.529668,LivingRoom_Fan_1__Power State,LivingRoom_Fan_1,Power State,88,Accuracy,1.0,clf,OK,,
2026-06-09T14:36:48.727184,LivingRoom_LED_1__Brightness,LivingRoom_LED_1,Brightness,103,MAE,4.7027,reg,OK,,
2026-06-09T14:36:48.968097,LivingRoom_LED_1__Color Temperature,LivingRoom_LED_1,Color Temperature,103,Accuracy,0.4762,clf,DROPPED,accuracy 0.476 < 0.55,
2026-06-09T14:36:49.212300,LivingRoom_LED_1__Power State,LivingRoom_LED_1,Power State,205,Accuracy,1.0,clf,OK,,
2026-06-09T14:36:49.446904,TV_Plug_1__Switch State,TV_Plug_1,Switch State,205,Accuracy,1.0,clf,OK,,
2026-06-09T14:36:52.019220,Bedroom_AC_2__Operation Mode,Bedroom_AC_2,Operation Mode,150,Accuracy,0.6333,clf,OK,,
2026-06-09T14:36:52.225347,Bedroom_AC_2__Target Temperature,Bedroom_AC_2,Target Temperature,150,MAE,0.013,reg,OK,,
2026-06-09T14:36:52.427099,Bedroom_LED_2__Brightness,Bedroom_LED_2,Brightness,150,MAE,5.7416,reg,OK,,
2026-06-09T14:36:52.664543,Bedroom_LED_2__Color Temperature,Bedroom_LED_2,Color Temperature,150,Accuracy,0.5,clf,DROPPED,accuracy 0.500 < 0.55,
2026-06-09T14:36:52.897133,FrontDoor_Cam_1__Privacy Mode,FrontDoor_Cam_1,Privacy Mode,150,Accuracy,0.6667,clf,OK,,
2026-06-09T14:36:53.124419,Garden_Irrigation_1__Zone 1 State,Garden_Irrigation_1,Zone 1 State,150,Accuracy,1.0,clf,OK,,
2026-06-09T14:36:53.345679,Hallway_Vacuum_1__Suction Power,Hallway_Vacuum_1,Suction Power,22,Accuracy,0.4,clf,DROPPED,accuracy 0.400 < 0.55,
2026-06-09T14:36:53.582616,Kitchen_Speaker_1__Playback State,Kitchen_Speaker_1,Playback State,214,Accuracy,1.0,clf,OK,,
2026-06-09T14:36:53.788709,Kitchen_Speaker_1__Volume Level,Kitchen_Speaker_1,Volume Level,107,MAE,3.2386,reg,OK,,
2026-06-09T14:36:54.040592,LivingRoom_AC_1__Fan Speed,LivingRoom_AC_1,Fan Speed,107,Accuracy,0.4091,clf,DROPPED,accuracy 0.409 < 0.55,
2026-06-09T14:36:54.284003,LivingRoom_AC_1__Operation Mode,LivingRoom_AC_1,Operation Mode,150,Accuracy,0.9333,clf,OK,,
2026-06-09T14:36:54.472421,LivingRoom_AC_1__Target Temperature,LivingRoom_AC_1,Target Temperature,150,MAE,0.79,reg,OK,,
2026-06-09T14:36:54.668275,LivingRoom_Blinds_1__Open/Close Percentage,LivingRoom_Blinds_1,Open/Close Percentage,214,MAE,5.0396,reg,OK,,
2026-06-09T14:36:54.907831,LivingRoom_Fan_1__Fan Speed,LivingRoom_Fan_1,Fan Speed,91,Accuracy,0.3684,clf,DROPPED,accuracy 0.368 < 0.55,
2026-06-09T14:36:55.143160,LivingRoom_Fan_1__Power State,LivingRoom_Fan_1,Power State,182,Accuracy,1.0,clf,OK,,
2026-06-09T14:36:55.334856,LivingRoom_LED_1__Brightness,LivingRoom_LED_1,Brightness,150,MAE,4.9637,reg,OK,,
2026-06-09T14:36:55.603593,LivingRoom_LED_1__Color Temperature,LivingRoom_LED_1,Color Temperature,150,Accuracy,0.4,clf,DROPPED,accuracy 0.400 < 0.55,
2026-06-09T14:36:55.861445,LivingRoom_LED_1__Power State,LivingRoom_LED_1,Power State,300,Accuracy,1.0,clf,OK,,
2026-06-09T14:36:56.109018,TV_Plug_1__Switch State,TV_Plug_1,Switch State,300,Accuracy,1.0,clf,OK,,
2026-06-10T21:28:33.959914,Bedroom_AC_2__Operation Mode,Bedroom_AC_2,Operation Mode,150,Accuracy,0.6333,clf,OK,,
2026-06-10T21:28:34.227113,Bedroom_AC_2__Target Temperature,Bedroom_AC_2,Target Temperature,150,MAE,0.013,reg,OK,,
2026-06-10T21:28:34.489251,Bedroom_LED_2__Brightness,Bedroom_LED_2,Brightness,150,MAE,5.7416,reg,OK,,
2026-06-10T21:28:34.822326,Bedroom_LED_2__Color Temperature,Bedroom_LED_2,Color Temperature,150,Accuracy,0.5,clf,DROPPED,accuracy 0.500 < 0.55,
2026-06-10T21:28:35.141016,FrontDoor_Cam_1__Privacy Mode,FrontDoor_Cam_1,Privacy Mode,150,Accuracy,0.6667,clf,OK,,
2026-06-10T21:28:35.474276,Garden_Irrigation_1__Zone 1 State,Garden_Irrigation_1,Zone 1 State,150,Accuracy,1.0,clf,OK,,
2026-06-10T21:28:35.811245,Hallway_Vacuum_1__Suction Power,Hallway_Vacuum_1,Suction Power,22,Accuracy,0.4,clf,DROPPED,accuracy 0.400 < 0.55,
2026-06-10T21:28:36.128819,Kitchen_Speaker_1__Playback State,Kitchen_Speaker_1,Playback State,214,Accuracy,1.0,clf,OK,,
2026-06-10T21:28:36.400874,Kitchen_Speaker_1__Volume Level,Kitchen_Speaker_1,Volume Level,107,MAE,3.2386,reg,OK,,
2026-06-10T21:28:36.794253,LivingRoom_AC_1__Fan Speed,LivingRoom_AC_1,Fan Speed,107,Accuracy,0.4091,clf,DROPPED,accuracy 0.409 < 0.55,
2026-06-10T21:28:37.158385,LivingRoom_AC_1__Operation Mode,LivingRoom_AC_1,Operation Mode,150,Accuracy,0.9333,clf,OK,,
2026-06-10T21:28:37.453045,LivingRoom_AC_1__Target Temperature,LivingRoom_AC_1,Target Temperature,152,MAE,0.88,reg,OK,,
2026-06-10T21:28:37.727492,LivingRoom_Blinds_1__Open/Close Percentage,LivingRoom_Blinds_1,Open/Close Percentage,397,MAE,9.4674,reg,OK,,
2026-06-10T21:28:38.035650,LivingRoom_Fan_1__Fan Speed,LivingRoom_Fan_1,Fan Speed,91,Accuracy,0.3684,clf,DROPPED,accuracy 0.368 < 0.55,
2026-06-10T21:28:38.364923,LivingRoom_Fan_1__Power State,LivingRoom_Fan_1,Power State,182,Accuracy,1.0,clf,OK,,
2026-06-10T21:28:38.627468,LivingRoom_LED_1__Brightness,LivingRoom_LED_1,Brightness,150,MAE,4.9637,reg,OK,,
2026-06-10T21:28:38.965986,LivingRoom_LED_1__Color Temperature,LivingRoom_LED_1,Color Temperature,150,Accuracy,0.4,clf,DROPPED,accuracy 0.400 < 0.55,
2026-06-10T21:28:39.330859,LivingRoom_LED_1__Power State,LivingRoom_LED_1,Power State,300,Accuracy,1.0,clf,OK,,
2026-06-10T21:28:39.660670,TV_Plug_1__Switch State,TV_Plug_1,Switch State,300,Accuracy,1.0,clf,OK,,
2026-06-10T21:28:57.764989,Smart Motorized Blinds__Open/Close Percentage,Smart Motorized Blinds,Open/Close Percentage,0,REJECTION,,schema,REJECTED,Unknown: Smart Motorized Blinds/Open/Close Percentage,62.99419179894177
2026-06-10T21:28:58.661169,Smart Motorized Blinds__Open/Close Percentage,Smart Motorized Blinds,Open/Close Percentage,0,REJECTION,,schema,REJECTED,Unknown: Smart Motorized Blinds/Open/Close Percentage,62.99419179894177
2026-06-10T21:41:41.773363,Smart Motorized Blinds__Open/Close Percentage,Smart Motorized Blinds,Open/Close Percentage,0,REJECTION,,schema,REJECTED,Unknown: Smart Motorized Blinds/Open/Close Percentage,62.99419179894177
2026-06-10T21:41:42.634831,Smart Motorized Blinds__Open/Close Percentage,Smart Motorized Blinds,Open/Close Percentage,0,REJECTION,,schema,REJECTED,Unknown: Smart Motorized Blinds/Open/Close Percentage,62.99419179894178
2026-06-10T21:43:34.787154,Smart Motorized Blinds__Open/Close Percentage,Smart Motorized Blinds,Open/Close Percentage,0,REJECTION,,schema,REJECTED,Unknown: Smart Motorized Blinds/Open/Close Percentage,5.702960317460317
2026-06-10T21:44:25.452087,Smart Motorized Blinds__Open/Close Percentage,Smart Motorized Blinds,Open/Close Percentage,0,REJECTION,,schema,REJECTED,Unknown: Smart Motorized Blinds/Open/Close Percentage,62.99419179894177
2026-06-10T21:44:26.251511,Smart Motorized Blinds__Open/Close Percentage,Smart Motorized Blinds,Open/Close Percentage,0,REJECTION,,schema,REJECTED,Unknown: Smart Motorized Blinds/Open/Close Percentage,62.99419179894177
2026-06-10T21:46:30.028220,Smart Motorized Blinds__Open/Close Percentage,Smart Motorized Blinds,Open/Close Percentage,0,REJECTION,,schema,REJECTED,Unknown: Smart Motorized Blinds/Open/Close Percentage,62.99419179894177
2026-06-10T21:46:30.936173,Smart Motorized Blinds__Open/Close Percentage,Smart Motorized Blinds,Open/Close Percentage,0,REJECTION,,schema,REJECTED,Unknown: Smart Motorized Blinds/Open/Close Percentage,62.99419179894177
2026-06-10T21:46:31.979292,Smart Motorized Blinds__Open/Close Percentage,Smart Motorized Blinds,Open/Close Percentage,0,REJECTION,,schema,REJECTED,Unknown: Smart Motorized Blinds/Open/Close Percentage,62.99419179894177
2026-06-10T21:46:32.902775,Smart Motorized Blinds__Open/Close Percentage,Smart Motorized Blinds,Open/Close Percentage,0,REJECTION,,schema,REJECTED,Unknown: Smart Motorized Blinds/Open/Close Percentage,62.99419179894177
2026-06-10T21:46:33.880164,Smart Motorized Blinds__Open/Close Percentage,Smart Motorized Blinds,Open/Close Percentage,0,REJECTION,,schema,REJECTED,Unknown: Smart Motorized Blinds/Open/Close Percentage,62.99419179894177
2026-06-10T21:46:34.715261,Smart Motorized Blinds__Open/Close Percentage,Smart Motorized Blinds,Open/Close Percentage,0,REJECTION,,schema,REJECTED,Unknown: Smart Motorized Blinds/Open/Close Percentage,62.59255687830686
2026-06-10T21:46:35.578602,Smart Motorized Blinds__Open/Close Percentage,Smart Motorized Blinds,Open/Close Percentage,0,REJECTION,,schema,REJECTED,Unknown: Smart Motorized Blinds/Open/Close Percentage,62.59255687830686
2026-06-10T21:46:36.277410,Smart Motorized Blinds__Open/Close Percentage,Smart Motorized Blinds,Open/Close Percentage,0,REJECTION,,schema,REJECTED,Unknown: Smart Motorized Blinds/Open/Close Percentage,62.59255687830686
2026-06-10T21:46:36.968432,Smart Motorized Blinds__Open/Close Percentage,Smart Motorized Blinds,Open/Close Percentage,0,REJECTION,,schema,REJECTED,Unknown: Smart Motorized Blinds/Open/Close Percentage,62.59255687830687
2026-06-10T21:46:37.930725,Smart Motorized Blinds__Open/Close Percentage,Smart Motorized Blinds,Open/Close Percentage,0,REJECTION,,schema,REJECTED,Unknown: Smart Motorized Blinds/Open/Close Percentage,62.59255687830686
2026-06-10T21:46:38.876251,Smart Motorized Blinds__Open/Close Percentage,Smart Motorized Blinds,Open/Close Percentage,0,REJECTION,,schema,REJECTED,Unknown: Smart Motorized Blinds/Open/Close Percentage,62.59255687830686
2026-06-10T21:47:51.805291,Smart Motorized Blinds__Open/Close Percentage,Smart Motorized Blinds,Open/Close Percentage,0,REJECTION,,schema,REJECTED,Unknown: Smart Motorized Blinds/Open/Close Percentage,62.99419179894177
2026-06-10T21:47:52.640135,Smart Motorized Blinds__Open/Close Percentage,Smart Motorized Blinds,Open/Close Percentage,0,REJECTION,,schema,REJECTED,Unknown: Smart Motorized Blinds/Open/Close Percentage,62.99419179894177
2026-06-10T21:49:30.779626,Smart Motorized Blinds__Open/Close Percentage,Smart Motorized Blinds,Open/Close Percentage,0,REJECTION,,schema,REJECTED,Unknown: Smart Motorized Blinds/Open/Close Percentage,62.99419179894177
2026-06-10T21:49:36.921412,Smart Motorized Blinds__Open/Close Percentage,Smart Motorized Blinds,Open/Close Percentage,0,REJECTION,,schema,REJECTED,Unknown: Smart Motorized Blinds/Open/Close Percentage,62.99419179894177
2026-06-10T21:51:21.003930,Smart Motorized Blinds__Open/Close Percentage,Smart Motorized Blinds,Open/Close Percentage,0,REJECTION,,schema,REJECTED,Unknown: Smart Motorized Blinds/Open/Close Percentage,62.99419179894177
2026-06-10T21:51:21.765437,Smart Motorized Blinds__Open/Close Percentage,Smart Motorized Blinds,Open/Close Percentage,0,REJECTION,,schema,REJECTED,Unknown: Smart Motorized Blinds/Open/Close Percentage,62.99419179894177
2026-06-10T21:53:12.597354,Smart Motorized Blinds__Open/Close Percentage,Smart Motorized Blinds,Open/Close Percentage,0,REJECTION,,schema,REJECTED,Unknown: Smart Motorized Blinds/Open/Close Percentage,62.99419179894177
2026-06-10T21:53:45.949274,Smart Motorized Blinds__Open/Close Percentage,Smart Motorized Blinds,Open/Close Percentage,0,REJECTION,,schema,REJECTED,Unknown: Smart Motorized Blinds/Open/Close Percentage,62.99419179894178
2026-06-10T21:53:46.735107,Smart Motorized Blinds__Open/Close Percentage,Smart Motorized Blinds,Open/Close Percentage,0,REJECTION,,schema,REJECTED,Unknown: Smart Motorized Blinds/Open/Close Percentage,62.99419179894177
2026-06-10T21:58:36.481121,Smart Motorized Blinds__Open/Close Percentage,Smart Motorized Blinds,Open/Close Percentage,0,REJECTION,,schema,REJECTED,Unknown: Smart Motorized Blinds/Open/Close Percentage,5.7707380952380944
2026-06-10T22:00:57.539455,Smart Motorized Blinds__Open/Close Percentage,Smart Motorized Blinds,Open/Close Percentage,0,REJECTION,,schema,REJECTED,Unknown: Smart Motorized Blinds/Open/Close Percentage,62.99419179894177
2026-06-10T22:00:58.359112,Smart Motorized Blinds__Open/Close Percentage,Smart Motorized Blinds,Open/Close Percentage,0,REJECTION,,schema,REJECTED,Unknown: Smart Motorized Blinds/Open/Close Percentage,62.99419179894177
2026-06-10T22:01:34.603597,Smart Motorized Blinds__Open/Close Percentage,Smart Motorized Blinds,Open/Close Percentage,0,REJECTION,,schema,REJECTED,Unknown: Smart Motorized Blinds/Open/Close Percentage,62.99419179894177
2026-06-10T22:01:35.411963,Smart Motorized Blinds__Open/Close Percentage,Smart Motorized Blinds,Open/Close Percentage,0,REJECTION,,schema,REJECTED,Unknown: Smart Motorized Blinds/Open/Close Percentage,62.99419179894177
2026-06-10T22:01:44.290731,Smart Motorized Blinds__Open/Close Percentage,Smart Motorized Blinds,Open/Close Percentage,0,REJECTION,,schema,REJECTED,Unknown: Smart Motorized Blinds/Open/Close Percentage,62.99419179894177
2026-06-10T22:01:45.331820,Smart Motorized Blinds__Open/Close Percentage,Smart Motorized Blinds,Open/Close Percentage,0,REJECTION,,schema,REJECTED,Unknown: Smart Motorized Blinds/Open/Close Percentage,62.99419179894177
2026-06-10T22:01:46.257701,Smart Motorized Blinds__Open/Close Percentage,Smart Motorized Blinds,Open/Close Percentage,0,REJECTION,,schema,REJECTED,Unknown: Smart Motorized Blinds/Open/Close Percentage,62.99419179894177
2026-06-10T22:01:47.296179,Smart Motorized Blinds__Open/Close Percentage,Smart Motorized Blinds,Open/Close Percentage,0,REJECTION,,schema,REJECTED,Unknown: Smart Motorized Blinds/Open/Close Percentage,62.99419179894177
2026-06-10T22:01:48.328588,Smart Motorized Blinds__Open/Close Percentage,Smart Motorized Blinds,Open/Close Percentage,0,REJECTION,,schema,REJECTED,Unknown: Smart Motorized Blinds/Open/Close Percentage,62.99419179894177
2026-06-10T22:01:49.325899,Smart Motorized Blinds__Open/Close Percentage,Smart Motorized Blinds,Open/Close Percentage,0,REJECTION,,schema,REJECTED,Unknown: Smart Motorized Blinds/Open/Close Percentage,62.99419179894177
2026-06-10T22:01:50.269951,Smart Motorized Blinds__Open/Close Percentage,Smart Motorized Blinds,Open/Close Percentage,0,REJECTION,,schema,REJECTED,Unknown: Smart Motorized Blinds/Open/Close Percentage,62.99419179894177
2026-06-10T22:01:51.298761,Smart Motorized Blinds__Open/Close Percentage,Smart Motorized Blinds,Open/Close Percentage,0,REJECTION,,schema,REJECTED,Unknown: Smart Motorized Blinds/Open/Close Percentage,62.99419179894177
2026-06-10T22:01:52.278619,Smart Motorized Blinds__Open/Close Percentage,Smart Motorized Blinds,Open/Close Percentage,0,REJECTION,,schema,REJECTED,Unknown: Smart Motorized Blinds/Open/Close Percentage,62.99419179894177
2026-06-10T22:01:53.261688,Smart Motorized Blinds__Open/Close Percentage,Smart Motorized Blinds,Open/Close Percentage,0,REJECTION,,schema,REJECTED,Unknown: Smart Motorized Blinds/Open/Close Percentage,62.99419179894177
2026-06-10T22:01:54.331818,Smart Motorized Blinds__Open/Close Percentage,Smart Motorized Blinds,Open/Close Percentage,0,REJECTION,,schema,REJECTED,Unknown: Smart Motorized Blinds/Open/Close Percentage,62.99419179894177
2026-06-10T22:01:55.272727,Smart Motorized Blinds__Open/Close Percentage,Smart Motorized Blinds,Open/Close Percentage,0,REJECTION,,schema,REJECTED,Unknown: Smart Motorized Blinds/Open/Close Percentage,62.99419179894177
2026-06-10T22:01:56.331400,Smart Motorized Blinds__Open/Close Percentage,Smart Motorized Blinds,Open/Close Percentage,0,REJECTION,,schema,REJECTED,Unknown: Smart Motorized Blinds/Open/Close Percentage,62.99419179894177
2026-06-10T22:01:57.288508,Smart Motorized Blinds__Open/Close Percentage,Smart Motorized Blinds,Open/Close Percentage,0,REJECTION,,schema,REJECTED,Unknown: Smart Motorized Blinds/Open/Close Percentage,62.99419179894177
2026-06-10T22:01:58.470752,Smart Motorized Blinds__Open/Close Percentage,Smart Motorized Blinds,Open/Close Percentage,0,REJECTION,,schema,REJECTED,Unknown: Smart Motorized Blinds/Open/Close Percentage,62.99419179894177
2026-06-10T22:01:59.249492,Smart Motorized Blinds__Open/Close Percentage,Smart Motorized Blinds,Open/Close Percentage,0,REJECTION,,schema,REJECTED,Unknown: Smart Motorized Blinds/Open/Close Percentage,62.99419179894178
2026-06-10T22:02:00.166485,Smart Motorized Blinds__Open/Close Percentage,Smart Motorized Blinds,Open/Close Percentage,0,REJECTION,,schema,REJECTED,Unknown: Smart Motorized Blinds/Open/Close Percentage,58.49417195767196
2026-06-10T22:02:01.261082,Smart Motorized Blinds__Open/Close Percentage,Smart Motorized Blinds,Open/Close Percentage,0,REJECTION,,schema,REJECTED,Unknown: Smart Motorized Blinds/Open/Close Percentage,58.49417195767196
2026-06-10T22:02:02.281528,Smart Motorized Blinds__Open/Close Percentage,Smart Motorized Blinds,Open/Close Percentage,0,REJECTION,,schema,REJECTED,Unknown: Smart Motorized Blinds/Open/Close Percentage,58.49417195767196
2026-06-10T22:02:03.284847,Smart Motorized Blinds__Open/Close Percentage,Smart Motorized Blinds,Open/Close Percentage,0,REJECTION,,schema,REJECTED,Unknown: Smart Motorized Blinds/Open/Close Percentage,58.49417195767196
2026-06-10T22:02:04.256385,Smart Motorized Blinds__Open/Close Percentage,Smart Motorized Blinds,Open/Close Percentage,0,REJECTION,,schema,REJECTED,Unknown: Smart Motorized Blinds/Open/Close Percentage,58.49417195767196
2026-06-10T22:02:05.329723,Smart Motorized Blinds__Open/Close Percentage,Smart Motorized Blinds,Open/Close Percentage,0,REJECTION,,schema,REJECTED,Unknown: Smart Motorized Blinds/Open/Close Percentage,58.49417195767196
2026-06-10T22:02:06.249997,Smart Motorized Blinds__Open/Close Percentage,Smart Motorized Blinds,Open/Close Percentage,0,REJECTION,,schema,REJECTED,Unknown: Smart Motorized Blinds/Open/Close Percentage,58.49417195767196
2026-06-10T22:02:07.307897,Smart Motorized Blinds__Open/Close Percentage,Smart Motorized Blinds,Open/Close Percentage,0,REJECTION,,schema,REJECTED,Unknown: Smart Motorized Blinds/Open/Close Percentage,58.49417195767196
2026-06-10T22:02:08.290853,Smart Motorized Blinds__Open/Close Percentage,Smart Motorized Blinds,Open/Close Percentage,0,REJECTION,,schema,REJECTED,Unknown: Smart Motorized Blinds/Open/Close Percentage,58.49417195767196
2026-06-10T22:02:09.299562,Smart Motorized Blinds__Open/Close Percentage,Smart Motorized Blinds,Open/Close Percentage,0,REJECTION,,schema,REJECTED,Unknown: Smart Motorized Blinds/Open/Close Percentage,58.494171957671945
2026-06-10T22:02:10.286040,Smart Motorized Blinds__Open/Close Percentage,Smart Motorized Blinds,Open/Close Percentage,0,REJECTION,,schema,REJECTED,Unknown: Smart Motorized Blinds/Open/Close Percentage,58.49417195767196
2026-06-10T22:02:11.259992,Smart Motorized Blinds__Open/Close Percentage,Smart Motorized Blinds,Open/Close Percentage,0,REJECTION,,schema,REJECTED,Unknown: Smart Motorized Blinds/Open/Close Percentage,58.49417195767196
2026-06-10T22:02:12.270058,Smart Motorized Blinds__Open/Close Percentage,Smart Motorized Blinds,Open/Close Percentage,0,REJECTION,,schema,REJECTED,Unknown: Smart Motorized Blinds/Open/Close Percentage,58.49417195767196
2026-06-10T22:02:13.250843,Smart Motorized Blinds__Open/Close Percentage,Smart Motorized Blinds,Open/Close Percentage,0,REJECTION,,schema,REJECTED,Unknown: Smart Motorized Blinds/Open/Close Percentage,58.49417195767196
2026-06-10T22:02:14.349338,Smart Motorized Blinds__Open/Close Percentage,Smart Motorized Blinds,Open/Close Percentage,0,REJECTION,,schema,REJECTED,Unknown: Smart Motorized Blinds/Open/Close Percentage,58.494171957671945
2026-06-10T22:02:15.290691,Smart Motorized Blinds__Open/Close Percentage,Smart Motorized Blinds,Open/Close Percentage,0,REJECTION,,schema,REJECTED,Unknown: Smart Motorized Blinds/Open/Close Percentage,58.494171957671945
2026-06-10T22:02:16.367764,Smart Motorized Blinds__Open/Close Percentage,Smart Motorized Blinds,Open/Close Percentage,0,REJECTION,,schema,REJECTED,Unknown: Smart Motorized Blinds/Open/Close Percentage,58.49417195767196
2026-06-10T22:02:17.245637,Smart Motorized Blinds__Open/Close Percentage,Smart Motorized Blinds,Open/Close Percentage,0,REJECTION,,schema,REJECTED,Unknown: Smart Motorized Blinds/Open/Close Percentage,58.49417195767196
2026-06-10T22:02:18.320424,Smart Motorized Blinds__Open/Close Percentage,Smart Motorized Blinds,Open/Close Percentage,0,REJECTION,,schema,REJECTED,Unknown: Smart Motorized Blinds/Open/Close Percentage,58.49417195767196
2026-06-10T22:02:19.273244,Smart Motorized Blinds__Open/Close Percentage,Smart Motorized Blinds,Open/Close Percentage,0,REJECTION,,schema,REJECTED,Unknown: Smart Motorized Blinds/Open/Close Percentage,58.49417195767196
2026-06-10T22:02:20.361554,Smart Motorized Blinds__Open/Close Percentage,Smart Motorized Blinds,Open/Close Percentage,0,REJECTION,,schema,REJECTED,Unknown: Smart Motorized Blinds/Open/Close Percentage,58.49417195767196
2026-06-10T22:02:21.547224,Smart Motorized Blinds__Open/Close Percentage,Smart Motorized Blinds,Open/Close Percentage,0,REJECTION,,schema,REJECTED,Unknown: Smart Motorized Blinds/Open/Close Percentage,58.49417195767196
2026-06-10T22:02:22.313678,Smart Motorized Blinds__Open/Close Percentage,Smart Motorized Blinds,Open/Close Percentage,0,REJECTION,,schema,REJECTED,Unknown: Smart Motorized Blinds/Open/Close Percentage,58.49417195767196
2026-06-10T22:02:23.315061,Smart Motorized Blinds__Open/Close Percentage,Smart Motorized Blinds,Open/Close Percentage,0,REJECTION,,schema,REJECTED,Unknown: Smart Motorized Blinds/Open/Close Percentage,58.49417195767196
2026-06-10T22:02:24.344159,Smart Motorized Blinds__Open/Close Percentage,Smart Motorized Blinds,Open/Close Percentage,0,REJECTION,,schema,REJECTED,Unknown: Smart Motorized Blinds/Open/Close Percentage,58.49417195767196
2026-06-10T22:02:25.336969,Smart Motorized Blinds__Open/Close Percentage,Smart Motorized Blinds,Open/Close Percentage,0,REJECTION,,schema,REJECTED,Unknown: Smart Motorized Blinds/Open/Close Percentage,6.630158730158731
2026-06-10T22:02:26.254300,Smart Motorized Blinds__Open/Close Percentage,Smart Motorized Blinds,Open/Close Percentage,0,REJECTION,,schema,REJECTED,Unknown: Smart Motorized Blinds/Open/Close Percentage,6.630158730158731
2026-06-10T22:02:27.325468,Smart Motorized Blinds__Open/Close Percentage,Smart Motorized Blinds,Open/Close Percentage,0,REJECTION,,schema,REJECTED,Unknown: Smart Motorized Blinds/Open/Close Percentage,6.630158730158731
2026-06-10T22:02:28.278410,Smart Motorized Blinds__Open/Close Percentage,Smart Motorized Blinds,Open/Close Percentage,0,REJECTION,,schema,REJECTED,Unknown: Smart Motorized Blinds/Open/Close Percentage,6.630158730158731
2026-06-10T22:02:29.347969,Smart Motorized Blinds__Open/Close Percentage,Smart Motorized Blinds,Open/Close Percentage,0,REJECTION,,schema,REJECTED,Unknown: Smart Motorized Blinds/Open/Close Percentage,6.630158730158731
2026-06-10T22:02:30.340570,Smart Motorized Blinds__Open/Close Percentage,Smart Motorized Blinds,Open/Close Percentage,0,REJECTION,,schema,REJECTED,Unknown: Smart Motorized Blinds/Open/Close Percentage,5.518492063492064
2026-06-10T22:02:31.274838,Smart Motorized Blinds__Open/Close Percentage,Smart Motorized Blinds,Open/Close Percentage,0,REJECTION,,schema,REJECTED,Unknown: Smart Motorized Blinds/Open/Close Percentage,5.518492063492064
2026-06-10T22:02:32.281177,Smart Motorized Blinds__Open/Close Percentage,Smart Motorized Blinds,Open/Close Percentage,0,REJECTION,,schema,REJECTED,Unknown: Smart Motorized Blinds/Open/Close Percentage,5.518492063492064
2026-06-10T22:02:33.289581,Smart Motorized Blinds__Open/Close Percentage,Smart Motorized Blinds,Open/Close Percentage,0,REJECTION,,schema,REJECTED,Unknown: Smart Motorized Blinds/Open/Close Percentage,5.518492063492064
2026-06-10T22:02:34.307579,Smart Motorized Blinds__Open/Close Percentage,Smart Motorized Blinds,Open/Close Percentage,0,REJECTION,,schema,REJECTED,Unknown: Smart Motorized Blinds/Open/Close Percentage,5.518492063492064
2026-06-10T22:02:35.242336,Smart Motorized Blinds__Open/Close Percentage,Smart Motorized Blinds,Open/Close Percentage,0,REJECTION,,schema,REJECTED,Unknown: Smart Motorized Blinds/Open/Close Percentage,5.518492063492064
2026-06-10T22:02:36.233812,Smart Motorized Blinds__Open/Close Percentage,Smart Motorized Blinds,Open/Close Percentage,0,REJECTION,,schema,REJECTED,Unknown: Smart Motorized Blinds/Open/Close Percentage,5.518492063492064
2026-06-10T22:02:37.331935,Smart Motorized Blinds__Open/Close Percentage,Smart Motorized Blinds,Open/Close Percentage,0,REJECTION,,schema,REJECTED,Unknown: Smart Motorized Blinds/Open/Close Percentage,5.518492063492064
2026-06-10T22:02:38.269445,Smart Motorized Blinds__Open/Close Percentage,Smart Motorized Blinds,Open/Close Percentage,0,REJECTION,,schema,REJECTED,Unknown: Smart Motorized Blinds/Open/Close Percentage,5.518492063492064
2026-06-10T22:02:39.337598,Smart Motorized Blinds__Open/Close Percentage,Smart Motorized Blinds,Open/Close Percentage,0,REJECTION,,schema,REJECTED,Unknown: Smart Motorized Blinds/Open/Close Percentage,5.518492063492064
2026-06-10T22:02:40.303242,Smart Motorized Blinds__Open/Close Percentage,Smart Motorized Blinds,Open/Close Percentage,0,REJECTION,,schema,REJECTED,Unknown: Smart Motorized Blinds/Open/Close Percentage,6.737936507936508
2026-06-10T22:02:41.328923,Smart Motorized Blinds__Open/Close Percentage,Smart Motorized Blinds,Open/Close Percentage,0,REJECTION,,schema,REJECTED,Unknown: Smart Motorized Blinds/Open/Close Percentage,6.737936507936508
2026-06-10T22:02:42.284984,Smart Motorized Blinds__Open/Close Percentage,Smart Motorized Blinds,Open/Close Percentage,0,REJECTION,,schema,REJECTED,Unknown: Smart Motorized Blinds/Open/Close Percentage,6.737936507936508
2026-06-10T22:02:43.456540,Smart Motorized Blinds__Open/Close Percentage,Smart Motorized Blinds,Open/Close Percentage,0,REJECTION,,schema,REJECTED,Unknown: Smart Motorized Blinds/Open/Close Percentage,6.737936507936508
2026-06-10T22:02:44.247587,Smart Motorized Blinds__Open/Close Percentage,Smart Motorized Blinds,Open/Close Percentage,0,REJECTION,,schema,REJECTED,Unknown: Smart Motorized Blinds/Open/Close Percentage,6.737936507936508
2026-06-10T22:02:45.274060,Smart Motorized Blinds__Open/Close Percentage,Smart Motorized Blinds,Open/Close Percentage,0,REJECTION,,schema,REJECTED,Unknown: Smart Motorized Blinds/Open/Close Percentage,6.737936507936508
2026-06-10T22:02:46.311257,Smart Motorized Blinds__Open/Close Percentage,Smart Motorized Blinds,Open/Close Percentage,0,REJECTION,,schema,REJECTED,Unknown: Smart Motorized Blinds/Open/Close Percentage,6.737936507936508
2026-06-10T22:02:47.275630,Smart Motorized Blinds__Open/Close Percentage,Smart Motorized Blinds,Open/Close Percentage,0,REJECTION,,schema,REJECTED,Unknown: Smart Motorized Blinds/Open/Close Percentage,6.737936507936508
2026-06-10T22:02:48.297231,Smart Motorized Blinds__Open/Close Percentage,Smart Motorized Blinds,Open/Close Percentage,0,REJECTION,,schema,REJECTED,Unknown: Smart Motorized Blinds/Open/Close Percentage,6.737936507936508
2026-06-10T22:02:49.256070,Smart Motorized Blinds__Open/Close Percentage,Smart Motorized Blinds,Open/Close Percentage,0,REJECTION,,schema,REJECTED,Unknown: Smart Motorized Blinds/Open/Close Percentage,6.737936507936508
2026-06-10T22:02:50.298714,Smart Motorized Blinds__Open/Close Percentage,Smart Motorized Blinds,Open/Close Percentage,0,REJECTION,,schema,REJECTED,Unknown: Smart Motorized Blinds/Open/Close Percentage,6.737936507936508
2026-06-10T22:02:51.280722,Smart Motorized Blinds__Open/Close Percentage,Smart Motorized Blinds,Open/Close Percentage,0,REJECTION,,schema,REJECTED,Unknown: Smart Motorized Blinds/Open/Close Percentage,6.737936507936508
2026-06-10T22:02:52.222889,Smart Motorized Blinds__Open/Close Percentage,Smart Motorized Blinds,Open/Close Percentage,0,REJECTION,,schema,REJECTED,Unknown: Smart Motorized Blinds/Open/Close Percentage,6.737936507936508
2026-06-10T22:02:53.235262,Smart Motorized Blinds__Open/Close Percentage,Smart Motorized Blinds,Open/Close Percentage,0,REJECTION,,schema,REJECTED,Unknown: Smart Motorized Blinds/Open/Close Percentage,6.737936507936508
2026-06-10T22:02:54.287592,Smart Motorized Blinds__Open/Close Percentage,Smart Motorized Blinds,Open/Close Percentage,0,REJECTION,,schema,REJECTED,Unknown: Smart Motorized Blinds/Open/Close Percentage,6.737936507936508
2026-06-10T22:02:55.287160,Smart Motorized Blinds__Open/Close Percentage,Smart Motorized Blinds,Open/Close Percentage,0,REJECTION,,schema,REJECTED,Unknown: Smart Motorized Blinds/Open/Close Percentage,6.737936507936508
2026-06-10T22:02:56.275819,Smart Motorized Blinds__Open/Close Percentage,Smart Motorized Blinds,Open/Close Percentage,0,REJECTION,,schema,REJECTED,Unknown: Smart Motorized Blinds/Open/Close Percentage,6.737936507936508
2026-06-10T22:02:57.258518,Smart Motorized Blinds__Open/Close Percentage,Smart Motorized Blinds,Open/Close Percentage,0,REJECTION,,schema,REJECTED,Unknown: Smart Motorized Blinds/Open/Close Percentage,6.737936507936508
2026-06-10T22:02:58.291952,Smart Motorized Blinds__Open/Close Percentage,Smart Motorized Blinds,Open/Close Percentage,0,REJECTION,,schema,REJECTED,Unknown: Smart Motorized Blinds/Open/Close Percentage,6.737936507936508
2026-06-10T22:02:59.278607,Smart Motorized Blinds__Open/Close Percentage,Smart Motorized Blinds,Open/Close Percentage,0,REJECTION,,schema,REJECTED,Unknown: Smart Motorized Blinds/Open/Close Percentage,6.737936507936508
2026-06-10T22:03:00.217086,Smart Motorized Blinds__Open/Close Percentage,Smart Motorized Blinds,Open/Close Percentage,0,REJECTION,,schema,REJECTED,Unknown: Smart Motorized Blinds/Open/Close Percentage,6.737936507936508
2026-06-10T22:03:01.257996,Smart Motorized Blinds__Open/Close Percentage,Smart Motorized Blinds,Open/Close Percentage,0,REJECTION,,schema,REJECTED,Unknown: Smart Motorized Blinds/Open/Close Percentage,6.737936507936508
2026-06-10T22:03:02.323190,Smart Motorized Blinds__Open/Close Percentage,Smart Motorized Blinds,Open/Close Percentage,0,REJECTION,,schema,REJECTED,Unknown: Smart Motorized Blinds/Open/Close Percentage,6.737936507936508
2026-06-10T22:03:03.184509,Smart Motorized Blinds__Open/Close Percentage,Smart Motorized Blinds,Open/Close Percentage,0,REJECTION,,schema,REJECTED,Unknown: Smart Motorized Blinds/Open/Close Percentage,6.737936507936508
2026-06-10T22:03:04.309041,Smart Motorized Blinds__Open/Close Percentage,Smart Motorized Blinds,Open/Close Percentage,0,REJECTION,,schema,REJECTED,Unknown: Smart Motorized Blinds/Open/Close Percentage,6.737936507936508
2026-06-10T22:03:05.271501,Smart Motorized Blinds__Open/Close Percentage,Smart Motorized Blinds,Open/Close Percentage,0,REJECTION,,schema,REJECTED,Unknown: Smart Motorized Blinds/Open/Close Percentage,60.43729497354497
2026-06-10T22:03:06.358579,Smart Motorized Blinds__Open/Close Percentage,Smart Motorized Blinds,Open/Close Percentage,0,REJECTION,,schema,REJECTED,Unknown: Smart Motorized Blinds/Open/Close Percentage,60.43729497354497
2026-06-10T22:03:07.263456,Smart Motorized Blinds__Open/Close Percentage,Smart Motorized Blinds,Open/Close Percentage,0,REJECTION,,schema,REJECTED,Unknown: Smart Motorized Blinds/Open/Close Percentage,60.43729497354497
2026-06-10T22:03:08.368275,Smart Motorized Blinds__Open/Close Percentage,Smart Motorized Blinds,Open/Close Percentage,0,REJECTION,,schema,REJECTED,Unknown: Smart Motorized Blinds/Open/Close Percentage,60.43729497354497
2026-06-10T22:03:09.249835,Smart Motorized Blinds__Open/Close Percentage,Smart Motorized Blinds,Open/Close Percentage,0,REJECTION,,schema,REJECTED,Unknown: Smart Motorized Blinds/Open/Close Percentage,60.43729497354497
2026-06-10T22:03:10.324484,Smart Motorized Blinds__Open/Close Percentage,Smart Motorized Blinds,Open/Close Percentage,0,REJECTION,,schema,REJECTED,Unknown: Smart Motorized Blinds/Open/Close Percentage,60.43729497354497
2026-06-10T22:03:11.287797,Smart Motorized Blinds__Open/Close Percentage,Smart Motorized Blinds,Open/Close Percentage,0,REJECTION,,schema,REJECTED,Unknown: Smart Motorized Blinds/Open/Close Percentage,60.43729497354497
2026-06-10T22:03:12.271609,Smart Motorized Blinds__Open/Close Percentage,Smart Motorized Blinds,Open/Close Percentage,0,REJECTION,,schema,REJECTED,Unknown: Smart Motorized Blinds/Open/Close Percentage,60.43729497354497
2026-06-10T22:03:13.296820,Smart Motorized Blinds__Open/Close Percentage,Smart Motorized Blinds,Open/Close Percentage,0,REJECTION,,schema,REJECTED,Unknown: Smart Motorized Blinds/Open/Close Percentage,60.43729497354497
2026-06-10T22:03:14.351473,Smart Motorized Blinds__Open/Close Percentage,Smart Motorized Blinds,Open/Close Percentage,0,REJECTION,,schema,REJECTED,Unknown: Smart Motorized Blinds/Open/Close Percentage,60.43729497354497
2026-06-10T22:03:15.257189,Smart Motorized Blinds__Open/Close Percentage,Smart Motorized Blinds,Open/Close Percentage,0,REJECTION,,schema,REJECTED,Unknown: Smart Motorized Blinds/Open/Close Percentage,60.43729497354497
2026-06-10T22:03:16.306537,Smart Motorized Blinds__Open/Close Percentage,Smart Motorized Blinds,Open/Close Percentage,0,REJECTION,,schema,REJECTED,Unknown: Smart Motorized Blinds/Open/Close Percentage,60.43729497354497
2026-06-10T22:03:17.337838,Smart Motorized Blinds__Open/Close Percentage,Smart Motorized Blinds,Open/Close Percentage,0,REJECTION,,schema,REJECTED,Unknown: Smart Motorized Blinds/Open/Close Percentage,60.43729497354497
2026-06-10T22:03:18.268798,Smart Motorized Blinds__Open/Close Percentage,Smart Motorized Blinds,Open/Close Percentage,0,REJECTION,,schema,REJECTED,Unknown: Smart Motorized Blinds/Open/Close Percentage,60.43729497354497
2026-06-10T22:03:19.350102,Smart Motorized Blinds__Open/Close Percentage,Smart Motorized Blinds,Open/Close Percentage,0,REJECTION,,schema,REJECTED,Unknown: Smart Motorized Blinds/Open/Close Percentage,60.43729497354497
2026-06-10T22:03:20.311441,Smart Motorized Blinds__Open/Close Percentage,Smart Motorized Blinds,Open/Close Percentage,0,REJECTION,,schema,REJECTED,Unknown: Smart Motorized Blinds/Open/Close Percentage,60.43729497354497
2026-06-10T22:03:21.318829,Smart Motorized Blinds__Open/Close Percentage,Smart Motorized Blinds,Open/Close Percentage,0,REJECTION,,schema,REJECTED,Unknown: Smart Motorized Blinds/Open/Close Percentage,60.43729497354497
2026-06-10T22:03:22.315320,Smart Motorized Blinds__Open/Close Percentage,Smart Motorized Blinds,Open/Close Percentage,0,REJECTION,,schema,REJECTED,Unknown: Smart Motorized Blinds/Open/Close Percentage,60.43729497354497
2026-06-10T22:03:23.263123,Smart Motorized Blinds__Open/Close Percentage,Smart Motorized Blinds,Open/Close Percentage,0,REJECTION,,schema,REJECTED,Unknown: Smart Motorized Blinds/Open/Close Percentage,60.43729497354497
2026-06-10T22:03:24.297930,Smart Motorized Blinds__Open/Close Percentage,Smart Motorized Blinds,Open/Close Percentage,0,REJECTION,,schema,REJECTED,Unknown: Smart Motorized Blinds/Open/Close Percentage,60.43729497354497
2026-06-10T22:03:25.291629,Smart Motorized Blinds__Open/Close Percentage,Smart Motorized Blinds,Open/Close Percentage,0,REJECTION,,schema,REJECTED,Unknown: Smart Motorized Blinds/Open/Close Percentage,60.43729497354497
2026-06-10T22:03:26.231336,Smart Motorized Blinds__Open/Close Percentage,Smart Motorized Blinds,Open/Close Percentage,0,REJECTION,,schema,REJECTED,Unknown: Smart Motorized Blinds/Open/Close Percentage,60.43729497354497
2026-06-10T22:03:27.375965,Smart Motorized Blinds__Open/Close Percentage,Smart Motorized Blinds,Open/Close Percentage,0,REJECTION,,schema,REJECTED,Unknown: Smart Motorized Blinds/Open/Close Percentage,60.43729497354497
2026-06-10T22:03:28.320054,Smart Motorized Blinds__Open/Close Percentage,Smart Motorized Blinds,Open/Close Percentage,0,REJECTION,,schema,REJECTED,Unknown: Smart Motorized Blinds/Open/Close Percentage,60.43729497354497
2026-06-10T22:03:29.352257,Smart Motorized Blinds__Open/Close Percentage,Smart Motorized Blinds,Open/Close Percentage,0,REJECTION,,schema,REJECTED,Unknown: Smart Motorized Blinds/Open/Close Percentage,60.43729497354497
2026-06-10T22:03:30.272999,Smart Motorized Blinds__Open/Close Percentage,Smart Motorized Blinds,Open/Close Percentage,0,REJECTION,,schema,REJECTED,Unknown: Smart Motorized Blinds/Open/Close Percentage,60.43729497354497
2026-06-10T22:03:31.325743,Smart Motorized Blinds__Open/Close Percentage,Smart Motorized Blinds,Open/Close Percentage,0,REJECTION,,schema,REJECTED,Unknown: Smart Motorized Blinds/Open/Close Percentage,60.43729497354497
2026-06-10T22:03:32.250773,Smart Motorized Blinds__Open/Close Percentage,Smart Motorized Blinds,Open/Close Percentage,0,REJECTION,,schema,REJECTED,Unknown: Smart Motorized Blinds/Open/Close Percentage,60.43729497354497
2026-06-10T22:03:33.263579,Smart Motorized Blinds__Open/Close Percentage,Smart Motorized Blinds,Open/Close Percentage,0,REJECTION,,schema,REJECTED,Unknown: Smart Motorized Blinds/Open/Close Percentage,60.43729497354496
2026-06-10T22:03:34.267576,Smart Motorized Blinds__Open/Close Percentage,Smart Motorized Blinds,Open/Close Percentage,0,REJECTION,,schema,REJECTED,Unknown: Smart Motorized Blinds/Open/Close Percentage,60.43729497354497
2026-06-10T22:03:35.350901,Smart Motorized Blinds__Open/Close Percentage,Smart Motorized Blinds,Open/Close Percentage,0,REJECTION,,schema,REJECTED,Unknown: Smart Motorized Blinds/Open/Close Percentage,62.984191798941765
2026-06-10T22:03:36.346797,Smart Motorized Blinds__Open/Close Percentage,Smart Motorized Blinds,Open/Close Percentage,0,REJECTION,,schema,REJECTED,Unknown: Smart Motorized Blinds/Open/Close Percentage,62.984191798941765
2026-06-10T22:03:37.332401,Smart Motorized Blinds__Open/Close Percentage,Smart Motorized Blinds,Open/Close Percentage,0,REJECTION,,schema,REJECTED,Unknown: Smart Motorized Blinds/Open/Close Percentage,62.984191798941765
2026-06-10T22:03:38.345076,Smart Motorized Blinds__Open/Close Percentage,Smart Motorized Blinds,Open/Close Percentage,0,REJECTION,,schema,REJECTED,Unknown: Smart Motorized Blinds/Open/Close Percentage,62.98419179894176
2026-06-10T22:03:39.251312,Smart Motorized Blinds__Open/Close Percentage,Smart Motorized Blinds,Open/Close Percentage,0,REJECTION,,schema,REJECTED,Unknown: Smart Motorized Blinds/Open/Close Percentage,62.984191798941765
2026-06-10T22:03:40.323190,Smart Motorized Blinds__Open/Close Percentage,Smart Motorized Blinds,Open/Close Percentage,0,REJECTION,,schema,REJECTED,Unknown: Smart Motorized Blinds/Open/Close Percentage,62.99419179894177
2026-06-10T22:03:41.322763,Smart Motorized Blinds__Open/Close Percentage,Smart Motorized Blinds,Open/Close Percentage,0,REJECTION,,schema,REJECTED,Unknown: Smart Motorized Blinds/Open/Close Percentage,62.99419179894177
2026-06-10T22:03:42.356733,Smart Motorized Blinds__Open/Close Percentage,Smart Motorized Blinds,Open/Close Percentage,0,REJECTION,,schema,REJECTED,Unknown: Smart Motorized Blinds/Open/Close Percentage,62.99419179894177
2026-06-10T22:03:43.322516,Smart Motorized Blinds__Open/Close Percentage,Smart Motorized Blinds,Open/Close Percentage,0,REJECTION,,schema,REJECTED,Unknown: Smart Motorized Blinds/Open/Close Percentage,62.99419179894178
2026-06-10T22:03:44.435599,Smart Motorized Blinds__Open/Close Percentage,Smart Motorized Blinds,Open/Close Percentage,0,REJECTION,,schema,REJECTED,Unknown: Smart Motorized Blinds/Open/Close Percentage,62.99419179894177
2026-06-10T22:03:45.269024,Smart Motorized Blinds__Open/Close Percentage,Smart Motorized Blinds,Open/Close Percentage,0,REJECTION,,schema,REJECTED,Unknown: Smart Motorized Blinds/Open/Close Percentage,62.99419179894177
2026-06-10T22:03:46.324264,Smart Motorized Blinds__Open/Close Percentage,Smart Motorized Blinds,Open/Close Percentage,0,REJECTION,,schema,REJECTED,Unknown: Smart Motorized Blinds/Open/Close Percentage,62.99419179894177
2026-06-10T22:03:47.292404,Smart Motorized Blinds__Open/Close Percentage,Smart Motorized Blinds,Open/Close Percentage,0,REJECTION,,schema,REJECTED,Unknown: Smart Motorized Blinds/Open/Close Percentage,62.99419179894177
2026-06-10T22:03:48.291895,Smart Motorized Blinds__Open/Close Percentage,Smart Motorized Blinds,Open/Close Percentage,0,REJECTION,,schema,REJECTED,Unknown: Smart Motorized Blinds/Open/Close Percentage,62.99419179894177
2026-06-10T22:03:49.286050,Smart Motorized Blinds__Open/Close Percentage,Smart Motorized Blinds,Open/Close Percentage,0,REJECTION,,schema,REJECTED,Unknown: Smart Motorized Blinds/Open/Close Percentage,62.99419179894176
2026-06-10T22:03:50.330915,Smart Motorized Blinds__Open/Close Percentage,Smart Motorized Blinds,Open/Close Percentage,0,REJECTION,,schema,REJECTED,Unknown: Smart Motorized Blinds/Open/Close Percentage,62.99419179894178
2026-06-10T22:03:51.335759,Smart Motorized Blinds__Open/Close Percentage,Smart Motorized Blinds,Open/Close Percentage,0,REJECTION,,schema,REJECTED,Unknown: Smart Motorized Blinds/Open/Close Percentage,62.99419179894177
2026-06-10T22:03:52.402143,Smart Motorized Blinds__Open/Close Percentage,Smart Motorized Blinds,Open/Close Percentage,0,REJECTION,,schema,REJECTED,Unknown: Smart Motorized Blinds/Open/Close Percentage,62.99419179894177
2026-06-10T22:03:53.243144,Smart Motorized Blinds__Open/Close Percentage,Smart Motorized Blinds,Open/Close Percentage,0,REJECTION,,schema,REJECTED,Unknown: Smart Motorized Blinds/Open/Close Percentage,62.99419179894177
2026-06-10T22:03:54.298717,Smart Motorized Blinds__Open/Close Percentage,Smart Motorized Blinds,Open/Close Percentage,0,REJECTION,,schema,REJECTED,Unknown: Smart Motorized Blinds/Open/Close Percentage,62.99419179894177
2026-06-10T22:03:55.289893,Smart Motorized Blinds__Open/Close Percentage,Smart Motorized Blinds,Open/Close Percentage,0,REJECTION,,schema,REJECTED,Unknown: Smart Motorized Blinds/Open/Close Percentage,62.99419179894177
2026-06-10T22:03:56.354853,Smart Motorized Blinds__Open/Close Percentage,Smart Motorized Blinds,Open/Close Percentage,0,REJECTION,,schema,REJECTED,Unknown: Smart Motorized Blinds/Open/Close Percentage,62.99419179894177
2026-06-10T22:03:57.284758,Smart Motorized Blinds__Open/Close Percentage,Smart Motorized Blinds,Open/Close Percentage,0,REJECTION,,schema,REJECTED,Unknown: Smart Motorized Blinds/Open/Close Percentage,62.99419179894177
2026-06-10T22:03:58.309774,Smart Motorized Blinds__Open/Close Percentage,Smart Motorized Blinds,Open/Close Percentage,0,REJECTION,,schema,REJECTED,Unknown: Smart Motorized Blinds/Open/Close Percentage,62.99419179894176
2026-06-10T22:03:59.380064,Smart Motorized Blinds__Open/Close Percentage,Smart Motorized Blinds,Open/Close Percentage,0,REJECTION,,schema,REJECTED,Unknown: Smart Motorized Blinds/Open/Close Percentage,62.99419179894177
2026-06-10T22:04:00.353027,Smart Motorized Blinds__Open/Close Percentage,Smart Motorized Blinds,Open/Close Percentage,0,REJECTION,,schema,REJECTED,Unknown: Smart Motorized Blinds/Open/Close Percentage,58.49417195767196
2026-06-10T22:04:01.326984,Smart Motorized Blinds__Open/Close Percentage,Smart Motorized Blinds,Open/Close Percentage,0,REJECTION,,schema,REJECTED,Unknown: Smart Motorized Blinds/Open/Close Percentage,58.49417195767196
2026-06-10T22:04:02.292489,Smart Motorized Blinds__Open/Close Percentage,Smart Motorized Blinds,Open/Close Percentage,0,REJECTION,,schema,REJECTED,Unknown: Smart Motorized Blinds/Open/Close Percentage,58.49417195767196
2026-06-10T22:04:03.304686,Smart Motorized Blinds__Open/Close Percentage,Smart Motorized Blinds,Open/Close Percentage,0,REJECTION,,schema,REJECTED,Unknown: Smart Motorized Blinds/Open/Close Percentage,58.49417195767196
2026-06-10T22:04:04.338323,Smart Motorized Blinds__Open/Close Percentage,Smart Motorized Blinds,Open/Close Percentage,0,REJECTION,,schema,REJECTED,Unknown: Smart Motorized Blinds/Open/Close Percentage,58.49417195767196
2026-06-10T22:04:05.255656,Smart Motorized Blinds__Open/Close Percentage,Smart Motorized Blinds,Open/Close Percentage,0,REJECTION,,schema,REJECTED,Unknown: Smart Motorized Blinds/Open/Close Percentage,58.49417195767196
2026-06-10T22:04:06.294239,Smart Motorized Blinds__Open/Close Percentage,Smart Motorized Blinds,Open/Close Percentage,0,REJECTION,,schema,REJECTED,Unknown: Smart Motorized Blinds/Open/Close Percentage,58.49417195767196
2026-06-10T22:04:07.381427,Smart Motorized Blinds__Open/Close Percentage,Smart Motorized Blinds,Open/Close Percentage,0,REJECTION,,schema,REJECTED,Unknown: Smart Motorized Blinds/Open/Close Percentage,58.49417195767196
2026-06-10T22:04:08.336958,Smart Motorized Blinds__Open/Close Percentage,Smart Motorized Blinds,Open/Close Percentage,0,REJECTION,,schema,REJECTED,Unknown: Smart Motorized Blinds/Open/Close Percentage,58.49417195767196
2026-06-10T22:04:09.315584,Smart Motorized Blinds__Open/Close Percentage,Smart Motorized Blinds,Open/Close Percentage,0,REJECTION,,schema,REJECTED,Unknown: Smart Motorized Blinds/Open/Close Percentage,58.49417195767196
2026-06-10T22:04:10.378700,Smart Motorized Blinds__Open/Close Percentage,Smart Motorized Blinds,Open/Close Percentage,0,REJECTION,,schema,REJECTED,Unknown: Smart Motorized Blinds/Open/Close Percentage,58.49417195767196
2026-06-10T22:04:11.296120,Smart Motorized Blinds__Open/Close Percentage,Smart Motorized Blinds,Open/Close Percentage,0,REJECTION,,schema,REJECTED,Unknown: Smart Motorized Blinds/Open/Close Percentage,58.49417195767196
2026-06-10T22:04:12.194733,Smart Motorized Blinds__Open/Close Percentage,Smart Motorized Blinds,Open/Close Percentage,0,REJECTION,,schema,REJECTED,Unknown: Smart Motorized Blinds/Open/Close Percentage,58.49417195767196
2026-06-10T22:04:13.282249,Smart Motorized Blinds__Open/Close Percentage,Smart Motorized Blinds,Open/Close Percentage,0,REJECTION,,schema,REJECTED,Unknown: Smart Motorized Blinds/Open/Close Percentage,58.49417195767196
2026-06-10T22:04:14.276545,Smart Motorized Blinds__Open/Close Percentage,Smart Motorized Blinds,Open/Close Percentage,0,REJECTION,,schema,REJECTED,Unknown: Smart Motorized Blinds/Open/Close Percentage,58.49417195767196
2026-06-10T22:04:15.293959,Smart Motorized Blinds__Open/Close Percentage,Smart Motorized Blinds,Open/Close Percentage,0,REJECTION,,schema,REJECTED,Unknown: Smart Motorized Blinds/Open/Close Percentage,58.49417195767196
2026-06-10T22:04:16.264973,Smart Motorized Blinds__Open/Close Percentage,Smart Motorized Blinds,Open/Close Percentage,0,REJECTION,,schema,REJECTED,Unknown: Smart Motorized Blinds/Open/Close Percentage,58.49417195767196
2026-06-10T22:04:17.258741,Smart Motorized Blinds__Open/Close Percentage,Smart Motorized Blinds,Open/Close Percentage,0,REJECTION,,schema,REJECTED,Unknown: Smart Motorized Blinds/Open/Close Percentage,58.49417195767196
2026-06-10T22:04:18.356774,Smart Motorized Blinds__Open/Close Percentage,Smart Motorized Blinds,Open/Close Percentage,0,REJECTION,,schema,REJECTED,Unknown: Smart Motorized Blinds/Open/Close Percentage,58.49417195767196
2026-06-10T22:04:19.297359,Smart Motorized Blinds__Open/Close Percentage,Smart Motorized Blinds,Open/Close Percentage,0,REJECTION,,schema,REJECTED,Unknown: Smart Motorized Blinds/Open/Close Percentage,58.49417195767196
2026-06-10T22:04:20.399909,Smart Motorized Blinds__Open/Close Percentage,Smart Motorized Blinds,Open/Close Percentage,0,REJECTION,,schema,REJECTED,Unknown: Smart Motorized Blinds/Open/Close Percentage,58.49417195767196
2026-06-10T22:04:21.310872,Smart Motorized Blinds__Open/Close Percentage,Smart Motorized Blinds,Open/Close Percentage,0,REJECTION,,schema,REJECTED,Unknown: Smart Motorized Blinds/Open/Close Percentage,58.49417195767196
2026-06-10T22:04:22.376916,Smart Motorized Blinds__Open/Close Percentage,Smart Motorized Blinds,Open/Close Percentage,0,REJECTION,,schema,REJECTED,Unknown: Smart Motorized Blinds/Open/Close Percentage,58.49417195767196
2026-06-10T22:04:23.374646,Smart Motorized Blinds__Open/Close Percentage,Smart Motorized Blinds,Open/Close Percentage,0,REJECTION,,schema,REJECTED,Unknown: Smart Motorized Blinds/Open/Close Percentage,58.49417195767196
2026-06-10T22:04:24.316540,Smart Motorized Blinds__Open/Close Percentage,Smart Motorized Blinds,Open/Close Percentage,0,REJECTION,,schema,REJECTED,Unknown: Smart Motorized Blinds/Open/Close Percentage,58.49417195767196
2026-06-10T22:04:25.338218,Smart Motorized Blinds__Open/Close Percentage,Smart Motorized Blinds,Open/Close Percentage,0,REJECTION,,schema,REJECTED,Unknown: Smart Motorized Blinds/Open/Close Percentage,6.63015873015873
2026-06-10T22:04:26.296390,Smart Motorized Blinds__Open/Close Percentage,Smart Motorized Blinds,Open/Close Percentage,0,REJECTION,,schema,REJECTED,Unknown: Smart Motorized Blinds/Open/Close Percentage,6.630158730158731
2026-06-10T22:04:27.385384,Smart Motorized Blinds__Open/Close Percentage,Smart Motorized Blinds,Open/Close Percentage,0,REJECTION,,schema,REJECTED,Unknown: Smart Motorized Blinds/Open/Close Percentage,6.630158730158731
2026-06-10T22:04:28.398507,Smart Motorized Blinds__Open/Close Percentage,Smart Motorized Blinds,Open/Close Percentage,0,REJECTION,,schema,REJECTED,Unknown: Smart Motorized Blinds/Open/Close Percentage,6.630158730158731
2026-06-10T22:04:29.357941,Smart Motorized Blinds__Open/Close Percentage,Smart Motorized Blinds,Open/Close Percentage,0,REJECTION,,schema,REJECTED,Unknown: Smart Motorized Blinds/Open/Close Percentage,6.630158730158731
2026-06-10T22:04:30.242841,Smart Motorized Blinds__Open/Close Percentage,Smart Motorized Blinds,Open/Close Percentage,0,REJECTION,,schema,REJECTED,Unknown: Smart Motorized Blinds/Open/Close Percentage,5.518492063492064
2026-06-10T22:04:31.217555,Smart Motorized Blinds__Open/Close Percentage,Smart Motorized Blinds,Open/Close Percentage,0,REJECTION,,schema,REJECTED,Unknown: Smart Motorized Blinds/Open/Close Percentage,5.518492063492064
2026-06-10T22:04:32.346933,Smart Motorized Blinds__Open/Close Percentage,Smart Motorized Blinds,Open/Close Percentage,0,REJECTION,,schema,REJECTED,Unknown: Smart Motorized Blinds/Open/Close Percentage,5.518492063492064
2026-06-10T22:04:33.258828,Smart Motorized Blinds__Open/Close Percentage,Smart Motorized Blinds,Open/Close Percentage,0,REJECTION,,schema,REJECTED,Unknown: Smart Motorized Blinds/Open/Close Percentage,5.518492063492064
2026-06-10T22:04:34.343236,Smart Motorized Blinds__Open/Close Percentage,Smart Motorized Blinds,Open/Close Percentage,0,REJECTION,,schema,REJECTED,Unknown: Smart Motorized Blinds/Open/Close Percentage,5.518492063492064
2026-06-10T22:04:35.232615,Smart Motorized Blinds__Open/Close Percentage,Smart Motorized Blinds,Open/Close Percentage,0,REJECTION,,schema,REJECTED,Unknown: Smart Motorized Blinds/Open/Close Percentage,5.518492063492064
2026-06-10T22:04:36.346570,Smart Motorized Blinds__Open/Close Percentage,Smart Motorized Blinds,Open/Close Percentage,0,REJECTION,,schema,REJECTED,Unknown: Smart Motorized Blinds/Open/Close Percentage,5.518492063492064
2026-06-10T22:04:37.254081,Smart Motorized Blinds__Open/Close Percentage,Smart Motorized Blinds,Open/Close Percentage,0,REJECTION,,schema,REJECTED,Unknown: Smart Motorized Blinds/Open/Close Percentage,5.518492063492064
2026-06-10T22:04:38.485635,Smart Motorized Blinds__Open/Close Percentage,Smart Motorized Blinds,Open/Close Percentage,0,REJECTION,,schema,REJECTED,Unknown: Smart Motorized Blinds/Open/Close Percentage,5.518492063492064
2026-06-10T22:04:39.334692,Smart Motorized Blinds__Open/Close Percentage,Smart Motorized Blinds,Open/Close Percentage,0,REJECTION,,schema,REJECTED,Unknown: Smart Motorized Blinds/Open/Close Percentage,5.518492063492064
2026-06-10T22:04:40.274124,Smart Motorized Blinds__Open/Close Percentage,Smart Motorized Blinds,Open/Close Percentage,0,REJECTION,,schema,REJECTED,Unknown: Smart Motorized Blinds/Open/Close Percentage,6.737936507936508
2026-06-10T22:04:41.296193,Smart Motorized Blinds__Open/Close Percentage,Smart Motorized Blinds,Open/Close Percentage,0,REJECTION,,schema,REJECTED,Unknown: Smart Motorized Blinds/Open/Close Percentage,6.737936507936508
2026-06-10T22:04:42.243546,Smart Motorized Blinds__Open/Close Percentage,Smart Motorized Blinds,Open/Close Percentage,0,REJECTION,,schema,REJECTED,Unknown: Smart Motorized Blinds/Open/Close Percentage,6.737936507936508
2026-06-10T22:04:43.303500,Smart Motorized Blinds__Open/Close Percentage,Smart Motorized Blinds,Open/Close Percentage,0,REJECTION,,schema,REJECTED,Unknown: Smart Motorized Blinds/Open/Close Percentage,6.737936507936508
2026-06-10T22:04:44.259711,Smart Motorized Blinds__Open/Close Percentage,Smart Motorized Blinds,Open/Close Percentage,0,REJECTION,,schema,REJECTED,Unknown: Smart Motorized Blinds/Open/Close Percentage,6.737936507936508
2026-06-10T22:04:45.270210,Smart Motorized Blinds__Open/Close Percentage,Smart Motorized Blinds,Open/Close Percentage,0,REJECTION,,schema,REJECTED,Unknown: Smart Motorized Blinds/Open/Close Percentage,6.737936507936508
2026-06-10T22:04:46.264520,Smart Motorized Blinds__Open/Close Percentage,Smart Motorized Blinds,Open/Close Percentage,0,REJECTION,,schema,REJECTED,Unknown: Smart Motorized Blinds/Open/Close Percentage,6.737936507936508
2026-06-10T22:04:47.247262,Smart Motorized Blinds__Open/Close Percentage,Smart Motorized Blinds,Open/Close Percentage,0,REJECTION,,schema,REJECTED,Unknown: Smart Motorized Blinds/Open/Close Percentage,6.737936507936508
2026-06-10T22:04:48.799335,Smart Motorized Blinds__Open/Close Percentage,Smart Motorized Blinds,Open/Close Percentage,0,REJECTION,,schema,REJECTED,Unknown: Smart Motorized Blinds/Open/Close Percentage,6.737936507936508
2026-06-10T22:04:49.664661,Smart Motorized Blinds__Open/Close Percentage,Smart Motorized Blinds,Open/Close Percentage,0,REJECTION,,schema,REJECTED,Unknown: Smart Motorized Blinds/Open/Close Percentage,62.99419179894177
2026-06-10T22:04:50.583070,Smart Motorized Blinds__Open/Close Percentage,Smart Motorized Blinds,Open/Close Percentage,0,REJECTION,,schema,REJECTED,Unknown: Smart Motorized Blinds/Open/Close Percentage,62.99419179894177
2026-06-10T22:04:51.283792,Smart Motorized Blinds__Open/Close Percentage,Smart Motorized Blinds,Open/Close Percentage,0,REJECTION,,schema,REJECTED,Unknown: Smart Motorized Blinds/Open/Close Percentage,62.99419179894177
2026-06-10T22:04:52.307695,Smart Motorized Blinds__Open/Close Percentage,Smart Motorized Blinds,Open/Close Percentage,0,REJECTION,,schema,REJECTED,Unknown: Smart Motorized Blinds/Open/Close Percentage,62.99419179894177
2026-06-10T22:04:52.977543,Smart Motorized Blinds__Open/Close Percentage,Smart Motorized Blinds,Open/Close Percentage,0,REJECTION,,schema,REJECTED,Unknown: Smart Motorized Blinds/Open/Close Percentage,62.99419179894176
2026-06-10T22:04:53.957738,Smart Motorized Blinds__Open/Close Percentage,Smart Motorized Blinds,Open/Close Percentage,0,REJECTION,,schema,REJECTED,Unknown: Smart Motorized Blinds/Open/Close Percentage,62.99419179894177
2026-06-10T22:04:54.999051,Smart Motorized Blinds__Open/Close Percentage,Smart Motorized Blinds,Open/Close Percentage,0,REJECTION,,schema,REJECTED,Unknown: Smart Motorized Blinds/Open/Close Percentage,62.99419179894177
2026-06-10T22:04:55.931850,Smart Motorized Blinds__Open/Close Percentage,Smart Motorized Blinds,Open/Close Percentage,0,REJECTION,,schema,REJECTED,Unknown: Smart Motorized Blinds/Open/Close Percentage,62.99419179894177
2026-06-10T22:04:56.977743,Smart Motorized Blinds__Open/Close Percentage,Smart Motorized Blinds,Open/Close Percentage,0,REJECTION,,schema,REJECTED,Unknown: Smart Motorized Blinds/Open/Close Percentage,62.99419179894178
2026-06-10T22:04:57.948103,Smart Motorized Blinds__Open/Close Percentage,Smart Motorized Blinds,Open/Close Percentage,0,REJECTION,,schema,REJECTED,Unknown: Smart Motorized Blinds/Open/Close Percentage,62.99419179894177
2026-06-10T22:04:58.945571,Smart Motorized Blinds__Open/Close Percentage,Smart Motorized Blinds,Open/Close Percentage,0,REJECTION,,schema,REJECTED,Unknown: Smart Motorized Blinds/Open/Close Percentage,62.99419179894177
2026-06-10T22:04:59.946942,Smart Motorized Blinds__Open/Close Percentage,Smart Motorized Blinds,Open/Close Percentage,0,REJECTION,,schema,REJECTED,Unknown: Smart Motorized Blinds/Open/Close Percentage,62.99419179894177
2026-06-10T22:05:00.960137,Smart Motorized Blinds__Open/Close Percentage,Smart Motorized Blinds,Open/Close Percentage,0,REJECTION,,schema,REJECTED,Unknown: Smart Motorized Blinds/Open/Close Percentage,62.99419179894177
2026-06-10T22:05:01.934185,Smart Motorized Blinds__Open/Close Percentage,Smart Motorized Blinds,Open/Close Percentage,0,REJECTION,,schema,REJECTED,Unknown: Smart Motorized Blinds/Open/Close Percentage,62.99419179894178
2026-06-10T22:05:02.951138,Smart Motorized Blinds__Open/Close Percentage,Smart Motorized Blinds,Open/Close Percentage,0,REJECTION,,schema,REJECTED,Unknown: Smart Motorized Blinds/Open/Close Percentage,62.99419179894176
2026-06-10T22:05:03.946734,Smart Motorized Blinds__Open/Close Percentage,Smart Motorized Blinds,Open/Close Percentage,0,REJECTION,,schema,REJECTED,Unknown: Smart Motorized Blinds/Open/Close Percentage,62.99419179894177
2026-06-10T22:05:04.951601,Smart Motorized Blinds__Open/Close Percentage,Smart Motorized Blinds,Open/Close Percentage,0,REJECTION,,schema,REJECTED,Unknown: Smart Motorized Blinds/Open/Close Percentage,58.49417195767196
2026-06-10T22:05:05.923625,Smart Motorized Blinds__Open/Close Percentage,Smart Motorized Blinds,Open/Close Percentage,0,REJECTION,,schema,REJECTED,Unknown: Smart Motorized Blinds/Open/Close Percentage,58.49417195767196
2026-06-10T22:05:06.934799,Smart Motorized Blinds__Open/Close Percentage,Smart Motorized Blinds,Open/Close Percentage,0,REJECTION,,schema,REJECTED,Unknown: Smart Motorized Blinds/Open/Close Percentage,58.49417195767196
2026-06-10T22:05:07.989747,Smart Motorized Blinds__Open/Close Percentage,Smart Motorized Blinds,Open/Close Percentage,0,REJECTION,,schema,REJECTED,Unknown: Smart Motorized Blinds/Open/Close Percentage,58.494171957671945
2026-06-10T22:05:08.953865,Smart Motorized Blinds__Open/Close Percentage,Smart Motorized Blinds,Open/Close Percentage,0,REJECTION,,schema,REJECTED,Unknown: Smart Motorized Blinds/Open/Close Percentage,58.49417195767196
2026-06-10T22:05:09.960666,Smart Motorized Blinds__Open/Close Percentage,Smart Motorized Blinds,Open/Close Percentage,0,REJECTION,,schema,REJECTED,Unknown: Smart Motorized Blinds/Open/Close Percentage,58.49417195767196
2026-06-10T22:05:10.921831,Smart Motorized Blinds__Open/Close Percentage,Smart Motorized Blinds,Open/Close Percentage,0,REJECTION,,schema,REJECTED,Unknown: Smart Motorized Blinds/Open/Close Percentage,58.49417195767196
2026-06-10T22:05:12.160389,Smart Motorized Blinds__Open/Close Percentage,Smart Motorized Blinds,Open/Close Percentage,0,REJECTION,,schema,REJECTED,Unknown: Smart Motorized Blinds/Open/Close Percentage,58.49417195767196
2026-06-10T22:05:12.960318,Smart Motorized Blinds__Open/Close Percentage,Smart Motorized Blinds,Open/Close Percentage,0,REJECTION,,schema,REJECTED,Unknown: Smart Motorized Blinds/Open/Close Percentage,58.494171957671945
2026-06-10T22:05:13.952334,Smart Motorized Blinds__Open/Close Percentage,Smart Motorized Blinds,Open/Close Percentage,0,REJECTION,,schema,REJECTED,Unknown: Smart Motorized Blinds/Open/Close Percentage,58.49417195767196
2026-06-10T22:05:14.981249,Smart Motorized Blinds__Open/Close Percentage,Smart Motorized Blinds,Open/Close Percentage,0,REJECTION,,schema,REJECTED,Unknown: Smart Motorized Blinds/Open/Close Percentage,58.49417195767196
2026-06-10T22:05:15.934025,Smart Motorized Blinds__Open/Close Percentage,Smart Motorized Blinds,Open/Close Percentage,0,REJECTION,,schema,REJECTED,Unknown: Smart Motorized Blinds/Open/Close Percentage,58.49417195767196
2026-06-10T22:05:16.922059,Smart Motorized Blinds__Open/Close Percentage,Smart Motorized Blinds,Open/Close Percentage,0,REJECTION,,schema,REJECTED,Unknown: Smart Motorized Blinds/Open/Close Percentage,58.49417195767196
2026-06-10T22:05:17.953361,Smart Motorized Blinds__Open/Close Percentage,Smart Motorized Blinds,Open/Close Percentage,0,REJECTION,,schema,REJECTED,Unknown: Smart Motorized Blinds/Open/Close Percentage,58.49417195767196
2026-06-10T22:05:18.971462,Smart Motorized Blinds__Open/Close Percentage,Smart Motorized Blinds,Open/Close Percentage,0,REJECTION,,schema,REJECTED,Unknown: Smart Motorized Blinds/Open/Close Percentage,58.49417195767196
2026-06-10T22:05:19.935607,Smart Motorized Blinds__Open/Close Percentage,Smart Motorized Blinds,Open/Close Percentage,0,REJECTION,,schema,REJECTED,Unknown: Smart Motorized Blinds/Open/Close Percentage,58.49417195767196
2026-06-10T22:05:20.977711,Smart Motorized Blinds__Open/Close Percentage,Smart Motorized Blinds,Open/Close Percentage,0,REJECTION,,schema,REJECTED,Unknown: Smart Motorized Blinds/Open/Close Percentage,58.49417195767196
2026-06-10T22:05:21.938894,Smart Motorized Blinds__Open/Close Percentage,Smart Motorized Blinds,Open/Close Percentage,0,REJECTION,,schema,REJECTED,Unknown: Smart Motorized Blinds/Open/Close Percentage,58.49417195767196
2026-06-10T22:05:22.972640,Smart Motorized Blinds__Open/Close Percentage,Smart Motorized Blinds,Open/Close Percentage,0,REJECTION,,schema,REJECTED,Unknown: Smart Motorized Blinds/Open/Close Percentage,58.49417195767196
2026-06-10T22:05:23.916035,Smart Motorized Blinds__Open/Close Percentage,Smart Motorized Blinds,Open/Close Percentage,0,REJECTION,,schema,REJECTED,Unknown: Smart Motorized Blinds/Open/Close Percentage,58.49417195767196
2026-06-10T22:05:24.964957,Smart Motorized Blinds__Open/Close Percentage,Smart Motorized Blinds,Open/Close Percentage,0,REJECTION,,schema,REJECTED,Unknown: Smart Motorized Blinds/Open/Close Percentage,58.49417195767196
2026-06-10T22:05:26.062085,Smart Motorized Blinds__Open/Close Percentage,Smart Motorized Blinds,Open/Close Percentage,0,REJECTION,,schema,REJECTED,Unknown: Smart Motorized Blinds/Open/Close Percentage,58.49417195767196
2026-06-10T22:05:26.987949,Smart Motorized Blinds__Open/Close Percentage,Smart Motorized Blinds,Open/Close Percentage,0,REJECTION,,schema,REJECTED,Unknown: Smart Motorized Blinds/Open/Close Percentage,58.49417195767196
2026-06-10T22:05:28.015536,Smart Motorized Blinds__Open/Close Percentage,Smart Motorized Blinds,Open/Close Percentage,0,REJECTION,,schema,REJECTED,Unknown: Smart Motorized Blinds/Open/Close Percentage,58.49417195767196
2026-06-10T22:05:29.022586,Smart Motorized Blinds__Open/Close Percentage,Smart Motorized Blinds,Open/Close Percentage,0,REJECTION,,schema,REJECTED,Unknown: Smart Motorized Blinds/Open/Close Percentage,58.49417195767196
2026-06-10T22:05:30.154543,Smart Motorized Blinds__Open/Close Percentage,Smart Motorized Blinds,Open/Close Percentage,0,REJECTION,,schema,REJECTED,Unknown: Smart Motorized Blinds/Open/Close Percentage,6.630158730158731
2026-06-10T22:05:31.097111,Smart Motorized Blinds__Open/Close Percentage,Smart Motorized Blinds,Open/Close Percentage,0,REJECTION,,schema,REJECTED,Unknown: Smart Motorized Blinds/Open/Close Percentage,6.630158730158731
2026-06-10T22:05:32.150044,Smart Motorized Blinds__Open/Close Percentage,Smart Motorized Blinds,Open/Close Percentage,0,REJECTION,,schema,REJECTED,Unknown: Smart Motorized Blinds/Open/Close Percentage,6.630158730158731
2026-06-10T22:05:33.227022,Smart Motorized Blinds__Open/Close Percentage,Smart Motorized Blinds,Open/Close Percentage,0,REJECTION,,schema,REJECTED,Unknown: Smart Motorized Blinds/Open/Close Percentage,6.630158730158731
2026-06-10T22:05:34.079818,Smart Motorized Blinds__Open/Close Percentage,Smart Motorized Blinds,Open/Close Percentage,0,REJECTION,,schema,REJECTED,Unknown: Smart Motorized Blinds/Open/Close Percentage,6.630158730158731
2026-06-10T22:05:34.984862,Smart Motorized Blinds__Open/Close Percentage,Smart Motorized Blinds,Open/Close Percentage,0,REJECTION,,schema,REJECTED,Unknown: Smart Motorized Blinds/Open/Close Percentage,5.518492063492064
2026-06-10T22:05:35.959798,Smart Motorized Blinds__Open/Close Percentage,Smart Motorized Blinds,Open/Close Percentage,0,REJECTION,,schema,REJECTED,Unknown: Smart Motorized Blinds/Open/Close Percentage,5.518492063492064
2026-06-10T22:05:37.042805,Smart Motorized Blinds__Open/Close Percentage,Smart Motorized Blinds,Open/Close Percentage,0,REJECTION,,schema,REJECTED,Unknown: Smart Motorized Blinds/Open/Close Percentage,5.518492063492064
2026-06-10T22:05:37.947029,Smart Motorized Blinds__Open/Close Percentage,Smart Motorized Blinds,Open/Close Percentage,0,REJECTION,,schema,REJECTED,Unknown: Smart Motorized Blinds/Open/Close Percentage,5.518492063492064
2026-06-10T22:05:39.101393,Smart Motorized Blinds__Open/Close Percentage,Smart Motorized Blinds,Open/Close Percentage,0,REJECTION,,schema,REJECTED,Unknown: Smart Motorized Blinds/Open/Close Percentage,5.518492063492064
2026-06-10T22:05:39.900602,Smart Motorized Blinds__Open/Close Percentage,Smart Motorized Blinds,Open/Close Percentage,0,REJECTION,,schema,REJECTED,Unknown: Smart Motorized Blinds/Open/Close Percentage,5.518492063492064
2026-06-10T22:05:40.941383,Smart Motorized Blinds__Open/Close Percentage,Smart Motorized Blinds,Open/Close Percentage,0,REJECTION,,schema,REJECTED,Unknown: Smart Motorized Blinds/Open/Close Percentage,5.518492063492064
2026-06-10T22:05:41.932057,Smart Motorized Blinds__Open/Close Percentage,Smart Motorized Blinds,Open/Close Percentage,0,REJECTION,,schema,REJECTED,Unknown: Smart Motorized Blinds/Open/Close Percentage,5.518492063492064
2026-06-10T22:05:42.903683,Smart Motorized Blinds__Open/Close Percentage,Smart Motorized Blinds,Open/Close Percentage,0,REJECTION,,schema,REJECTED,Unknown: Smart Motorized Blinds/Open/Close Percentage,5.518492063492064
2026-06-10T22:05:43.995802,Smart Motorized Blinds__Open/Close Percentage,Smart Motorized Blinds,Open/Close Percentage,0,REJECTION,,schema,REJECTED,Unknown: Smart Motorized Blinds/Open/Close Percentage,5.518492063492064
2026-06-10T22:05:44.954542,Smart Motorized Blinds__Open/Close Percentage,Smart Motorized Blinds,Open/Close Percentage,0,REJECTION,,schema,REJECTED,Unknown: Smart Motorized Blinds/Open/Close Percentage,6.737936507936508
2026-06-10T22:05:45.955300,Smart Motorized Blinds__Open/Close Percentage,Smart Motorized Blinds,Open/Close Percentage,0,REJECTION,,schema,REJECTED,Unknown: Smart Motorized Blinds/Open/Close Percentage,6.737936507936508
2026-06-10T22:05:46.942603,Smart Motorized Blinds__Open/Close Percentage,Smart Motorized Blinds,Open/Close Percentage,0,REJECTION,,schema,REJECTED,Unknown: Smart Motorized Blinds/Open/Close Percentage,6.737936507936508
2026-06-10T22:05:47.807925,Smart Motorized Blinds__Open/Close Percentage,Smart Motorized Blinds,Open/Close Percentage,0,REJECTION,,schema,REJECTED,Unknown: Smart Motorized Blinds/Open/Close Percentage,6.737936507936509
2026-06-10T22:05:48.895560,Smart Motorized Blinds__Open/Close Percentage,Smart Motorized Blinds,Open/Close Percentage,0,REJECTION,,schema,REJECTED,Unknown: Smart Motorized Blinds/Open/Close Percentage,6.737936507936508
2026-06-10T22:05:49.914459,Smart Motorized Blinds__Open/Close Percentage,Smart Motorized Blinds,Open/Close Percentage,0,REJECTION,,schema,REJECTED,Unknown: Smart Motorized Blinds/Open/Close Percentage,6.737936507936508
2026-06-10T22:05:50.949818,Smart Motorized Blinds__Open/Close Percentage,Smart Motorized Blinds,Open/Close Percentage,0,REJECTION,,schema,REJECTED,Unknown: Smart Motorized Blinds/Open/Close Percentage,6.737936507936508
2026-06-10T22:05:51.952170,Smart Motorized Blinds__Open/Close Percentage,Smart Motorized Blinds,Open/Close Percentage,0,REJECTION,,schema,REJECTED,Unknown: Smart Motorized Blinds/Open/Close Percentage,6.737936507936508
2026-06-10T22:05:53.065467,Smart Motorized Blinds__Open/Close Percentage,Smart Motorized Blinds,Open/Close Percentage,0,REJECTION,,schema,REJECTED,Unknown: Smart Motorized Blinds/Open/Close Percentage,6.737936507936508
2026-06-10T22:05:53.964829,Smart Motorized Blinds__Open/Close Percentage,Smart Motorized Blinds,Open/Close Percentage,0,REJECTION,,schema,REJECTED,Unknown: Smart Motorized Blinds/Open/Close Percentage,6.737936507936508
2026-06-10T22:05:54.948388,Smart Motorized Blinds__Open/Close Percentage,Smart Motorized Blinds,Open/Close Percentage,0,REJECTION,,schema,REJECTED,Unknown: Smart Motorized Blinds/Open/Close Percentage,6.737936507936508
2026-06-10T22:05:55.996542,Smart Motorized Blinds__Open/Close Percentage,Smart Motorized Blinds,Open/Close Percentage,0,REJECTION,,schema,REJECTED,Unknown: Smart Motorized Blinds/Open/Close Percentage,6.737936507936508
2026-06-10T22:05:56.875947,Smart Motorized Blinds__Open/Close Percentage,Smart Motorized Blinds,Open/Close Percentage,0,REJECTION,,schema,REJECTED,Unknown: Smart Motorized Blinds/Open/Close Percentage,6.737936507936508
2026-06-10T22:05:57.974497,Smart Motorized Blinds__Open/Close Percentage,Smart Motorized Blinds,Open/Close Percentage,0,REJECTION,,schema,REJECTED,Unknown: Smart Motorized Blinds/Open/Close Percentage,6.737936507936508
2026-06-10T22:05:58.939082,Smart Motorized Blinds__Open/Close Percentage,Smart Motorized Blinds,Open/Close Percentage,0,REJECTION,,schema,REJECTED,Unknown: Smart Motorized Blinds/Open/Close Percentage,6.737936507936508
2026-06-10T22:05:59.967777,Smart Motorized Blinds__Open/Close Percentage,Smart Motorized Blinds,Open/Close Percentage,0,REJECTION,,schema,REJECTED,Unknown: Smart Motorized Blinds/Open/Close Percentage,6.737936507936508
2026-06-10T22:06:00.962363,Smart Motorized Blinds__Open/Close Percentage,Smart Motorized Blinds,Open/Close Percentage,0,REJECTION,,schema,REJECTED,Unknown: Smart Motorized Blinds/Open/Close Percentage,6.737936507936508
2026-06-10T22:06:01.929107,Smart Motorized Blinds__Open/Close Percentage,Smart Motorized Blinds,Open/Close Percentage,0,REJECTION,,schema,REJECTED,Unknown: Smart Motorized Blinds/Open/Close Percentage,6.737936507936509
2026-06-10T22:06:02.938188,Smart Motorized Blinds__Open/Close Percentage,Smart Motorized Blinds,Open/Close Percentage,0,REJECTION,,schema,REJECTED,Unknown: Smart Motorized Blinds/Open/Close Percentage,6.737936507936508
2026-06-10T22:06:03.961740,Smart Motorized Blinds__Open/Close Percentage,Smart Motorized Blinds,Open/Close Percentage,0,REJECTION,,schema,REJECTED,Unknown: Smart Motorized Blinds/Open/Close Percentage,6.737936507936508
2026-06-10T22:06:04.972308,Smart Motorized Blinds__Open/Close Percentage,Smart Motorized Blinds,Open/Close Percentage,0,REJECTION,,schema,REJECTED,Unknown: Smart Motorized Blinds/Open/Close Percentage,6.737936507936508
2026-06-10T22:06:05.947558,Smart Motorized Blinds__Open/Close Percentage,Smart Motorized Blinds,Open/Close Percentage,0,REJECTION,,schema,REJECTED,Unknown: Smart Motorized Blinds/Open/Close Percentage,6.737936507936508
2026-06-10T22:06:06.957710,Smart Motorized Blinds__Open/Close Percentage,Smart Motorized Blinds,Open/Close Percentage,0,REJECTION,,schema,REJECTED,Unknown: Smart Motorized Blinds/Open/Close Percentage,6.737936507936508
2026-06-10T22:06:07.946373,Smart Motorized Blinds__Open/Close Percentage,Smart Motorized Blinds,Open/Close Percentage,0,REJECTION,,schema,REJECTED,Unknown: Smart Motorized Blinds/Open/Close Percentage,6.737936507936508
2026-06-10T22:06:08.926575,Smart Motorized Blinds__Open/Close Percentage,Smart Motorized Blinds,Open/Close Percentage,0,REJECTION,,schema,REJECTED,Unknown: Smart Motorized Blinds/Open/Close Percentage,6.737936507936508
2026-06-10T22:06:09.962391,Smart Motorized Blinds__Open/Close Percentage,Smart Motorized Blinds,Open/Close Percentage,0,REJECTION,,schema,REJECTED,Unknown: Smart Motorized Blinds/Open/Close Percentage,60.43729497354497
2026-06-10T22:06:10.923049,Smart Motorized Blinds__Open/Close Percentage,Smart Motorized Blinds,Open/Close Percentage,0,REJECTION,,schema,REJECTED,Unknown: Smart Motorized Blinds/Open/Close Percentage,60.43729497354496
2026-06-10T22:06:11.921729,Smart Motorized Blinds__Open/Close Percentage,Smart Motorized Blinds,Open/Close Percentage,0,REJECTION,,schema,REJECTED,Unknown: Smart Motorized Blinds/Open/Close Percentage,60.43729497354497
2026-06-10T22:06:12.940081,Smart Motorized Blinds__Open/Close Percentage,Smart Motorized Blinds,Open/Close Percentage,0,REJECTION,,schema,REJECTED,Unknown: Smart Motorized Blinds/Open/Close Percentage,60.43729497354497
2026-06-10T22:06:13.998245,Smart Motorized Blinds__Open/Close Percentage,Smart Motorized Blinds,Open/Close Percentage,0,REJECTION,,schema,REJECTED,Unknown: Smart Motorized Blinds/Open/Close Percentage,60.43729497354497
2026-06-10T22:06:14.944737,Smart Motorized Blinds__Open/Close Percentage,Smart Motorized Blinds,Open/Close Percentage,0,REJECTION,,schema,REJECTED,Unknown: Smart Motorized Blinds/Open/Close Percentage,60.43729497354497
2026-06-10T22:06:16.004371,Smart Motorized Blinds__Open/Close Percentage,Smart Motorized Blinds,Open/Close Percentage,0,REJECTION,,schema,REJECTED,Unknown: Smart Motorized Blinds/Open/Close Percentage,60.43729497354497
2026-06-10T22:06:16.968658,Smart Motorized Blinds__Open/Close Percentage,Smart Motorized Blinds,Open/Close Percentage,0,REJECTION,,schema,REJECTED,Unknown: Smart Motorized Blinds/Open/Close Percentage,60.43729497354497
2026-06-10T22:06:17.955452,Smart Motorized Blinds__Open/Close Percentage,Smart Motorized Blinds,Open/Close Percentage,0,REJECTION,,schema,REJECTED,Unknown: Smart Motorized Blinds/Open/Close Percentage,60.43729497354497
2026-06-10T22:06:18.955830,Smart Motorized Blinds__Open/Close Percentage,Smart Motorized Blinds,Open/Close Percentage,0,REJECTION,,schema,REJECTED,Unknown: Smart Motorized Blinds/Open/Close Percentage,60.43729497354497
2026-06-10T22:06:19.986333,Smart Motorized Blinds__Open/Close Percentage,Smart Motorized Blinds,Open/Close Percentage,0,REJECTION,,schema,REJECTED,Unknown: Smart Motorized Blinds/Open/Close Percentage,60.43729497354497
2026-06-10T22:06:20.934869,Smart Motorized Blinds__Open/Close Percentage,Smart Motorized Blinds,Open/Close Percentage,0,REJECTION,,schema,REJECTED,Unknown: Smart Motorized Blinds/Open/Close Percentage,60.43729497354497
2026-06-10T22:06:21.993619,Smart Motorized Blinds__Open/Close Percentage,Smart Motorized Blinds,Open/Close Percentage,0,REJECTION,,schema,REJECTED,Unknown: Smart Motorized Blinds/Open/Close Percentage,60.43729497354497
2026-06-10T22:06:22.943969,Smart Motorized Blinds__Open/Close Percentage,Smart Motorized Blinds,Open/Close Percentage,0,REJECTION,,schema,REJECTED,Unknown: Smart Motorized Blinds/Open/Close Percentage,60.43729497354497
2026-06-10T22:06:23.965585,Smart Motorized Blinds__Open/Close Percentage,Smart Motorized Blinds,Open/Close Percentage,0,REJECTION,,schema,REJECTED,Unknown: Smart Motorized Blinds/Open/Close Percentage,60.43729497354497
2026-06-10T22:06:24.950791,Smart Motorized Blinds__Open/Close Percentage,Smart Motorized Blinds,Open/Close Percentage,0,REJECTION,,schema,REJECTED,Unknown: Smart Motorized Blinds/Open/Close Percentage,60.43729497354497
2026-06-10T22:06:25.934422,Smart Motorized Blinds__Open/Close Percentage,Smart Motorized Blinds,Open/Close Percentage,0,REJECTION,,schema,REJECTED,Unknown: Smart Motorized Blinds/Open/Close Percentage,60.43729497354497
2026-06-10T22:06:27.001970,Smart Motorized Blinds__Open/Close Percentage,Smart Motorized Blinds,Open/Close Percentage,0,REJECTION,,schema,REJECTED,Unknown: Smart Motorized Blinds/Open/Close Percentage,60.43729497354497
2026-06-10T22:06:27.934165,Smart Motorized Blinds__Open/Close Percentage,Smart Motorized Blinds,Open/Close Percentage,0,REJECTION,,schema,REJECTED,Unknown: Smart Motorized Blinds/Open/Close Percentage,60.43729497354497
2026-06-10T22:06:29.006244,Smart Motorized Blinds__Open/Close Percentage,Smart Motorized Blinds,Open/Close Percentage,0,REJECTION,,schema,REJECTED,Unknown: Smart Motorized Blinds/Open/Close Percentage,60.43729497354497
2026-06-10T22:06:29.939532,Smart Motorized Blinds__Open/Close Percentage,Smart Motorized Blinds,Open/Close Percentage,0,REJECTION,,schema,REJECTED,Unknown: Smart Motorized Blinds/Open/Close Percentage,60.43729497354497
2026-06-10T22:06:30.957860,Smart Motorized Blinds__Open/Close Percentage,Smart Motorized Blinds,Open/Close Percentage,0,REJECTION,,schema,REJECTED,Unknown: Smart Motorized Blinds/Open/Close Percentage,60.43729497354497
2026-06-10T22:06:31.958871,Smart Motorized Blinds__Open/Close Percentage,Smart Motorized Blinds,Open/Close Percentage,0,REJECTION,,schema,REJECTED,Unknown: Smart Motorized Blinds/Open/Close Percentage,60.43729497354497
2026-06-10T22:06:32.965205,Smart Motorized Blinds__Open/Close Percentage,Smart Motorized Blinds,Open/Close Percentage,0,REJECTION,,schema,REJECTED,Unknown: Smart Motorized Blinds/Open/Close Percentage,60.43729497354497
2026-06-10T22:06:33.999757,Smart Motorized Blinds__Open/Close Percentage,Smart Motorized Blinds,Open/Close Percentage,0,REJECTION,,schema,REJECTED,Unknown: Smart Motorized Blinds/Open/Close Percentage,60.43729497354497
2026-06-10T22:06:34.925748,Smart Motorized Blinds__Open/Close Percentage,Smart Motorized Blinds,Open/Close Percentage,0,REJECTION,,schema,REJECTED,Unknown: Smart Motorized Blinds/Open/Close Percentage,60.43729497354497
2026-06-10T22:06:35.912761,Smart Motorized Blinds__Open/Close Percentage,Smart Motorized Blinds,Open/Close Percentage,0,REJECTION,,schema,REJECTED,Unknown: Smart Motorized Blinds/Open/Close Percentage,60.43729497354497
2026-06-10T22:06:36.900695,Smart Motorized Blinds__Open/Close Percentage,Smart Motorized Blinds,Open/Close Percentage,0,REJECTION,,schema,REJECTED,Unknown: Smart Motorized Blinds/Open/Close Percentage,60.43729497354497
2026-06-10T22:06:37.992576,Smart Motorized Blinds__Open/Close Percentage,Smart Motorized Blinds,Open/Close Percentage,0,REJECTION,,schema,REJECTED,Unknown: Smart Motorized Blinds/Open/Close Percentage,60.43729497354497
2026-06-10T22:06:38.970917,Smart Motorized Blinds__Open/Close Percentage,Smart Motorized Blinds,Open/Close Percentage,0,REJECTION,,schema,REJECTED,Unknown: Smart Motorized Blinds/Open/Close Percentage,60.43729497354497
2026-06-10T22:06:40.006782,Smart Motorized Blinds__Open/Close Percentage,Smart Motorized Blinds,Open/Close Percentage,0,REJECTION,,schema,REJECTED,Unknown: Smart Motorized Blinds/Open/Close Percentage,62.984191798941765
2026-06-10T22:06:40.967787,Smart Motorized Blinds__Open/Close Percentage,Smart Motorized Blinds,Open/Close Percentage,0,REJECTION,,schema,REJECTED,Unknown: Smart Motorized Blinds/Open/Close Percentage,62.984191798941765
2026-06-10T22:06:41.954918,Smart Motorized Blinds__Open/Close Percentage,Smart Motorized Blinds,Open/Close Percentage,0,REJECTION,,schema,REJECTED,Unknown: Smart Motorized Blinds/Open/Close Percentage,62.984191798941765
2026-06-10T22:06:42.957985,Smart Motorized Blinds__Open/Close Percentage,Smart Motorized Blinds,Open/Close Percentage,0,REJECTION,,schema,REJECTED,Unknown: Smart Motorized Blinds/Open/Close Percentage,62.984191798941765
2026-06-10T22:06:43.978673,Smart Motorized Blinds__Open/Close Percentage,Smart Motorized Blinds,Open/Close Percentage,0,REJECTION,,schema,REJECTED,Unknown: Smart Motorized Blinds/Open/Close Percentage,62.984191798941765
2026-06-10T22:06:44.939831,Smart Motorized Blinds__Open/Close Percentage,Smart Motorized Blinds,Open/Close Percentage,0,REJECTION,,schema,REJECTED,Unknown: Smart Motorized Blinds/Open/Close Percentage,62.99419179894177
2026-06-10T22:06:45.934447,Smart Motorized Blinds__Open/Close Percentage,Smart Motorized Blinds,Open/Close Percentage,0,REJECTION,,schema,REJECTED,Unknown: Smart Motorized Blinds/Open/Close Percentage,62.99419179894177
2026-06-10T22:06:46.972183,Smart Motorized Blinds__Open/Close Percentage,Smart Motorized Blinds,Open/Close Percentage,0,REJECTION,,schema,REJECTED,Unknown: Smart Motorized Blinds/Open/Close Percentage,62.99419179894177
2026-06-10T22:06:47.936121,Smart Motorized Blinds__Open/Close Percentage,Smart Motorized Blinds,Open/Close Percentage,0,REJECTION,,schema,REJECTED,Unknown: Smart Motorized Blinds/Open/Close Percentage,62.99419179894177
2026-06-10T22:06:48.909913,Smart Motorized Blinds__Open/Close Percentage,Smart Motorized Blinds,Open/Close Percentage,0,REJECTION,,schema,REJECTED,Unknown: Smart Motorized Blinds/Open/Close Percentage,62.99419179894177
2026-06-10T22:06:49.920866,Smart Motorized Blinds__Open/Close Percentage,Smart Motorized Blinds,Open/Close Percentage,0,REJECTION,,schema,REJECTED,Unknown: Smart Motorized Blinds/Open/Close Percentage,62.99419179894177
2026-06-10T22:06:50.992373,Smart Motorized Blinds__Open/Close Percentage,Smart Motorized Blinds,Open/Close Percentage,0,REJECTION,,schema,REJECTED,Unknown: Smart Motorized Blinds/Open/Close Percentage,62.99419179894177
2026-06-10T22:06:51.934889,Smart Motorized Blinds__Open/Close Percentage,Smart Motorized Blinds,Open/Close Percentage,0,REJECTION,,schema,REJECTED,Unknown: Smart Motorized Blinds/Open/Close Percentage,62.99419179894177
2026-06-10T22:06:52.947530,Smart Motorized Blinds__Open/Close Percentage,Smart Motorized Blinds,Open/Close Percentage,0,REJECTION,,schema,REJECTED,Unknown: Smart Motorized Blinds/Open/Close Percentage,62.99419179894177
2026-06-10T22:06:53.929415,Smart Motorized Blinds__Open/Close Percentage,Smart Motorized Blinds,Open/Close Percentage,0,REJECTION,,schema,REJECTED,Unknown: Smart Motorized Blinds/Open/Close Percentage,62.99419179894177
2026-06-10T22:06:54.966897,Smart Motorized Blinds__Open/Close Percentage,Smart Motorized Blinds,Open/Close Percentage,0,REJECTION,,schema,REJECTED,Unknown: Smart Motorized Blinds/Open/Close Percentage,62.99419179894177
2026-06-10T22:06:55.934546,Smart Motorized Blinds__Open/Close Percentage,Smart Motorized Blinds,Open/Close Percentage,0,REJECTION,,schema,REJECTED,Unknown: Smart Motorized Blinds/Open/Close Percentage,62.99419179894177
2026-06-10T22:06:56.992012,Smart Motorized Blinds__Open/Close Percentage,Smart Motorized Blinds,Open/Close Percentage,0,REJECTION,,schema,REJECTED,Unknown: Smart Motorized Blinds/Open/Close Percentage,62.99419179894176
2026-06-10T22:06:57.882768,Smart Motorized Blinds__Open/Close Percentage,Smart Motorized Blinds,Open/Close Percentage,0,REJECTION,,schema,REJECTED,Unknown: Smart Motorized Blinds/Open/Close Percentage,62.99419179894177
2026-06-10T22:06:58.996292,Smart Motorized Blinds__Open/Close Percentage,Smart Motorized Blinds,Open/Close Percentage,0,REJECTION,,schema,REJECTED,Unknown: Smart Motorized Blinds/Open/Close Percentage,62.99419179894177
2026-06-10T22:06:59.931973,Smart Motorized Blinds__Open/Close Percentage,Smart Motorized Blinds,Open/Close Percentage,0,REJECTION,,schema,REJECTED,Unknown: Smart Motorized Blinds/Open/Close Percentage,62.99419179894177
2026-06-10T22:07:00.918399,Smart Motorized Blinds__Open/Close Percentage,Smart Motorized Blinds,Open/Close Percentage,0,REJECTION,,schema,REJECTED,Unknown: Smart Motorized Blinds/Open/Close Percentage,62.99419179894177
2026-06-10T22:07:01.948464,Smart Motorized Blinds__Open/Close Percentage,Smart Motorized Blinds,Open/Close Percentage,0,REJECTION,,schema,REJECTED,Unknown: Smart Motorized Blinds/Open/Close Percentage,62.99419179894177
2026-06-10T22:07:02.886446,Smart Motorized Blinds__Open/Close Percentage,Smart Motorized Blinds,Open/Close Percentage,0,REJECTION,,schema,REJECTED,Unknown: Smart Motorized Blinds/Open/Close Percentage,62.99419179894177
2026-06-10T22:07:04.005134,Smart Motorized Blinds__Open/Close Percentage,Smart Motorized Blinds,Open/Close Percentage,0,REJECTION,,schema,REJECTED,Unknown: Smart Motorized Blinds/Open/Close Percentage,62.99419179894177
2026-06-10T22:07:04.891571,Smart Motorized Blinds__Open/Close Percentage,Smart Motorized Blinds,Open/Close Percentage,0,REJECTION,,schema,REJECTED,Unknown: Smart Motorized Blinds/Open/Close Percentage,58.494171957671966
2026-06-10T22:07:06.030088,Smart Motorized Blinds__Open/Close Percentage,Smart Motorized Blinds,Open/Close Percentage,0,REJECTION,,schema,REJECTED,Unknown: Smart Motorized Blinds/Open/Close Percentage,58.49417195767196
2026-06-10T22:07:06.949700,Smart Motorized Blinds__Open/Close Percentage,Smart Motorized Blinds,Open/Close Percentage,0,REJECTION,,schema,REJECTED,Unknown: Smart Motorized Blinds/Open/Close Percentage,58.49417195767196
2026-06-10T22:07:08.014394,Smart Motorized Blinds__Open/Close Percentage,Smart Motorized Blinds,Open/Close Percentage,0,REJECTION,,schema,REJECTED,Unknown: Smart Motorized Blinds/Open/Close Percentage,58.49417195767196
2026-06-10T22:07:08.969768,Smart Motorized Blinds__Open/Close Percentage,Smart Motorized Blinds,Open/Close Percentage,0,REJECTION,,schema,REJECTED,Unknown: Smart Motorized Blinds/Open/Close Percentage,58.49417195767196
2026-06-10T22:07:09.984340,Smart Motorized Blinds__Open/Close Percentage,Smart Motorized Blinds,Open/Close Percentage,0,REJECTION,,schema,REJECTED,Unknown: Smart Motorized Blinds/Open/Close Percentage,58.49417195767196
2026-06-10T22:07:10.960708,Smart Motorized Blinds__Open/Close Percentage,Smart Motorized Blinds,Open/Close Percentage,0,REJECTION,,schema,REJECTED,Unknown: Smart Motorized Blinds/Open/Close Percentage,58.49417195767196
2026-06-10T22:07:12.005548,Smart Motorized Blinds__Open/Close Percentage,Smart Motorized Blinds,Open/Close Percentage,0,REJECTION,,schema,REJECTED,Unknown: Smart Motorized Blinds/Open/Close Percentage,58.49417195767196
2026-06-10T22:07:12.973861,Smart Motorized Blinds__Open/Close Percentage,Smart Motorized Blinds,Open/Close Percentage,0,REJECTION,,schema,REJECTED,Unknown: Smart Motorized Blinds/Open/Close Percentage,58.49417195767196
2026-06-10T22:07:13.962228,Smart Motorized Blinds__Open/Close Percentage,Smart Motorized Blinds,Open/Close Percentage,0,REJECTION,,schema,REJECTED,Unknown: Smart Motorized Blinds/Open/Close Percentage,58.49417195767196
2026-06-10T22:07:14.967687,Smart Motorized Blinds__Open/Close Percentage,Smart Motorized Blinds,Open/Close Percentage,0,REJECTION,,schema,REJECTED,Unknown: Smart Motorized Blinds/Open/Close Percentage,58.49417195767196
2026-06-10T22:07:16.027364,Smart Motorized Blinds__Open/Close Percentage,Smart Motorized Blinds,Open/Close Percentage,0,REJECTION,,schema,REJECTED,Unknown: Smart Motorized Blinds/Open/Close Percentage,58.49417195767196
2026-06-10T22:07:17.000290,Smart Motorized Blinds__Open/Close Percentage,Smart Motorized Blinds,Open/Close Percentage,0,REJECTION,,schema,REJECTED,Unknown: Smart Motorized Blinds/Open/Close Percentage,58.49417195767196
2026-06-10T22:07:17.907439,Smart Motorized Blinds__Open/Close Percentage,Smart Motorized Blinds,Open/Close Percentage,0,REJECTION,,schema,REJECTED,Unknown: Smart Motorized Blinds/Open/Close Percentage,58.49417195767196
2026-06-10T22:07:18.988149,Smart Motorized Blinds__Open/Close Percentage,Smart Motorized Blinds,Open/Close Percentage,0,REJECTION,,schema,REJECTED,Unknown: Smart Motorized Blinds/Open/Close Percentage,58.49417195767196
2026-06-10T22:07:19.937089,Smart Motorized Blinds__Open/Close Percentage,Smart Motorized Blinds,Open/Close Percentage,0,REJECTION,,schema,REJECTED,Unknown: Smart Motorized Blinds/Open/Close Percentage,58.49417195767196
2026-06-10T22:07:21.008577,Smart Motorized Blinds__Open/Close Percentage,Smart Motorized Blinds,Open/Close Percentage,0,REJECTION,,schema,REJECTED,Unknown: Smart Motorized Blinds/Open/Close Percentage,58.494171957671945
2026-06-10T22:07:21.903679,Smart Motorized Blinds__Open/Close Percentage,Smart Motorized Blinds,Open/Close Percentage,0,REJECTION,,schema,REJECTED,Unknown: Smart Motorized Blinds/Open/Close Percentage,58.49417195767196
2026-06-10T22:07:22.902991,Smart Motorized Blinds__Open/Close Percentage,Smart Motorized Blinds,Open/Close Percentage,0,REJECTION,,schema,REJECTED,Unknown: Smart Motorized Blinds/Open/Close Percentage,62.99419179894177
2026-06-10T22:07:23.709081,Smart Motorized Blinds__Open/Close Percentage,Smart Motorized Blinds,Open/Close Percentage,0,REJECTION,,schema,REJECTED,Unknown: Smart Motorized Blinds/Open/Close Percentage,62.99419179894177
2026-06-10T22:08:13.557059,Smart Motorized Blinds__Open/Close Percentage,Smart Motorized Blinds,Open/Close Percentage,0,REJECTION,,schema,REJECTED,Unknown: Smart Motorized Blinds/Open/Close Percentage,62.99419179894178
2026-06-10T22:08:14.560731,Smart Motorized Blinds__Open/Close Percentage,Smart Motorized Blinds,Open/Close Percentage,0,REJECTION,,schema,REJECTED,Unknown: Smart Motorized Blinds/Open/Close Percentage,62.99419179894177
2026-06-10T22:08:15.423795,Smart Motorized Blinds__Open/Close Percentage,Smart Motorized Blinds,Open/Close Percentage,0,REJECTION,,schema,REJECTED,Unknown: Smart Motorized Blinds/Open/Close Percentage,62.99419179894177
2026-06-10T22:08:16.474032,Smart Motorized Blinds__Open/Close Percentage,Smart Motorized Blinds,Open/Close Percentage,0,REJECTION,,schema,REJECTED,Unknown: Smart Motorized Blinds/Open/Close Percentage,62.99419179894177
2026-06-10T22:08:17.506230,Smart Motorized Blinds__Open/Close Percentage,Smart Motorized Blinds,Open/Close Percentage,0,REJECTION,,schema,REJECTED,Unknown: Smart Motorized Blinds/Open/Close Percentage,62.99419179894177
2026-06-10T22:08:18.538718,Smart Motorized Blinds__Open/Close Percentage,Smart Motorized Blinds,Open/Close Percentage,0,REJECTION,,schema,REJECTED,Unknown: Smart Motorized Blinds/Open/Close Percentage,62.99419179894178
2026-06-10T22:08:19.462413,Smart Motorized Blinds__Open/Close Percentage,Smart Motorized Blinds,Open/Close Percentage,0,REJECTION,,schema,REJECTED,Unknown: Smart Motorized Blinds/Open/Close Percentage,62.99419179894177
2026-06-10T22:08:20.506023,Smart Motorized Blinds__Open/Close Percentage,Smart Motorized Blinds,Open/Close Percentage,0,REJECTION,,schema,REJECTED,Unknown: Smart Motorized Blinds/Open/Close Percentage,62.99419179894177
2026-06-10T22:08:21.464445,Smart Motorized Blinds__Open/Close Percentage,Smart Motorized Blinds,Open/Close Percentage,0,REJECTION,,schema,REJECTED,Unknown: Smart Motorized Blinds/Open/Close Percentage,62.99419179894177
2026-06-10T22:08:22.484262,Smart Motorized Blinds__Open/Close Percentage,Smart Motorized Blinds,Open/Close Percentage,0,REJECTION,,schema,REJECTED,Unknown: Smart Motorized Blinds/Open/Close Percentage,62.99419179894177
2026-06-10T22:08:23.496298,Smart Motorized Blinds__Open/Close Percentage,Smart Motorized Blinds,Open/Close Percentage,0,REJECTION,,schema,REJECTED,Unknown: Smart Motorized Blinds/Open/Close Percentage,62.99419179894178
2026-06-10T22:08:24.475063,Smart Motorized Blinds__Open/Close Percentage,Smart Motorized Blinds,Open/Close Percentage,0,REJECTION,,schema,REJECTED,Unknown: Smart Motorized Blinds/Open/Close Percentage,62.99419179894177
2026-06-10T22:08:25.422522,Smart Motorized Blinds__Open/Close Percentage,Smart Motorized Blinds,Open/Close Percentage,0,REJECTION,,schema,REJECTED,Unknown: Smart Motorized Blinds/Open/Close Percentage,62.99419179894177
2026-06-10T22:08:26.433432,Smart Motorized Blinds__Open/Close Percentage,Smart Motorized Blinds,Open/Close Percentage,0,REJECTION,,schema,REJECTED,Unknown: Smart Motorized Blinds/Open/Close Percentage,62.99419179894177
2026-06-10T22:08:27.531046,Smart Motorized Blinds__Open/Close Percentage,Smart Motorized Blinds,Open/Close Percentage,0,REJECTION,,schema,REJECTED,Unknown: Smart Motorized Blinds/Open/Close Percentage,62.99419179894177
2026-06-10T22:08:28.387979,Smart Motorized Blinds__Open/Close Percentage,Smart Motorized Blinds,Open/Close Percentage,0,REJECTION,,schema,REJECTED,Unknown: Smart Motorized Blinds/Open/Close Percentage,62.99419179894177
2026-06-10T22:08:29.504665,Smart Motorized Blinds__Open/Close Percentage,Smart Motorized Blinds,Open/Close Percentage,0,REJECTION,,schema,REJECTED,Unknown: Smart Motorized Blinds/Open/Close Percentage,58.494171957671945
2026-06-10T22:08:30.486482,Smart Motorized Blinds__Open/Close Percentage,Smart Motorized Blinds,Open/Close Percentage,0,REJECTION,,schema,REJECTED,Unknown: Smart Motorized Blinds/Open/Close Percentage,58.49417195767196
2026-06-10T22:08:31.486723,Smart Motorized Blinds__Open/Close Percentage,Smart Motorized Blinds,Open/Close Percentage,0,REJECTION,,schema,REJECTED,Unknown: Smart Motorized Blinds/Open/Close Percentage,58.49417195767196
2026-06-10T22:08:32.426335,Smart Motorized Blinds__Open/Close Percentage,Smart Motorized Blinds,Open/Close Percentage,0,REJECTION,,schema,REJECTED,Unknown: Smart Motorized Blinds/Open/Close Percentage,58.49417195767196
2026-06-10T22:08:33.532006,Smart Motorized Blinds__Open/Close Percentage,Smart Motorized Blinds,Open/Close Percentage,0,REJECTION,,schema,REJECTED,Unknown: Smart Motorized Blinds/Open/Close Percentage,58.49417195767196
2026-06-10T22:08:34.407319,Smart Motorized Blinds__Open/Close Percentage,Smart Motorized Blinds,Open/Close Percentage,0,REJECTION,,schema,REJECTED,Unknown: Smart Motorized Blinds/Open/Close Percentage,58.49417195767196
2026-06-10T22:08:35.431007,Smart Motorized Blinds__Open/Close Percentage,Smart Motorized Blinds,Open/Close Percentage,0,REJECTION,,schema,REJECTED,Unknown: Smart Motorized Blinds/Open/Close Percentage,58.49417195767196
2026-06-10T22:08:36.421890,Smart Motorized Blinds__Open/Close Percentage,Smart Motorized Blinds,Open/Close Percentage,0,REJECTION,,schema,REJECTED,Unknown: Smart Motorized Blinds/Open/Close Percentage,58.49417195767196
2026-06-10T22:08:37.433353,Smart Motorized Blinds__Open/Close Percentage,Smart Motorized Blinds,Open/Close Percentage,0,REJECTION,,schema,REJECTED,Unknown: Smart Motorized Blinds/Open/Close Percentage,58.49417195767196
2026-06-10T22:08:38.463469,Smart Motorized Blinds__Open/Close Percentage,Smart Motorized Blinds,Open/Close Percentage,0,REJECTION,,schema,REJECTED,Unknown: Smart Motorized Blinds/Open/Close Percentage,58.49417195767196
2026-06-10T22:08:39.431330,Smart Motorized Blinds__Open/Close Percentage,Smart Motorized Blinds,Open/Close Percentage,0,REJECTION,,schema,REJECTED,Unknown: Smart Motorized Blinds/Open/Close Percentage,58.49417195767196
2026-06-10T22:08:40.472943,Smart Motorized Blinds__Open/Close Percentage,Smart Motorized Blinds,Open/Close Percentage,0,REJECTION,,schema,REJECTED,Unknown: Smart Motorized Blinds/Open/Close Percentage,58.49417195767196
2026-06-10T22:08:41.429372,Smart Motorized Blinds__Open/Close Percentage,Smart Motorized Blinds,Open/Close Percentage,0,REJECTION,,schema,REJECTED,Unknown: Smart Motorized Blinds/Open/Close Percentage,58.49417195767196
2026-06-10T22:08:42.548423,Smart Motorized Blinds__Open/Close Percentage,Smart Motorized Blinds,Open/Close Percentage,0,REJECTION,,schema,REJECTED,Unknown: Smart Motorized Blinds/Open/Close Percentage,58.49417195767196
2026-06-10T22:08:43.436523,Smart Motorized Blinds__Open/Close Percentage,Smart Motorized Blinds,Open/Close Percentage,0,REJECTION,,schema,REJECTED,Unknown: Smart Motorized Blinds/Open/Close Percentage,58.49417195767196
2026-06-10T22:08:44.451881,Smart Motorized Blinds__Open/Close Percentage,Smart Motorized Blinds,Open/Close Percentage,0,REJECTION,,schema,REJECTED,Unknown: Smart Motorized Blinds/Open/Close Percentage,58.49417195767196
2026-06-10T22:08:45.484898,Smart Motorized Blinds__Open/Close Percentage,Smart Motorized Blinds,Open/Close Percentage,0,REJECTION,,schema,REJECTED,Unknown: Smart Motorized Blinds/Open/Close Percentage,58.49417195767196
2026-06-10T22:08:46.440981,Smart Motorized Blinds__Open/Close Percentage,Smart Motorized Blinds,Open/Close Percentage,0,REJECTION,,schema,REJECTED,Unknown: Smart Motorized Blinds/Open/Close Percentage,58.49417195767196
2026-06-10T22:08:47.472892,Smart Motorized Blinds__Open/Close Percentage,Smart Motorized Blinds,Open/Close Percentage,0,REJECTION,,schema,REJECTED,Unknown: Smart Motorized Blinds/Open/Close Percentage,58.49417195767196
2026-06-10T22:08:48.459113,Smart Motorized Blinds__Open/Close Percentage,Smart Motorized Blinds,Open/Close Percentage,0,REJECTION,,schema,REJECTED,Unknown: Smart Motorized Blinds/Open/Close Percentage,58.49417195767196
2026-06-10T22:08:49.480901,Smart Motorized Blinds__Open/Close Percentage,Smart Motorized Blinds,Open/Close Percentage,0,REJECTION,,schema,REJECTED,Unknown: Smart Motorized Blinds/Open/Close Percentage,58.49417195767196
2026-06-10T22:08:50.463819,Smart Motorized Blinds__Open/Close Percentage,Smart Motorized Blinds,Open/Close Percentage,0,REJECTION,,schema,REJECTED,Unknown: Smart Motorized Blinds/Open/Close Percentage,58.49417195767196
2026-06-10T22:08:51.441749,Smart Motorized Blinds__Open/Close Percentage,Smart Motorized Blinds,Open/Close Percentage,0,REJECTION,,schema,REJECTED,Unknown: Smart Motorized Blinds/Open/Close Percentage,58.49417195767196
2026-06-10T22:08:52.424173,Smart Motorized Blinds__Open/Close Percentage,Smart Motorized Blinds,Open/Close Percentage,0,REJECTION,,schema,REJECTED,Unknown: Smart Motorized Blinds/Open/Close Percentage,58.49417195767196
2026-06-10T22:08:53.416010,Smart Motorized Blinds__Open/Close Percentage,Smart Motorized Blinds,Open/Close Percentage,0,REJECTION,,schema,REJECTED,Unknown: Smart Motorized Blinds/Open/Close Percentage,58.49417195767196
2026-06-10T22:08:54.485856,Smart Motorized Blinds__Open/Close Percentage,Smart Motorized Blinds,Open/Close Percentage,0,REJECTION,,schema,REJECTED,Unknown: Smart Motorized Blinds/Open/Close Percentage,6.630158730158731
2026-06-10T22:08:55.434504,Smart Motorized Blinds__Open/Close Percentage,Smart Motorized Blinds,Open/Close Percentage,0,REJECTION,,schema,REJECTED,Unknown: Smart Motorized Blinds/Open/Close Percentage,6.630158730158731
2026-06-10T22:08:56.490896,Smart Motorized Blinds__Open/Close Percentage,Smart Motorized Blinds,Open/Close Percentage,0,REJECTION,,schema,REJECTED,Unknown: Smart Motorized Blinds/Open/Close Percentage,6.630158730158731
2026-06-10T22:08:57.433746,Smart Motorized Blinds__Open/Close Percentage,Smart Motorized Blinds,Open/Close Percentage,0,REJECTION,,schema,REJECTED,Unknown: Smart Motorized Blinds/Open/Close Percentage,6.630158730158731
2026-06-10T22:08:58.456043,Smart Motorized Blinds__Open/Close Percentage,Smart Motorized Blinds,Open/Close Percentage,0,REJECTION,,schema,REJECTED,Unknown: Smart Motorized Blinds/Open/Close Percentage,6.630158730158731
2026-06-10T22:08:59.478044,Smart Motorized Blinds__Open/Close Percentage,Smart Motorized Blinds,Open/Close Percentage,0,REJECTION,,schema,REJECTED,Unknown: Smart Motorized Blinds/Open/Close Percentage,5.518492063492064
2026-06-10T22:09:00.458021,Smart Motorized Blinds__Open/Close Percentage,Smart Motorized Blinds,Open/Close Percentage,0,REJECTION,,schema,REJECTED,Unknown: Smart Motorized Blinds/Open/Close Percentage,5.518492063492064
2026-06-10T22:09:01.524233,Smart Motorized Blinds__Open/Close Percentage,Smart Motorized Blinds,Open/Close Percentage,0,REJECTION,,schema,REJECTED,Unknown: Smart Motorized Blinds/Open/Close Percentage,5.518492063492064
2026-06-10T22:09:02.426912,Smart Motorized Blinds__Open/Close Percentage,Smart Motorized Blinds,Open/Close Percentage,0,REJECTION,,schema,REJECTED,Unknown: Smart Motorized Blinds/Open/Close Percentage,5.518492063492064
2026-06-10T22:09:03.581420,Smart Motorized Blinds__Open/Close Percentage,Smart Motorized Blinds,Open/Close Percentage,0,REJECTION,,schema,REJECTED,Unknown: Smart Motorized Blinds/Open/Close Percentage,5.518492063492064
2026-06-10T22:09:04.623084,Smart Motorized Blinds__Open/Close Percentage,Smart Motorized Blinds,Open/Close Percentage,0,REJECTION,,schema,REJECTED,Unknown: Smart Motorized Blinds/Open/Close Percentage,5.518492063492064
2026-06-10T22:10:53.841753,Smart Motorized Blinds__Open/Close Percentage,Smart Motorized Blinds,Open/Close Percentage,0,REJECTION,,schema,REJECTED,Unknown: Smart Motorized Blinds/Open/Close Percentage,62.99419179894177
2026-06-10T22:10:54.900923,Smart Motorized Blinds__Open/Close Percentage,Smart Motorized Blinds,Open/Close Percentage,0,REJECTION,,schema,REJECTED,Unknown: Smart Motorized Blinds/Open/Close Percentage,62.99419179894177
2026-06-10T22:10:55.862529,Smart Motorized Blinds__Open/Close Percentage,Smart Motorized Blinds,Open/Close Percentage,0,REJECTION,,schema,REJECTED,Unknown: Smart Motorized Blinds/Open/Close Percentage,62.99419179894177
2026-06-10T22:10:56.890891,Smart Motorized Blinds__Open/Close Percentage,Smart Motorized Blinds,Open/Close Percentage,0,REJECTION,,schema,REJECTED,Unknown: Smart Motorized Blinds/Open/Close Percentage,62.99419179894177
2026-06-10T22:10:57.838615,Smart Motorized Blinds__Open/Close Percentage,Smart Motorized Blinds,Open/Close Percentage,0,REJECTION,,schema,REJECTED,Unknown: Smart Motorized Blinds/Open/Close Percentage,62.99419179894177
2026-06-10T22:13:39.506370,Smart Motorized Blinds__Open/Close Percentage,Smart Motorized Blinds,Open/Close Percentage,0,REJECTION,,schema,REJECTED,Unknown: Smart Motorized Blinds/Open/Close Percentage,5.610182539682539
2026-06-10T22:16:05.567291,Smart Motorized Blinds__Open/Close Percentage,Smart Motorized Blinds,Open/Close Percentage,0,REJECTION,,schema,REJECTED,Unknown: Smart Motorized Blinds/Open/Close Percentage,62.99419179894177
2026-06-10T22:16:06.455151,Smart Motorized Blinds__Open/Close Percentage,Smart Motorized Blinds,Open/Close Percentage,0,REJECTION,,schema,REJECTED,Unknown: Smart Motorized Blinds/Open/Close Percentage,62.99419179894177
2026-06-10T22:21:32.798155,Smart Motorized Blinds__Open/Close Percentage,Smart Motorized Blinds,Open/Close Percentage,0,REJECTION,,schema,REJECTED,Unknown: Smart Motorized Blinds/Open/Close Percentage,62.99419179894177
2026-06-10T22:21:34.177972,Smart Motorized Blinds__Open/Close Percentage,Smart Motorized Blinds,Open/Close Percentage,0,REJECTION,,schema,REJECTED,Unknown: Smart Motorized Blinds/Open/Close Percentage,62.99419179894177
2026-06-10T22:21:35.660340,Smart Motorized Blinds__Open/Close Percentage,Smart Motorized Blinds,Open/Close Percentage,0,REJECTION,,schema,REJECTED,Unknown: Smart Motorized Blinds/Open/Close Percentage,62.99419179894177
2026-06-10T22:21:36.764089,Smart Motorized Blinds__Open/Close Percentage,Smart Motorized Blinds,Open/Close Percentage,0,REJECTION,,schema,REJECTED,Unknown: Smart Motorized Blinds/Open/Close Percentage,62.99419179894177
2026-06-10T22:21:37.940185,Smart Motorized Blinds__Open/Close Percentage,Smart Motorized Blinds,Open/Close Percentage,0,REJECTION,,schema,REJECTED,Unknown: Smart Motorized Blinds/Open/Close Percentage,62.99419179894177
2026-06-10T22:21:39.285045,Smart Motorized Blinds__Open/Close Percentage,Smart Motorized Blinds,Open/Close Percentage,0,REJECTION,,schema,REJECTED,Unknown: Smart Motorized Blinds/Open/Close Percentage,62.99419179894177
2026-06-10T22:21:40.497014,Smart Motorized Blinds__Open/Close Percentage,Smart Motorized Blinds,Open/Close Percentage,0,REJECTION,,schema,REJECTED,Unknown: Smart Motorized Blinds/Open/Close Percentage,62.99419179894177
2026-06-10T22:21:41.714249,Smart Motorized Blinds__Open/Close Percentage,Smart Motorized Blinds,Open/Close Percentage,0,REJECTION,,schema,REJECTED,Unknown: Smart Motorized Blinds/Open/Close Percentage,62.99419179894177
2026-06-10T22:21:42.811891,Smart Motorized Blinds__Open/Close Percentage,Smart Motorized Blinds,Open/Close Percentage,0,REJECTION,,schema,REJECTED,Unknown: Smart Motorized Blinds/Open/Close Percentage,62.99419179894177
2026-06-10T22:21:44.038912,Smart Motorized Blinds__Open/Close Percentage,Smart Motorized Blinds,Open/Close Percentage,0,REJECTION,,schema,REJECTED,Unknown: Smart Motorized Blinds/Open/Close Percentage,62.99419179894177
2026-06-10T22:21:45.266145,Smart Motorized Blinds__Open/Close Percentage,Smart Motorized Blinds,Open/Close Percentage,0,REJECTION,,schema,REJECTED,Unknown: Smart Motorized Blinds/Open/Close Percentage,62.99419179894177
2026-06-10T22:21:46.325257,Smart Motorized Blinds__Open/Close Percentage,Smart Motorized Blinds,Open/Close Percentage,0,REJECTION,,schema,REJECTED,Unknown: Smart Motorized Blinds/Open/Close Percentage,62.99419179894177
2026-06-10T22:21:47.666523,Smart Motorized Blinds__Open/Close Percentage,Smart Motorized Blinds,Open/Close Percentage,0,REJECTION,,schema,REJECTED,Unknown: Smart Motorized Blinds/Open/Close Percentage,62.99419179894177
2026-06-10T22:21:48.898255,Smart Motorized Blinds__Open/Close Percentage,Smart Motorized Blinds,Open/Close Percentage,0,REJECTION,,schema,REJECTED,Unknown: Smart Motorized Blinds/Open/Close Percentage,62.99419179894177
2026-06-10T22:21:50.196073,Smart Motorized Blinds__Open/Close Percentage,Smart Motorized Blinds,Open/Close Percentage,0,REJECTION,,schema,REJECTED,Unknown: Smart Motorized Blinds/Open/Close Percentage,62.99419179894177
2026-06-10T22:21:51.337009,Smart Motorized Blinds__Open/Close Percentage,Smart Motorized Blinds,Open/Close Percentage,0,REJECTION,,schema,REJECTED,Unknown: Smart Motorized Blinds/Open/Close Percentage,62.99419179894177
2026-06-10T22:26:48.552646,Smart Motorized Blinds__Open/Close Percentage,Smart Motorized Blinds,Open/Close Percentage,0,REJECTION,,schema,REJECTED,Unknown: Smart Motorized Blinds/Open/Close Percentage,62.99419179894177
2026-06-10T22:26:49.266316,Smart Motorized Blinds__Open/Close Percentage,Smart Motorized Blinds,Open/Close Percentage,0,REJECTION,,schema,REJECTED,Unknown: Smart Motorized Blinds/Open/Close Percentage,62.99419179894177
2026-06-10T22:26:57.726132,Smart Motorized Blinds__Open/Close Percentage,Smart Motorized Blinds,Open/Close Percentage,0,REJECTION,,schema,REJECTED,Unknown: Smart Motorized Blinds/Open/Close Percentage,62.99419179894177
2026-06-10T22:26:58.537542,Smart Motorized Blinds__Open/Close Percentage,Smart Motorized Blinds,Open/Close Percentage,0,REJECTION,,schema,REJECTED,Unknown: Smart Motorized Blinds/Open/Close Percentage,62.99419179894177
2026-06-10T22:28:41.433234,Smart Motorized Blinds__Open/Close Percentage,Smart Motorized Blinds,Open/Close Percentage,0,REJECTION,,schema,REJECTED,Unknown: Smart Motorized Blinds/Open/Close Percentage,5.676849206349205
2026-06-10T22:28:47.043547,Bedroom_AC_2__Operation Mode,Bedroom_AC_2,Operation Mode,150,Accuracy,0.6333,clf,OK,,
2026-06-10T22:28:47.362987,Bedroom_AC_2__Target Temperature,Bedroom_AC_2,Target Temperature,150,MAE,0.013,reg,OK,,
2026-06-10T22:28:47.686148,Bedroom_LED_2__Brightness,Bedroom_LED_2,Brightness,150,MAE,5.7416,reg,OK,,
2026-06-10T22:28:48.064287,Bedroom_LED_2__Color Temperature,Bedroom_LED_2,Color Temperature,150,Accuracy,0.5,clf,DROPPED,accuracy 0.500 < 0.55,
2026-06-10T22:28:48.442078,FrontDoor_Cam_1__Privacy Mode,FrontDoor_Cam_1,Privacy Mode,150,Accuracy,0.6667,clf,OK,,
2026-06-10T22:28:48.810927,Garden_Irrigation_1__Zone 1 State,Garden_Irrigation_1,Zone 1 State,150,Accuracy,1.0,clf,OK,,
2026-06-10T22:28:49.183435,Hallway_Vacuum_1__Suction Power,Hallway_Vacuum_1,Suction Power,22,Accuracy,0.4,clf,DROPPED,accuracy 0.400 < 0.55,
2026-06-10T22:28:49.569260,Kitchen_Speaker_1__Playback State,Kitchen_Speaker_1,Playback State,214,Accuracy,1.0,clf,OK,,
2026-06-10T22:28:49.870124,Kitchen_Speaker_1__Volume Level,Kitchen_Speaker_1,Volume Level,107,MAE,3.2386,reg,OK,,
2026-06-10T22:28:50.253590,LivingRoom_AC_1__Fan Speed,LivingRoom_AC_1,Fan Speed,108,Accuracy,0.4091,clf,DROPPED,accuracy 0.409 < 0.55,
2026-06-10T22:28:50.618611,LivingRoom_AC_1__Operation Mode,LivingRoom_AC_1,Operation Mode,150,Accuracy,0.9333,clf,OK,,
2026-06-10T22:28:50.913306,LivingRoom_AC_1__Target Temperature,LivingRoom_AC_1,Target Temperature,156,MAE,1.2632,reg,OK,,
2026-06-10T22:28:51.215009,LivingRoom_Blinds_1__Open/Close Percentage,LivingRoom_Blinds_1,Open/Close Percentage,412,MAE,12.81,reg,OK,,
2026-06-10T22:28:51.590596,LivingRoom_Fan_1__Fan Speed,LivingRoom_Fan_1,Fan Speed,95,Accuracy,0.4211,clf,DROPPED,accuracy 0.421 < 0.55,
2026-06-10T22:28:51.973992,LivingRoom_Fan_1__Power State,LivingRoom_Fan_1,Power State,182,Accuracy,1.0,clf,OK,,
2026-06-10T22:28:52.268251,LivingRoom_LED_1__Brightness,LivingRoom_LED_1,Brightness,150,MAE,4.9637,reg,OK,,
2026-06-10T22:28:52.641195,LivingRoom_LED_1__Color Temperature,LivingRoom_LED_1,Color Temperature,150,Accuracy,0.4,clf,DROPPED,accuracy 0.400 < 0.55,
2026-06-10T22:28:53.037292,LivingRoom_LED_1__Power State,LivingRoom_LED_1,Power State,300,Accuracy,1.0,clf,OK,,
2026-06-10T22:28:53.419601,TV_Plug_1__Switch State,TV_Plug_1,Switch State,304,Accuracy,0.9508,clf,OK,,
2026-06-10T22:31:04.733900,Smart Motorized Blinds__Open/Close Percentage,Smart Motorized Blinds,Open/Close Percentage,0,REJECTION,,schema,REJECTED,Unknown: Smart Motorized Blinds/Open/Close Percentage,66.441246031746
2026-06-10T22:31:05.489379,Smart Motorized Blinds__Open/Close Percentage,Smart Motorized Blinds,Open/Close Percentage,0,REJECTION,,schema,REJECTED,Unknown: Smart Motorized Blinds/Open/Close Percentage,66.441246031746
2026-06-10T22:31:37.544583,Smart Motorized Blinds__Open/Close Percentage,Smart Motorized Blinds,Open/Close Percentage,0,REJECTION,,schema,REJECTED,Unknown: Smart Motorized Blinds/Open/Close Percentage,66.44124603174602
2026-06-10T22:31:38.206944,Smart Motorized Blinds__Open/Close Percentage,Smart Motorized Blinds,Open/Close Percentage,0,REJECTION,,schema,REJECTED,Unknown: Smart Motorized Blinds/Open/Close Percentage,66.441246031746
2026-06-10T22:32:08.242871,Smart Motorized Blinds__Open/Close Percentage,Smart Motorized Blinds,Open/Close Percentage,0,REJECTION,,schema,REJECTED,Unknown: Smart Motorized Blinds/Open/Close Percentage,66.441246031746
2026-06-10T22:32:08.946472,Smart Motorized Blinds__Open/Close Percentage,Smart Motorized Blinds,Open/Close Percentage,0,REJECTION,,schema,REJECTED,Unknown: Smart Motorized Blinds/Open/Close Percentage,66.441246031746
2026-06-11T00:33:30.296248,Smart Motorized Blinds__Open/Close Percentage,Smart Motorized Blinds,Open/Close Percentage,0,REJECTION,,schema,REJECTED,Unknown: Smart Motorized Blinds/Open/Close Percentage,56.82924603174602
2026-06-11T00:33:38.297639,Smart Motorized Blinds__Open/Close Percentage,Smart Motorized Blinds,Open/Close Percentage,0,REJECTION,,schema,REJECTED,Unknown: Smart Motorized Blinds/Open/Close Percentage,66.40081956115777
2026-06-11T00:33:39.060368,Smart Motorized Blinds__Open/Close Percentage,Smart Motorized Blinds,Open/Close Percentage,0,REJECTION,,schema,REJECTED,Unknown: Smart Motorized Blinds/Open/Close Percentage,66.40081956115777
2026-06-11T00:33:55.601659,Smart Motorized Blinds__Open/Close Percentage,Smart Motorized Blinds,Open/Close Percentage,0,REJECTION,,schema,REJECTED,Unknown: Smart Motorized Blinds/Open/Close Percentage,66.40081956115777
2026-06-11T00:33:56.628889,Smart Motorized Blinds__Open/Close Percentage,Smart Motorized Blinds,Open/Close Percentage,0,REJECTION,,schema,REJECTED,Unknown: Smart Motorized Blinds/Open/Close Percentage,66.40081956115777
2026-06-11T00:34:07.582151,Smart Motorized Blinds__Open/Close Percentage,Smart Motorized Blinds,Open/Close Percentage,0,REJECTION,,schema,REJECTED,Unknown: Smart Motorized Blinds/Open/Close Percentage,66.40081956115777
2026-06-11T00:34:08.709079,Smart Motorized Blinds__Open/Close Percentage,Smart Motorized Blinds,Open/Close Percentage,0,REJECTION,,schema,REJECTED,Unknown: Smart Motorized Blinds/Open/Close Percentage,66.40081956115776
2026-06-11T00:35:47.411931,Smart Motorized Blinds__Open/Close Percentage,Smart Motorized Blinds,Open/Close Percentage,0,REJECTION,,schema,REJECTED,Unknown: Smart Motorized Blinds/Open/Close Percentage,66.40081956115777
2026-06-11T00:35:48.367195,Smart Motorized Blinds__Open/Close Percentage,Smart Motorized Blinds,Open/Close Percentage,0,REJECTION,,schema,REJECTED,Unknown: Smart Motorized Blinds/Open/Close Percentage,66.40081956115777
2026-06-11T00:41:32.509832,Smart Motorized Blinds__Open/Close Percentage,Smart Motorized Blinds,Open/Close Percentage,0,REJECTION,,schema,REJECTED,Unknown: Smart Motorized Blinds/Open/Close Percentage,66.40081956115777
2026-06-11T00:41:33.356253,Smart Motorized Blinds__Open/Close Percentage,Smart Motorized Blinds,Open/Close Percentage,0,REJECTION,,schema,REJECTED,Unknown: Smart Motorized Blinds/Open/Close Percentage,66.40081956115777
2026-06-11T00:41:53.064560,Smart Motorized Blinds__Open/Close Percentage,Smart Motorized Blinds,Open/Close Percentage,0,REJECTION,,schema,REJECTED,Unknown: Smart Motorized Blinds/Open/Close Percentage,66.40081956115777
2026-06-11T00:41:53.910432,Smart Motorized Blinds__Open/Close Percentage,Smart Motorized Blinds,Open/Close Percentage,0,REJECTION,,schema,REJECTED,Unknown: Smart Motorized Blinds/Open/Close Percentage,66.40081956115777
2026-06-11T00:42:09.509252,Smart Motorized Blinds__Open/Close Percentage,Smart Motorized Blinds,Open/Close Percentage,0,REJECTION,,schema,REJECTED,Unknown: Smart Motorized Blinds/Open/Close Percentage,66.40081956115777
2026-06-11T00:42:10.455653,Smart Motorized Blinds__Open/Close Percentage,Smart Motorized Blinds,Open/Close Percentage,0,REJECTION,,schema,REJECTED,Unknown: Smart Motorized Blinds/Open/Close Percentage,66.40081956115777
2026-06-11T00:45:03.813978,Smart Motorized Blinds__Open/Close Percentage,Smart Motorized Blinds,Open/Close Percentage,0,REJECTION,,schema,REJECTED,Unknown: Smart Motorized Blinds/Open/Close Percentage,66.40081956115777
2026-06-11T00:45:04.751119,Smart Motorized Blinds__Open/Close Percentage,Smart Motorized Blinds,Open/Close Percentage,0,REJECTION,,schema,REJECTED,Unknown: Smart Motorized Blinds/Open/Close Percentage,66.40081956115777
2026-06-11T00:45:13.662028,Smart Motorized Blinds__Open/Close Percentage,Smart Motorized Blinds,Open/Close Percentage,0,REJECTION,,schema,REJECTED,Unknown: Smart Motorized Blinds/Open/Close Percentage,66.40081956115777
2026-06-11T00:45:14.641515,Smart Motorized Blinds__Open/Close Percentage,Smart Motorized Blinds,Open/Close Percentage,0,REJECTION,,schema,REJECTED,Unknown: Smart Motorized Blinds/Open/Close Percentage,66.40081956115776
2026-06-11T00:45:15.663836,Smart Motorized Blinds__Open/Close Percentage,Smart Motorized Blinds,Open/Close Percentage,0,REJECTION,,schema,REJECTED,Unknown: Smart Motorized Blinds/Open/Close Percentage,66.40081956115777
2026-06-11T00:45:16.683452,Smart Motorized Blinds__Open/Close Percentage,Smart Motorized Blinds,Open/Close Percentage,0,REJECTION,,schema,REJECTED,Unknown: Smart Motorized Blinds/Open/Close Percentage,66.40081956115777
2026-06-11T00:45:17.643209,Smart Motorized Blinds__Open/Close Percentage,Smart Motorized Blinds,Open/Close Percentage,0,REJECTION,,schema,REJECTED,Unknown: Smart Motorized Blinds/Open/Close Percentage,66.40081956115777
2026-06-11T00:45:18.702307,Smart Motorized Blinds__Open/Close Percentage,Smart Motorized Blinds,Open/Close Percentage,0,REJECTION,,schema,REJECTED,Unknown: Smart Motorized Blinds/Open/Close Percentage,66.40081956115777
2026-06-11T00:45:19.723655,Smart Motorized Blinds__Open/Close Percentage,Smart Motorized Blinds,Open/Close Percentage,0,REJECTION,,schema,REJECTED,Unknown: Smart Motorized Blinds/Open/Close Percentage,66.40081956115776
2026-06-11T00:45:20.680064,Smart Motorized Blinds__Open/Close Percentage,Smart Motorized Blinds,Open/Close Percentage,0,REJECTION,,schema,REJECTED,Unknown: Smart Motorized Blinds/Open/Close Percentage,66.40081956115777
2026-06-11T00:45:21.717498,Smart Motorized Blinds__Open/Close Percentage,Smart Motorized Blinds,Open/Close Percentage,0,REJECTION,,schema,REJECTED,Unknown: Smart Motorized Blinds/Open/Close Percentage,66.40081956115777
2026-06-11T00:45:22.654907,Smart Motorized Blinds__Open/Close Percentage,Smart Motorized Blinds,Open/Close Percentage,0,REJECTION,,schema,REJECTED,Unknown: Smart Motorized Blinds/Open/Close Percentage,66.40081956115776
2026-06-11T00:45:23.719276,Smart Motorized Blinds__Open/Close Percentage,Smart Motorized Blinds,Open/Close Percentage,0,REJECTION,,schema,REJECTED,Unknown: Smart Motorized Blinds/Open/Close Percentage,66.40081956115777
2026-06-11T00:45:24.654885,Smart Motorized Blinds__Open/Close Percentage,Smart Motorized Blinds,Open/Close Percentage,0,REJECTION,,schema,REJECTED,Unknown: Smart Motorized Blinds/Open/Close Percentage,66.40081956115777
2026-06-11T00:45:25.705155,Smart Motorized Blinds__Open/Close Percentage,Smart Motorized Blinds,Open/Close Percentage,0,REJECTION,,schema,REJECTED,Unknown: Smart Motorized Blinds/Open/Close Percentage,66.40081956115777
2026-06-11T00:45:26.698271,Smart Motorized Blinds__Open/Close Percentage,Smart Motorized Blinds,Open/Close Percentage,0,REJECTION,,schema,REJECTED,Unknown: Smart Motorized Blinds/Open/Close Percentage,66.40081956115777
2026-06-11T00:45:34.954572,Smart Motorized Blinds__Open/Close Percentage,Smart Motorized Blinds,Open/Close Percentage,0,REJECTION,,schema,REJECTED,Unknown: Smart Motorized Blinds/Open/Close Percentage,66.40081956115777
2026-06-11T00:45:35.845191,Smart Motorized Blinds__Open/Close Percentage,Smart Motorized Blinds,Open/Close Percentage,0,REJECTION,,schema,REJECTED,Unknown: Smart Motorized Blinds/Open/Close Percentage,66.40081956115777
2026-06-11T00:45:36.977281,Smart Motorized Blinds__Open/Close Percentage,Smart Motorized Blinds,Open/Close Percentage,0,REJECTION,,schema,REJECTED,Unknown: Smart Motorized Blinds/Open/Close Percentage,66.40081956115777
2026-06-11T00:45:37.901874,Smart Motorized Blinds__Open/Close Percentage,Smart Motorized Blinds,Open/Close Percentage,0,REJECTION,,schema,REJECTED,Unknown: Smart Motorized Blinds/Open/Close Percentage,66.40081956115777
2026-06-11T00:45:38.950132,Smart Motorized Blinds__Open/Close Percentage,Smart Motorized Blinds,Open/Close Percentage,0,REJECTION,,schema,REJECTED,Unknown: Smart Motorized Blinds/Open/Close Percentage,66.40081956115777
2026-06-11T00:45:39.956076,Smart Motorized Blinds__Open/Close Percentage,Smart Motorized Blinds,Open/Close Percentage,0,REJECTION,,schema,REJECTED,Unknown: Smart Motorized Blinds/Open/Close Percentage,66.40081956115777
2026-06-11T00:45:40.867192,Smart Motorized Blinds__Open/Close Percentage,Smart Motorized Blinds,Open/Close Percentage,0,REJECTION,,schema,REJECTED,Unknown: Smart Motorized Blinds/Open/Close Percentage,66.40081956115777
2026-06-11T00:45:41.982824,Smart Motorized Blinds__Open/Close Percentage,Smart Motorized Blinds,Open/Close Percentage,0,REJECTION,,schema,REJECTED,Unknown: Smart Motorized Blinds/Open/Close Percentage,66.40081956115777
2026-06-11T00:45:42.924085,Smart Motorized Blinds__Open/Close Percentage,Smart Motorized Blinds,Open/Close Percentage,0,REJECTION,,schema,REJECTED,Unknown: Smart Motorized Blinds/Open/Close Percentage,66.40081956115777
2026-06-11T00:45:43.992221,Smart Motorized Blinds__Open/Close Percentage,Smart Motorized Blinds,Open/Close Percentage,0,REJECTION,,schema,REJECTED,Unknown: Smart Motorized Blinds/Open/Close Percentage,66.40081956115777
2026-06-11T00:45:44.902306,Smart Motorized Blinds__Open/Close Percentage,Smart Motorized Blinds,Open/Close Percentage,0,REJECTION,,schema,REJECTED,Unknown: Smart Motorized Blinds/Open/Close Percentage,66.40081956115777
2026-06-11T00:45:46.050334,Smart Motorized Blinds__Open/Close Percentage,Smart Motorized Blinds,Open/Close Percentage,0,REJECTION,,schema,REJECTED,Unknown: Smart Motorized Blinds/Open/Close Percentage,66.40081956115777
2026-06-11T00:45:46.923635,Smart Motorized Blinds__Open/Close Percentage,Smart Motorized Blinds,Open/Close Percentage,0,REJECTION,,schema,REJECTED,Unknown: Smart Motorized Blinds/Open/Close Percentage,66.40081956115777
2026-06-11T00:45:47.934939,Smart Motorized Blinds__Open/Close Percentage,Smart Motorized Blinds,Open/Close Percentage,0,REJECTION,,schema,REJECTED,Unknown: Smart Motorized Blinds/Open/Close Percentage,66.40081956115776
2026-06-11T00:45:48.846309,Smart Motorized Blinds__Open/Close Percentage,Smart Motorized Blinds,Open/Close Percentage,0,REJECTION,,schema,REJECTED,Unknown: Smart Motorized Blinds/Open/Close Percentage,66.40081956115777
2026-06-11T00:45:49.956255,Smart Motorized Blinds__Open/Close Percentage,Smart Motorized Blinds,Open/Close Percentage,0,REJECTION,,schema,REJECTED,Unknown: Smart Motorized Blinds/Open/Close Percentage,66.40081956115777
2026-06-11T00:45:50.931126,Smart Motorized Blinds__Open/Close Percentage,Smart Motorized Blinds,Open/Close Percentage,0,REJECTION,,schema,REJECTED,Unknown: Smart Motorized Blinds/Open/Close Percentage,62.60652458761279
2026-06-11T00:45:51.996857,Smart Motorized Blinds__Open/Close Percentage,Smart Motorized Blinds,Open/Close Percentage,0,REJECTION,,schema,REJECTED,Unknown: Smart Motorized Blinds/Open/Close Percentage,62.60652458761279
2026-06-11T00:45:52.930801,Smart Motorized Blinds__Open/Close Percentage,Smart Motorized Blinds,Open/Close Percentage,0,REJECTION,,schema,REJECTED,Unknown: Smart Motorized Blinds/Open/Close Percentage,62.60652458761279
2026-06-11T00:45:53.927522,Smart Motorized Blinds__Open/Close Percentage,Smart Motorized Blinds,Open/Close Percentage,0,REJECTION,,schema,REJECTED,Unknown: Smart Motorized Blinds/Open/Close Percentage,62.60652458761279
2026-06-11T00:45:54.902880,Smart Motorized Blinds__Open/Close Percentage,Smart Motorized Blinds,Open/Close Percentage,0,REJECTION,,schema,REJECTED,Unknown: Smart Motorized Blinds/Open/Close Percentage,62.60652458761279
2026-06-11T00:45:55.961273,Smart Motorized Blinds__Open/Close Percentage,Smart Motorized Blinds,Open/Close Percentage,0,REJECTION,,schema,REJECTED,Unknown: Smart Motorized Blinds/Open/Close Percentage,62.60652458761279
2026-06-11T00:45:56.806694,Smart Motorized Blinds__Open/Close Percentage,Smart Motorized Blinds,Open/Close Percentage,0,REJECTION,,schema,REJECTED,Unknown: Smart Motorized Blinds/Open/Close Percentage,62.6065245876128
2026-06-11T00:45:57.962615,Smart Motorized Blinds__Open/Close Percentage,Smart Motorized Blinds,Open/Close Percentage,0,REJECTION,,schema,REJECTED,Unknown: Smart Motorized Blinds/Open/Close Percentage,62.60652458761279
2026-06-11T00:45:58.823727,Smart Motorized Blinds__Open/Close Percentage,Smart Motorized Blinds,Open/Close Percentage,0,REJECTION,,schema,REJECTED,Unknown: Smart Motorized Blinds/Open/Close Percentage,62.60652458761279
2026-06-11T00:45:59.930254,Smart Motorized Blinds__Open/Close Percentage,Smart Motorized Blinds,Open/Close Percentage,0,REJECTION,,schema,REJECTED,Unknown: Smart Motorized Blinds/Open/Close Percentage,62.60652458761279
2026-06-11T00:46:00.926239,Smart Motorized Blinds__Open/Close Percentage,Smart Motorized Blinds,Open/Close Percentage,0,REJECTION,,schema,REJECTED,Unknown: Smart Motorized Blinds/Open/Close Percentage,62.60652458761279
2026-06-11T00:46:01.838170,Smart Motorized Blinds__Open/Close Percentage,Smart Motorized Blinds,Open/Close Percentage,0,REJECTION,,schema,REJECTED,Unknown: Smart Motorized Blinds/Open/Close Percentage,62.60652458761279
2026-06-11T00:46:02.900718,Smart Motorized Blinds__Open/Close Percentage,Smart Motorized Blinds,Open/Close Percentage,0,REJECTION,,schema,REJECTED,Unknown: Smart Motorized Blinds/Open/Close Percentage,62.60652458761279
2026-06-11T00:46:03.916424,Smart Motorized Blinds__Open/Close Percentage,Smart Motorized Blinds,Open/Close Percentage,0,REJECTION,,schema,REJECTED,Unknown: Smart Motorized Blinds/Open/Close Percentage,62.60652458761279
2026-06-11T00:46:04.988427,Smart Motorized Blinds__Open/Close Percentage,Smart Motorized Blinds,Open/Close Percentage,0,REJECTION,,schema,REJECTED,Unknown: Smart Motorized Blinds/Open/Close Percentage,62.60652458761279
2026-06-11T00:46:05.927917,Smart Motorized Blinds__Open/Close Percentage,Smart Motorized Blinds,Open/Close Percentage,0,REJECTION,,schema,REJECTED,Unknown: Smart Motorized Blinds/Open/Close Percentage,62.60652458761278
2026-06-11T00:46:07.113647,Smart Motorized Blinds__Open/Close Percentage,Smart Motorized Blinds,Open/Close Percentage,0,REJECTION,,schema,REJECTED,Unknown: Smart Motorized Blinds/Open/Close Percentage,62.60652458761279
2026-06-11T00:46:07.919138,Smart Motorized Blinds__Open/Close Percentage,Smart Motorized Blinds,Open/Close Percentage,0,REJECTION,,schema,REJECTED,Unknown: Smart Motorized Blinds/Open/Close Percentage,62.60652458761279
2026-06-11T00:46:08.935784,Smart Motorized Blinds__Open/Close Percentage,Smart Motorized Blinds,Open/Close Percentage,0,REJECTION,,schema,REJECTED,Unknown: Smart Motorized Blinds/Open/Close Percentage,62.60652458761278
2026-06-11T00:46:09.860746,Smart Motorized Blinds__Open/Close Percentage,Smart Motorized Blinds,Open/Close Percentage,0,REJECTION,,schema,REJECTED,Unknown: Smart Motorized Blinds/Open/Close Percentage,62.60652458761278
2026-06-11T00:46:10.960473,Smart Motorized Blinds__Open/Close Percentage,Smart Motorized Blinds,Open/Close Percentage,0,REJECTION,,schema,REJECTED,Unknown: Smart Motorized Blinds/Open/Close Percentage,62.60652458761279
2026-06-11T00:46:11.865358,Smart Motorized Blinds__Open/Close Percentage,Smart Motorized Blinds,Open/Close Percentage,0,REJECTION,,schema,REJECTED,Unknown: Smart Motorized Blinds/Open/Close Percentage,62.60652458761279
2026-06-11T00:46:12.948171,Smart Motorized Blinds__Open/Close Percentage,Smart Motorized Blinds,Open/Close Percentage,0,REJECTION,,schema,REJECTED,Unknown: Smart Motorized Blinds/Open/Close Percentage,62.60652458761279
2026-06-11T00:46:13.946697,Smart Motorized Blinds__Open/Close Percentage,Smart Motorized Blinds,Open/Close Percentage,0,REJECTION,,schema,REJECTED,Unknown: Smart Motorized Blinds/Open/Close Percentage,62.60652458761279
2026-06-11T00:46:14.916571,Smart Motorized Blinds__Open/Close Percentage,Smart Motorized Blinds,Open/Close Percentage,0,REJECTION,,schema,REJECTED,Unknown: Smart Motorized Blinds/Open/Close Percentage,62.6065245876128
2026-06-11T00:46:15.913090,Smart Motorized Blinds__Open/Close Percentage,Smart Motorized Blinds,Open/Close Percentage,0,REJECTION,,schema,REJECTED,Unknown: Smart Motorized Blinds/Open/Close Percentage,6.058695767195768
2026-06-11T00:46:16.958327,Smart Motorized Blinds__Open/Close Percentage,Smart Motorized Blinds,Open/Close Percentage,0,REJECTION,,schema,REJECTED,Unknown: Smart Motorized Blinds/Open/Close Percentage,6.058695767195768
2026-06-11T00:46:17.911883,Smart Motorized Blinds__Open/Close Percentage,Smart Motorized Blinds,Open/Close Percentage,0,REJECTION,,schema,REJECTED,Unknown: Smart Motorized Blinds/Open/Close Percentage,6.058695767195768
2026-06-11T00:46:18.957877,Smart Motorized Blinds__Open/Close Percentage,Smart Motorized Blinds,Open/Close Percentage,0,REJECTION,,schema,REJECTED,Unknown: Smart Motorized Blinds/Open/Close Percentage,6.058695767195768
2026-06-11T00:46:19.911916,Smart Motorized Blinds__Open/Close Percentage,Smart Motorized Blinds,Open/Close Percentage,0,REJECTION,,schema,REJECTED,Unknown: Smart Motorized Blinds/Open/Close Percentage,6.058695767195768
2026-06-11T00:46:20.875352,Smart Motorized Blinds__Open/Close Percentage,Smart Motorized Blinds,Open/Close Percentage,0,REJECTION,,schema,REJECTED,Unknown: Smart Motorized Blinds/Open/Close Percentage,4.931917989417991
2026-06-11T00:46:21.863393,Smart Motorized Blinds__Open/Close Percentage,Smart Motorized Blinds,Open/Close Percentage,0,REJECTION,,schema,REJECTED,Unknown: Smart Motorized Blinds/Open/Close Percentage,4.931917989417991
2026-06-11T00:46:22.942983,Smart Motorized Blinds__Open/Close Percentage,Smart Motorized Blinds,Open/Close Percentage,0,REJECTION,,schema,REJECTED,Unknown: Smart Motorized Blinds/Open/Close Percentage,4.931917989417991
2026-06-11T00:46:23.821212,Smart Motorized Blinds__Open/Close Percentage,Smart Motorized Blinds,Open/Close Percentage,0,REJECTION,,schema,REJECTED,Unknown: Smart Motorized Blinds/Open/Close Percentage,4.931917989417991
2026-06-11T00:46:24.879715,Smart Motorized Blinds__Open/Close Percentage,Smart Motorized Blinds,Open/Close Percentage,0,REJECTION,,schema,REJECTED,Unknown: Smart Motorized Blinds/Open/Close Percentage,4.93191798941799
2026-06-11T00:46:25.865384,Smart Motorized Blinds__Open/Close Percentage,Smart Motorized Blinds,Open/Close Percentage,0,REJECTION,,schema,REJECTED,Unknown: Smart Motorized Blinds/Open/Close Percentage,4.931917989417991
2026-06-11T00:46:26.881655,Smart Motorized Blinds__Open/Close Percentage,Smart Motorized Blinds,Open/Close Percentage,0,REJECTION,,schema,REJECTED,Unknown: Smart Motorized Blinds/Open/Close Percentage,4.931917989417991
2026-06-11T00:46:27.954652,Smart Motorized Blinds__Open/Close Percentage,Smart Motorized Blinds,Open/Close Percentage,0,REJECTION,,schema,REJECTED,Unknown: Smart Motorized Blinds/Open/Close Percentage,4.931917989417991
2026-06-11T00:46:28.901298,Smart Motorized Blinds__Open/Close Percentage,Smart Motorized Blinds,Open/Close Percentage,0,REJECTION,,schema,REJECTED,Unknown: Smart Motorized Blinds/Open/Close Percentage,4.931917989417991
2026-06-11T00:46:29.970255,Smart Motorized Blinds__Open/Close Percentage,Smart Motorized Blinds,Open/Close Percentage,0,REJECTION,,schema,REJECTED,Unknown: Smart Motorized Blinds/Open/Close Percentage,4.931917989417991
2026-06-11T00:46:30.911117,Smart Motorized Blinds__Open/Close Percentage,Smart Motorized Blinds,Open/Close Percentage,0,REJECTION,,schema,REJECTED,Unknown: Smart Motorized Blinds/Open/Close Percentage,5.8430291005291
2026-06-11T00:46:31.835258,Smart Motorized Blinds__Open/Close Percentage,Smart Motorized Blinds,Open/Close Percentage,0,REJECTION,,schema,REJECTED,Unknown: Smart Motorized Blinds/Open/Close Percentage,5.8430291005291
2026-06-11T00:46:32.966839,Smart Motorized Blinds__Open/Close Percentage,Smart Motorized Blinds,Open/Close Percentage,0,REJECTION,,schema,REJECTED,Unknown: Smart Motorized Blinds/Open/Close Percentage,5.8430291005291
2026-06-11T00:46:33.930188,Smart Motorized Blinds__Open/Close Percentage,Smart Motorized Blinds,Open/Close Percentage,0,REJECTION,,schema,REJECTED,Unknown: Smart Motorized Blinds/Open/Close Percentage,5.8430291005291
2026-06-11T00:46:34.924887,Smart Motorized Blinds__Open/Close Percentage,Smart Motorized Blinds,Open/Close Percentage,0,REJECTION,,schema,REJECTED,Unknown: Smart Motorized Blinds/Open/Close Percentage,5.8430291005291
2026-06-11T00:46:35.933035,Smart Motorized Blinds__Open/Close Percentage,Smart Motorized Blinds,Open/Close Percentage,0,REJECTION,,schema,REJECTED,Unknown: Smart Motorized Blinds/Open/Close Percentage,5.8430291005291
2026-06-11T00:46:36.874437,Smart Motorized Blinds__Open/Close Percentage,Smart Motorized Blinds,Open/Close Percentage,0,REJECTION,,schema,REJECTED,Unknown: Smart Motorized Blinds/Open/Close Percentage,5.8430291005291
2026-06-11T00:46:37.890665,Smart Motorized Blinds__Open/Close Percentage,Smart Motorized Blinds,Open/Close Percentage,0,REJECTION,,schema,REJECTED,Unknown: Smart Motorized Blinds/Open/Close Percentage,5.8430291005291
2026-06-11T00:46:38.870998,Smart Motorized Blinds__Open/Close Percentage,Smart Motorized Blinds,Open/Close Percentage,0,REJECTION,,schema,REJECTED,Unknown: Smart Motorized Blinds/Open/Close Percentage,5.8430291005291
2026-06-11T00:46:39.927715,Smart Motorized Blinds__Open/Close Percentage,Smart Motorized Blinds,Open/Close Percentage,0,REJECTION,,schema,REJECTED,Unknown: Smart Motorized Blinds/Open/Close Percentage,5.8430291005291
2026-06-11T00:46:40.890562,Smart Motorized Blinds__Open/Close Percentage,Smart Motorized Blinds,Open/Close Percentage,0,REJECTION,,schema,REJECTED,Unknown: Smart Motorized Blinds/Open/Close Percentage,5.8430291005291
2026-06-11T00:46:41.874605,Smart Motorized Blinds__Open/Close Percentage,Smart Motorized Blinds,Open/Close Percentage,0,REJECTION,,schema,REJECTED,Unknown: Smart Motorized Blinds/Open/Close Percentage,5.8430291005291
2026-06-11T00:46:42.918733,Smart Motorized Blinds__Open/Close Percentage,Smart Motorized Blinds,Open/Close Percentage,0,REJECTION,,schema,REJECTED,Unknown: Smart Motorized Blinds/Open/Close Percentage,5.8430291005291
2026-06-11T00:46:43.839096,Smart Motorized Blinds__Open/Close Percentage,Smart Motorized Blinds,Open/Close Percentage,0,REJECTION,,schema,REJECTED,Unknown: Smart Motorized Blinds/Open/Close Percentage,5.8430291005291
2026-06-11T00:46:44.745194,Smart Motorized Blinds__Open/Close Percentage,Smart Motorized Blinds,Open/Close Percentage,0,REJECTION,,schema,REJECTED,Unknown: Smart Motorized Blinds/Open/Close Percentage,5.8430291005291
2026-06-11T00:46:45.904817,Smart Motorized Blinds__Open/Close Percentage,Smart Motorized Blinds,Open/Close Percentage,0,REJECTION,,schema,REJECTED,Unknown: Smart Motorized Blinds/Open/Close Percentage,5.8430291005291
2026-06-11T00:46:46.916257,Smart Motorized Blinds__Open/Close Percentage,Smart Motorized Blinds,Open/Close Percentage,0,REJECTION,,schema,REJECTED,Unknown: Smart Motorized Blinds/Open/Close Percentage,5.8430291005291
2026-06-11T00:46:47.910501,Smart Motorized Blinds__Open/Close Percentage,Smart Motorized Blinds,Open/Close Percentage,0,REJECTION,,schema,REJECTED,Unknown: Smart Motorized Blinds/Open/Close Percentage,5.8430291005291
2026-06-11T00:46:48.940417,Smart Motorized Blinds__Open/Close Percentage,Smart Motorized Blinds,Open/Close Percentage,0,REJECTION,,schema,REJECTED,Unknown: Smart Motorized Blinds/Open/Close Percentage,5.8430291005291
2026-06-11T00:46:49.944740,Smart Motorized Blinds__Open/Close Percentage,Smart Motorized Blinds,Open/Close Percentage,0,REJECTION,,schema,REJECTED,Unknown: Smart Motorized Blinds/Open/Close Percentage,5.8430291005291
2026-06-11T00:46:51.015035,Smart Motorized Blinds__Open/Close Percentage,Smart Motorized Blinds,Open/Close Percentage,0,REJECTION,,schema,REJECTED,Unknown: Smart Motorized Blinds/Open/Close Percentage,5.8430291005291
2026-06-11T00:46:51.930618,Smart Motorized Blinds__Open/Close Percentage,Smart Motorized Blinds,Open/Close Percentage,0,REJECTION,,schema,REJECTED,Unknown: Smart Motorized Blinds/Open/Close Percentage,5.8430291005291
2026-06-11T00:46:52.964038,Smart Motorized Blinds__Open/Close Percentage,Smart Motorized Blinds,Open/Close Percentage,0,REJECTION,,schema,REJECTED,Unknown: Smart Motorized Blinds/Open/Close Percentage,5.8430291005291
2026-06-11T00:46:53.899605,Smart Motorized Blinds__Open/Close Percentage,Smart Motorized Blinds,Open/Close Percentage,0,REJECTION,,schema,REJECTED,Unknown: Smart Motorized Blinds/Open/Close Percentage,5.8430291005291
2026-06-11T00:46:54.913702,Smart Motorized Blinds__Open/Close Percentage,Smart Motorized Blinds,Open/Close Percentage,0,REJECTION,,schema,REJECTED,Unknown: Smart Motorized Blinds/Open/Close Percentage,5.8430291005291
2026-06-11T00:46:55.926644,Smart Motorized Blinds__Open/Close Percentage,Smart Motorized Blinds,Open/Close Percentage,0,REJECTION,,schema,REJECTED,Unknown: Smart Motorized Blinds/Open/Close Percentage,63.205343370681575
2026-06-11T00:46:56.912250,Smart Motorized Blinds__Open/Close Percentage,Smart Motorized Blinds,Open/Close Percentage,0,REJECTION,,schema,REJECTED,Unknown: Smart Motorized Blinds/Open/Close Percentage,63.205343370681575
2026-06-11T00:46:57.852647,Smart Motorized Blinds__Open/Close Percentage,Smart Motorized Blinds,Open/Close Percentage,0,REJECTION,,schema,REJECTED,Unknown: Smart Motorized Blinds/Open/Close Percentage,63.20534337068158
2026-06-11T00:46:58.934092,Smart Motorized Blinds__Open/Close Percentage,Smart Motorized Blinds,Open/Close Percentage,0,REJECTION,,schema,REJECTED,Unknown: Smart Motorized Blinds/Open/Close Percentage,63.20534337068158
2026-06-11T00:47:00.074907,Smart Motorized Blinds__Open/Close Percentage,Smart Motorized Blinds,Open/Close Percentage,0,REJECTION,,schema,REJECTED,Unknown: Smart Motorized Blinds/Open/Close Percentage,63.205343370681575
2026-06-11T00:47:00.970700,Smart Motorized Blinds__Open/Close Percentage,Smart Motorized Blinds,Open/Close Percentage,0,REJECTION,,schema,REJECTED,Unknown: Smart Motorized Blinds/Open/Close Percentage,63.205343370681575
2026-06-11T00:47:01.970035,Smart Motorized Blinds__Open/Close Percentage,Smart Motorized Blinds,Open/Close Percentage,0,REJECTION,,schema,REJECTED,Unknown: Smart Motorized Blinds/Open/Close Percentage,63.205343370681575
2026-06-11T00:47:02.885999,Smart Motorized Blinds__Open/Close Percentage,Smart Motorized Blinds,Open/Close Percentage,0,REJECTION,,schema,REJECTED,Unknown: Smart Motorized Blinds/Open/Close Percentage,63.205343370681575
2026-06-11T00:47:03.992030,Smart Motorized Blinds__Open/Close Percentage,Smart Motorized Blinds,Open/Close Percentage,0,REJECTION,,schema,REJECTED,Unknown: Smart Motorized Blinds/Open/Close Percentage,63.205343370681575
2026-06-11T00:47:04.920940,Smart Motorized Blinds__Open/Close Percentage,Smart Motorized Blinds,Open/Close Percentage,0,REJECTION,,schema,REJECTED,Unknown: Smart Motorized Blinds/Open/Close Percentage,63.205343370681575
2026-06-11T00:47:06.000622,Smart Motorized Blinds__Open/Close Percentage,Smart Motorized Blinds,Open/Close Percentage,0,REJECTION,,schema,REJECTED,Unknown: Smart Motorized Blinds/Open/Close Percentage,63.205343370681575
2026-06-11T00:47:06.915547,Smart Motorized Blinds__Open/Close Percentage,Smart Motorized Blinds,Open/Close Percentage,0,REJECTION,,schema,REJECTED,Unknown: Smart Motorized Blinds/Open/Close Percentage,63.205343370681575
2026-06-11T00:47:07.997710,Smart Motorized Blinds__Open/Close Percentage,Smart Motorized Blinds,Open/Close Percentage,0,REJECTION,,schema,REJECTED,Unknown: Smart Motorized Blinds/Open/Close Percentage,63.205343370681575
2026-06-11T00:47:08.922387,Smart Motorized Blinds__Open/Close Percentage,Smart Motorized Blinds,Open/Close Percentage,0,REJECTION,,schema,REJECTED,Unknown: Smart Motorized Blinds/Open/Close Percentage,63.20534337068158
2026-06-11T00:47:09.935763,Smart Motorized Blinds__Open/Close Percentage,Smart Motorized Blinds,Open/Close Percentage,0,REJECTION,,schema,REJECTED,Unknown: Smart Motorized Blinds/Open/Close Percentage,63.205343370681575
2026-06-11T00:47:10.955502,Smart Motorized Blinds__Open/Close Percentage,Smart Motorized Blinds,Open/Close Percentage,0,REJECTION,,schema,REJECTED,Unknown: Smart Motorized Blinds/Open/Close Percentage,63.2053433706816
2026-06-11T00:47:11.901773,Smart Motorized Blinds__Open/Close Percentage,Smart Motorized Blinds,Open/Close Percentage,0,REJECTION,,schema,REJECTED,Unknown: Smart Motorized Blinds/Open/Close Percentage,63.205343370681575
2026-06-11T00:47:12.997940,Smart Motorized Blinds__Open/Close Percentage,Smart Motorized Blinds,Open/Close Percentage,0,REJECTION,,schema,REJECTED,Unknown: Smart Motorized Blinds/Open/Close Percentage,63.20534337068158
2026-06-11T00:47:14.023441,Smart Motorized Blinds__Open/Close Percentage,Smart Motorized Blinds,Open/Close Percentage,0,REJECTION,,schema,REJECTED,Unknown: Smart Motorized Blinds/Open/Close Percentage,63.20534337068158
2026-06-11T00:47:14.946416,Smart Motorized Blinds__Open/Close Percentage,Smart Motorized Blinds,Open/Close Percentage,0,REJECTION,,schema,REJECTED,Unknown: Smart Motorized Blinds/Open/Close Percentage,63.205343370681575
2026-06-11T00:47:15.800841,Smart Motorized Blinds__Open/Close Percentage,Smart Motorized Blinds,Open/Close Percentage,0,REJECTION,,schema,REJECTED,Unknown: Smart Motorized Blinds/Open/Close Percentage,63.20534337068158
2026-06-11T00:47:16.891947,Smart Motorized Blinds__Open/Close Percentage,Smart Motorized Blinds,Open/Close Percentage,0,REJECTION,,schema,REJECTED,Unknown: Smart Motorized Blinds/Open/Close Percentage,63.205343370681575
2026-06-11T00:47:17.963099,Smart Motorized Blinds__Open/Close Percentage,Smart Motorized Blinds,Open/Close Percentage,0,REJECTION,,schema,REJECTED,Unknown: Smart Motorized Blinds/Open/Close Percentage,63.205343370681575
2026-06-11T00:47:18.992823,Smart Motorized Blinds__Open/Close Percentage,Smart Motorized Blinds,Open/Close Percentage,0,REJECTION,,schema,REJECTED,Unknown: Smart Motorized Blinds/Open/Close Percentage,63.205343370681575
2026-06-11T00:47:19.903600,Smart Motorized Blinds__Open/Close Percentage,Smart Motorized Blinds,Open/Close Percentage,0,REJECTION,,schema,REJECTED,Unknown: Smart Motorized Blinds/Open/Close Percentage,63.205343370681575
2026-06-11T00:47:21.192513,Smart Motorized Blinds__Open/Close Percentage,Smart Motorized Blinds,Open/Close Percentage,0,REJECTION,,schema,REJECTED,Unknown: Smart Motorized Blinds/Open/Close Percentage,66.40081956115777
2026-06-11T00:47:22.001515,Smart Motorized Blinds__Open/Close Percentage,Smart Motorized Blinds,Open/Close Percentage,0,REJECTION,,schema,REJECTED,Unknown: Smart Motorized Blinds/Open/Close Percentage,66.40081956115777
2026-06-11T00:48:25.524794,Smart Motorized Blinds__Open/Close Percentage,Smart Motorized Blinds,Open/Close Percentage,0,REJECTION,,schema,REJECTED,Unknown: Smart Motorized Blinds/Open/Close Percentage,66.40081956115777
2026-06-11T00:48:26.436533,Smart Motorized Blinds__Open/Close Percentage,Smart Motorized Blinds,Open/Close Percentage,0,REJECTION,,schema,REJECTED,Unknown: Smart Motorized Blinds/Open/Close Percentage,66.40081956115777
2026-06-11T00:48:27.378915,Smart Motorized Blinds__Open/Close Percentage,Smart Motorized Blinds,Open/Close Percentage,0,REJECTION,,schema,REJECTED,Unknown: Smart Motorized Blinds/Open/Close Percentage,66.40081956115777
2026-06-11T00:48:28.470193,Smart Motorized Blinds__Open/Close Percentage,Smart Motorized Blinds,Open/Close Percentage,0,REJECTION,,schema,REJECTED,Unknown: Smart Motorized Blinds/Open/Close Percentage,66.40081956115777
2026-06-11T00:48:29.458233,Smart Motorized Blinds__Open/Close Percentage,Smart Motorized Blinds,Open/Close Percentage,0,REJECTION,,schema,REJECTED,Unknown: Smart Motorized Blinds/Open/Close Percentage,66.40081956115777
2026-06-11T00:48:30.346176,Smart Motorized Blinds__Open/Close Percentage,Smart Motorized Blinds,Open/Close Percentage,0,REJECTION,,schema,REJECTED,Unknown: Smart Motorized Blinds/Open/Close Percentage,66.40081956115777
2026-06-11T00:48:31.393883,Smart Motorized Blinds__Open/Close Percentage,Smart Motorized Blinds,Open/Close Percentage,0,REJECTION,,schema,REJECTED,Unknown: Smart Motorized Blinds/Open/Close Percentage,66.40081956115777
2026-06-11T00:48:32.485967,Smart Motorized Blinds__Open/Close Percentage,Smart Motorized Blinds,Open/Close Percentage,0,REJECTION,,schema,REJECTED,Unknown: Smart Motorized Blinds/Open/Close Percentage,66.40081956115777
2026-06-11T00:48:33.358041,Smart Motorized Blinds__Open/Close Percentage,Smart Motorized Blinds,Open/Close Percentage,0,REJECTION,,schema,REJECTED,Unknown: Smart Motorized Blinds/Open/Close Percentage,56.61507936507935
2026-06-11T00:48:34.345773,Smart Motorized Blinds__Open/Close Percentage,Smart Motorized Blinds,Open/Close Percentage,0,REJECTION,,schema,REJECTED,Unknown: Smart Motorized Blinds/Open/Close Percentage,66.40081956115777
2026-06-11T00:48:35.153844,Smart Motorized Blinds__Open/Close Percentage,Smart Motorized Blinds,Open/Close Percentage,0,REJECTION,,schema,REJECTED,Unknown: Smart Motorized Blinds/Open/Close Percentage,66.40081956115777
2026-06-11T00:49:03.975344,Smart Motorized Blinds__Open/Close Percentage,Smart Motorized Blinds,Open/Close Percentage,0,REJECTION,,schema,REJECTED,Unknown: Smart Motorized Blinds/Open/Close Percentage,66.40081956115777
2026-06-11T00:49:04.907698,Smart Motorized Blinds__Open/Close Percentage,Smart Motorized Blinds,Open/Close Percentage,0,REJECTION,,schema,REJECTED,Unknown: Smart Motorized Blinds/Open/Close Percentage,66.40081956115777
2026-06-11T00:49:12.238218,Smart Motorized Blinds__Open/Close Percentage,Smart Motorized Blinds,Open/Close Percentage,0,REJECTION,,schema,REJECTED,Unknown: Smart Motorized Blinds/Open/Close Percentage,66.40081956115777
2026-06-11T00:49:13.105342,Smart Motorized Blinds__Open/Close Percentage,Smart Motorized Blinds,Open/Close Percentage,0,REJECTION,,schema,REJECTED,Unknown: Smart Motorized Blinds/Open/Close Percentage,66.40081956115777
2026-06-11T00:49:14.372177,Smart Motorized Blinds__Open/Close Percentage,Smart Motorized Blinds,Open/Close Percentage,0,REJECTION,,schema,REJECTED,Unknown: Smart Motorized Blinds/Open/Close Percentage,66.40081956115777
2026-06-11T00:49:15.281046,Smart Motorized Blinds__Open/Close Percentage,Smart Motorized Blinds,Open/Close Percentage,0,REJECTION,,schema,REJECTED,Unknown: Smart Motorized Blinds/Open/Close Percentage,66.40081956115777
2026-06-11T01:28:15.206183,Smart Motorized Blinds__Open/Close Percentage,Smart Motorized Blinds,Open/Close Percentage,0,REJECTION,,schema,REJECTED,Unknown: Smart Motorized Blinds/Open/Close Percentage,57.019206349206335
2026-06-11T01:28:29.444410,Smart Motorized Blinds__Open/Close Percentage,Smart Motorized Blinds,Open/Close Percentage,0,REJECTION,,schema,REJECTED,Unknown: Smart Motorized Blinds/Open/Close Percentage,66.40081956115777
2026-06-11T01:28:30.463634,Smart Motorized Blinds__Open/Close Percentage,Smart Motorized Blinds,Open/Close Percentage,0,REJECTION,,schema,REJECTED,Unknown: Smart Motorized Blinds/Open/Close Percentage,66.40081956115777
2026-06-11T01:28:43.396829,Smart Motorized Blinds__Open/Close Percentage,Smart Motorized Blinds,Open/Close Percentage,0,REJECTION,,schema,REJECTED,Unknown: Smart Motorized Blinds/Open/Close Percentage,66.40081956115777
2026-06-11T01:28:44.370348,Smart Motorized Blinds__Open/Close Percentage,Smart Motorized Blinds,Open/Close Percentage,0,REJECTION,,schema,REJECTED,Unknown: Smart Motorized Blinds/Open/Close Percentage,66.40081956115777
2026-06-11T01:28:45.268399,Smart Motorized Blinds__Open/Close Percentage,Smart Motorized Blinds,Open/Close Percentage,0,REJECTION,,schema,REJECTED,Unknown: Smart Motorized Blinds/Open/Close Percentage,66.40081956115776
2026-06-11T01:28:46.310874,Smart Motorized Blinds__Open/Close Percentage,Smart Motorized Blinds,Open/Close Percentage,0,REJECTION,,schema,REJECTED,Unknown: Smart Motorized Blinds/Open/Close Percentage,66.40081956115777
2026-06-11T01:28:47.275136,Smart Motorized Blinds__Open/Close Percentage,Smart Motorized Blinds,Open/Close Percentage,0,REJECTION,,schema,REJECTED,Unknown: Smart Motorized Blinds/Open/Close Percentage,66.40081956115776
2026-06-11T01:28:48.391856,Smart Motorized Blinds__Open/Close Percentage,Smart Motorized Blinds,Open/Close Percentage,0,REJECTION,,schema,REJECTED,Unknown: Smart Motorized Blinds/Open/Close Percentage,66.40081956115776
